rank,track,artist,billed_artist_count,is_collaboration,spotify_streams_total,daily_streams,daily_streams_rank,daily_stream_share_pct,wrapped_global_top10_rank,dz_match_score,dz_artist_match,dz_track_id,dz_title,dz_artist,isrc,release_date,duration_sec,explicit,loudness_gain_db,bpm,dz_popularity_rank,album_type,album_tracks,label,genre,genres_all,af_danceability,af_energy,af_valence,af_acousticness,af_instrumentalness,af_liveness,af_speechiness,af_tempo,af_loudness,af_key,af_mode,spotify_track_id,artist_country,artist_type,artist_begin_year,artist_tags,mb_first_release,original_release_date,date_source,release_year,days_since_release,momentum,log_velocity,log_age,genre_g,region,collab,is_group,duration_min,artist_songs_in_list,log_artist_songs,z_danceability,z_energy,z_valence,z_acousticness,z_speechiness,z_tempo,resid,vs_expected_pct
1,Ordinary,Alex Warren,1,False,1948570210,2333502,11,0.1198,4.0,1.0,True,3210709941.0,Ordinary,Alex Warren,USAT22500463,2025-02-07,186.0,0,-6.8,,990241.0,single,1.0,Atlantic Records,Pop,Pop,0.368,0.694,0.391,0.704,6.59e-06,0.055,0.06,168.115,-6.141,2.0,1.0,303GR2WugkKRu2rE3sEXMe,US,Person,2000.0,pop|indie pop|folk|singer-songwriter|indie folk,2024-09-27,2024-09-27,musicbrainz,2024.0,656.0,-10,-2.121931593300788,6.486160788944089,Pop,US,0,0,3.1,4,1.3862943611198906,-1.8133358703017026,0.16225656949117162,-0.6373114808692751,1.5898070167763405,-0.27290637561622677,1.6803705190333198,0.3206467964534747,37.801877380973245
2,DtMF,Bad Bunny,1,False,1912497312,3017476,3,0.1578,5.0,1.0,True,3171003131.0,DtMF,Bad Bunny,QMFMF2447070,2025-01-05,237.0,1,-8.4,,981279.0,album,17.0,Rimas Entertainment LLC.,Latin Music,Latin Music,0.625,0.131,0.032,0.177,0.218,0.0807,0.0717,136.02,-27.405,7.0,0.0,3sK8wGT43QFpWrvNQsrQya,PR,Person,1994.0,reggaeton|trap latino|latin|latin trap|hip hop,2025-01-05,2025-01-05,deezer,2025.0,556.0,-1,-1.8464268705703633,6.320768294250582,Latin Music,Latin America (other),0,0,3.95,15,2.70805020110221,-0.17047475029209297,-2.834279798406186,-2.138738647495138,-0.42787200372027373,-0.136375204357004,0.4674703708153088,0.4228328090000104,52.62790945052838
3,Golden,HUNTR/X,1,False,1759912501,2286960,14,0.1299,7.0,1.0,True,3412534581.0,Golden,HUNTR/X,QZ8BZ2513510,2025-06-20,192.0,0,-7.4,,979012.0,album,12.0,K-Pop Demon Hunters,Asian Music,Asian Music,0.722,0.68,0.104,0.0984,0.0,0.187,0.0537,122.823,-4.489,4.0,0.0,64CfsZTgVJgOnj1jhEDuNM,US,Group,2025.0,k-pop|fictional group,2025-07-25,2025-06-20,deezer,2025.0,390.0,-11,-2.0409903553055835,5.966146739123692,Asian Music,US,0,1,3.2,4,1.3862943611198906,0.44959345453643657,0.08774234364647762,-1.8376167644949652,-0.7288009809708125,-0.3464231601404236,-0.03125663513680561,-0.21796236408189862,-19.584429376466073
4,BAILE INoLVIDABLE,Bad Bunny,1,False,1553054400,2624716,7,0.169,,1.0,True,3171003001.0,BAILE INoLVIDABLE,Bad Bunny,QMFMF2447057,2025-01-05,367.0,1,-8.4,,971935.0,album,17.0,Rimas Entertainment LLC.,Latin Music,Latin Music,0.168,0.00332,0.219,0.192,0.79,0.112,0.0615,119.387,-46.113,10.0,1.0,2lTm559tuIvatlT1u0JYG2,PR,Person,1994.0,reggaeton|trap latino|latin|latin trap|hip hop,2025-01-05,2025-01-05,deezer,2025.0,556.0,-3,-1.7778565640590636,6.320768294250582,Latin Music,Latin America (other),0,0,6.116666666666666,15,2.70805020110221,-3.091827014278052,-3.5138495381098003,-1.3566582013696888,-0.37044280958849146,-0.2554023793009418,-0.16110629736696847,0.4914031155113101,63.46081557122496
5,The Fate of Ophelia,Taylor Swift,1,False,1425834222,3046797,2,0.2137,,1.0,True,3579685431.0,The Fate of Ophelia,Taylor Swift,USUG12506436,2025-10-03,226.0,0,-8.5,,999852.0,album,12.0,Taylor Swift,Pop,Pop,0.728,0.606,0.536,0.281,0.0,0.101,0.0283,123.966,-5.211,5.0,1.0,31TXxq8gfgYyrYClnYY48m,US,Person,1989.0,pop|country|country pop|singer/songwriter|female vocals,2025-10-03,2025-10-03,deezer,2025.0,285.0,3,-1.5431821166570352,5.652489180268651,Pop,US,0,0,3.7666666666666666,11,2.3978952727983707,0.4879481888557271,-0.30611856438976515,-0.03088546649392652,-0.02969625773991705,-0.6428241644125823,0.011938406751749845,-0.15077416502125152,-13.995809572565577
6,NUEVAYoL,Bad Bunny,1,False,1304961163,2331822,12,0.1787,,1.0,True,3171002981.0,NUEVAYoL,Bad Bunny,QMFMF2447055,2025-01-05,183.0,0,-8.0,,977729.0,album,17.0,Rimas Entertainment LLC.,Latin Music,Latin Music,0.142,0.195,0.12,0.265,0.995,0.204,0.139,137.922,-20.024,6.0,1.0,5TFD2bmFKGhoCRbX61nXY5,PR,Person,1994.0,reggaeton|trap latino|latin|latin trap|hip hop,2025-01-05,2025-01-05,deezer,2025.0,556.0,-6,-1.7220468568167546,6.320768294250582,Latin Music,Latin America (other),0,0,3.05,15,2.70805020110221,-3.258030862994978,-2.4936433374018683,-1.7707007904949268,-0.09095406481381811,0.6489707636554481,0.5393487344828782,0.547212822753619,72.84288605075682
7,Man I Need,Olivia Dean,1,False,1163100298,3075070,1,0.2644,,1.0,True,3503857201.0,Man I Need,Olivia Dean,GBUM72503089,2025-08-15,184.0,0,-8.7,,991622.0,single,1.0,PLG - Capitol,Pop,Pop,0.572,0.58,0.716,0.462,0.000268,0.0999,0.132,119.009,-7.285,1.0,1.0,0mYXRQpTGjaLJt1l9MY4ps,GB,Person,1999.0,neo soul|pop soul|pop|female vocals|indie pop,2025-08-15,2025-08-15,deezer,2025.0,334.0,6,-1.3302921710046058,5.811140992976701,Pop,UK/Europe,0,0,3.066666666666667,9,2.1972245773362196,-0.5092749034458259,-0.4445021266727694,0.721919241006506,0.6632826847835881,0.5672854475174516,-0.17539127184979783,0.27939997402714134,32.23361382209251
8,EoO,Bad Bunny,1,False,1134697302,1852754,20,0.1633,,1.0,True,3171003121.0,EoO,Bad Bunny,QMFMF2447069,2025-01-05,204.0,1,-8.1,,979885.0,album,17.0,Rimas Entertainment LLC.,Latin Music,Latin Music,0.36,0.464,0.184,0.749,0.859,0.0825,0.0702,63.662,-29.598,10.0,0.0,6J5kc12BW5HuP3d7C3vvx8,PR,Person,1994.0,reggaeton|trap latino|latin|latin trap|hip hop,2025-01-05,2025-01-05,deezer,2025.0,556.0,-12,-1.8121662790057176,6.320768294250582,Latin Music,Latin America (other),0,0,3.4,15,2.70805020110221,-1.8644755160607567,-1.061905712243095,-1.503036894494773,1.7620945991716872,-0.153879200672289,-2.2670063054507406,0.4570934005646561,57.94764013479903
9,La Plena,W Sound,1,False,1122378160,1440291,31,0.1283,,0.94,True,3241972661.0,La Plena (W Sound 05),W Sound,USWL12500595,2025-02-20,150.0,1,-8.5,,896219.0,single,1.0,WEA Latina,Rap/Hip Hop,Rap/Hip Hop|Latin Music,0.894,0.643,0.659,0.543,0.000984,0.101,0.132,99.039,-3.485,5.0,1.0,7n1u6oUKlSmNt8XCpl9Djz,CO,Group,,,2025-02-19,2025-02-19,musicbrainz,2025.0,511.0,-22,-2.0533840073605463,6.236369590203704,Rap/Hip Hop,Latin America (other),0,1,2.5,1,0.0,1.5490958383560978,-0.10918811037164376,0.48353108363136915,0.973400333095212,0.5672854475174516,-0.9300762994214968,0.11837406762664937,12.566510749708515
10,VOY A LLeVARTE PA PR,Bad Bunny,1,False,983744897,1286871,34,0.1308,,1.0,True,3171002991.0,VOY A LLeVARTE PA PR,Bad Bunny,QMFMF2447056,2025-01-05,156.0,1,-6.5,,888323.0,album,17.0,Rimas Entertainment LLC.,Latin Music,Latin Music,0.148,0.604,1e-05,0.921,0.453,0.405,0.0588,106.295,-35.032,7.0,1.0,59D4DOkspUbWyMmbAPQkxZ,PR,Person,1994.0,reggaeton|trap latino|latin|latin trap|hip hop,2025-01-05,2025-01-05,deezer,2025.0,556.0,-24,-2.034085839959039,6.320768294250582,Latin Music,Latin America (other),0,0,2.6,15,2.70805020110221,-3.219676128675687,-0.3167634537961501,-2.2725287730114654,2.4206160252161233,-0.28690957266845474,-0.6558652548516296,0.23517383961133476,26.512867909563443
11,Manchild,Sabrina Carpenter,1,False,981082452,1976118,19,0.2014,,1.0,True,3400077541.0,Manchild,Sabrina Carpenter,USUM72504354,2025-06-06,213.0,1,-7.5,,908720.0,single,1.0,Island Records,Pop,Pop,0.73,0.686,0.839,0.0987,0.0,0.317,0.0615,123.014,-5.107,7.0,1.0,2BwO5K8Q7EPAJSGze3AAh9,US,Person,1999.0,pop|electropop|dance-pop|2020s|american,2025-06-05,2025-06-05,musicbrainz,2025.0,405.0,-8,-1.602462298697675,6.003887067106539,Pop,US,0,0,3.55,14,2.6390573296152584,0.5007331002954906,0.11967701186563244,1.2363357911318016,-0.7276523970881768,-0.2554023793009418,-0.024038566019820313,0.27168707305688944,31.217632173292497
12,Clean Baby Sleep White Noise (Loopable no fade),Dream Supplier,1,False,960025082,2763626,5,0.2879,,1.0,True,3958450291.0,Clean Baby Sleep White Noise (Loopable no fade),Dream Supplier,NLC8M2000480,2020-12-07,142.0,0,-13.7,,179819.0,album,28.0,Dream Supplier,Pop,Pop,0.157,0.00396,1e-05,0.905,1.0,0.111,0.174,75.103,-26.71,10.0,0.0,1DSyUXM2EkP4axbPtLy6Dn,,,,,2020-12-07,2020-12-07,deezer,2020.0,2046.0,7,-1.2451420813640068,7.6236419465115715,Pop,Unknown,0,0,2.3666666666666667,1,0.0,-3.1621440271967516,-3.510443173499757,-2.2725287730114654,2.3593582181422224,1.0573973443454303,-1.8346401862495485,1.8461172476030352,533.5173795696554
13,undressed,sombr,1,False,945060981,1355653,32,0.1434,,1.0,True,3278008371.0,undressed,sombr,USWB12500737,2025-03-21,182.0,0,-6.7,,920249.0,single,1.0,Warner Records,Alternative,Alternative|Indie Rock,0.642,0.887,0.888,0.137,0.0,0.0829,0.0406,115.999,-3.883,0.0,1.0,0TFTAtCYhp2tQ9KcJIZb55,US,Person,2005.0,indie pop|pop rock|2020s|gen z,2025-03-21,2025-03-21,deezer,2025.0,481.0,-19,-1.942117350816617,6.175867270105761,Alternative,US,0,0,3.033333333333333,3,1.0986122886681098,-0.06180300305410313,1.1894883972073178,1.4412659615069197,-0.5810165214050261,-0.49929139462724564,-0.2891419945834392,0.15588835524115185,16.869571705446628
14,Don’t Say You Love Me,Jin,1,False,944886547,914780,58,0.0968,,1.0,True,3366124711.0,Don’t Say You Love Me,Jin,USA2P2509874,2025-05-16,180.0,0,-7.1,,621369.0,ep,7.0,BIGHIT MUSIC,Asian Music,Asian Music,,,,,,,,,,,,,US,Person,1982.0,hip-hop|rap|american|hip hop|usa,2025-05-16,2025-05-16,deezer,2025.0,425.0,-44,-2.3351082846996056,6.052089168924417,Asian Music,US,0,0,3.0,1,0.0,,,,,,,-0.39651566109093217,-32.73402579666429
15,VeLDÁ,Bad Bunny,1,False,896447955,1197282,36,0.1336,,1.0,True,3171003031.0,VeLDÁ,Bad Bunny,QMFMF2447060,2025-01-05,235.0,1,-7.1,,822286.0,album,17.0,Rimas Entertainment LLC.,Latin Music,Latin Music,0.613,0.981,0.0337,0.29,0.0023,0.437,0.149,101.852,-18.638,1.0,1.0,7d6yK8v8J484SWH5prIQiE,PR,Person,1994.0,reggaeton|trap latino|latin|latin trap|hip hop,2025-01-05,2025-01-05,deezer,2025.0,556.0,-21,-2.0129050178795915,6.320768294250582,Latin Music,Latin America (other),0,0,3.9166666666666665,15,2.70805020110221,-0.24718421893067402,1.6897981993074094,-2.1316288252576343,0.004761258739152083,0.7656640724240144,-0.8237703914315523,0.25635466169078214,29.221094439737616
16,like JENNIE,JENNIE,1,False,863266315,962240,52,0.1115,,1.0,True,3262816591.0,like JENNIE,JENNIE,USQX92500261,2025-03-07,123.0,1,-8.0,,832011.0,album,15.0,OA Entertainment/Columbia,Asian Music,Asian Music|Pop,0.798,0.695,0.783,0.153,9.55e-06,0.104,0.0771,130.045,-5.269,10.0,0.0,0PEKVfePLFsfEkVZaCx5iX,KR,Person,1996.0,k-pop|pop|hip hop|rock|dance,2025-03-07,2025-03-07,deezer,2025.0,495.0,-36,-2.1937306880819634,6.20455776256869,Asian Music,Asia,0,0,2.05,7,1.9459101490553132,0.9354200892474499,0.16757901419436408,1.0021298821316673,-0.5197587143311252,-0.07336081762197813,0.24166951754836244,-0.06035777414522858,-5.857234514991694
17,Sports car,Tate McRae,1,False,857317165,801308,73,0.0935,,1.0,True,3196460531.0,Sports car,Tate McRae,USRC12403580,2025-01-24,165.0,0,-7.6,,885662.0,single,1.0,RCA Records Label,Pop,Pop,0.86,0.815,0.887,0.0487,0.00114,0.1,0.0345,106.983,-3.673,11.0,0.0,0vRZm4RiCqucc89v3AVbbI,CA,Person,2003.0,pop|dance-pop|2020s|female vocals|pop rock,2025-01-21,2025-01-21,musicbrainz,2025.0,540.0,-56,-2.369793842687496,6.29156913955832,Pop,Canada,0,0,2.75,10,2.302585092994046,1.331752343880118,0.8062723785774599,1.4370837131319172,-0.9190830441941175,-0.5704743129760711,-0.6298650896553687,-0.13355970711934262,-12.50247748322224
18,So Easy (To Fall In Love),Olivia Dean,1,False,847224271,2534851,9,0.2992,,1.0,True,3562948071.0,So Easy (To Fall In Love),Olivia Dean,GBUM72503087,2025-09-26,169.0,0,-8.6,,989620.0,album,12.0,PLG - Capitol,Pop,Pop,0.749,0.633,0.572,0.665,0.0,0.0817,0.0373,139.898,-5.917,3.0,1.0,6sGIMrtIzQjdzNndVxe397,GB,Person,1999.0,neo soul|pop soul|pop|female vocals|indie pop,2025-09-26,2025-09-26,deezer,2025.0,292.0,9,-1.2066430328818147,5.676753802268282,Pop,UK/Europe,0,0,2.816666666666667,9,2.1972245773362196,0.6221897589732439,-0.16241255740356847,0.11967547500615969,1.4404911120337072,-0.5378001865208725,0.6140236275465576,0.2185660145569701,24.42911552453195
19,Gabriela,KATSEYE,1,False,839510868,1450285,30,0.1728,,1.0,True,3412611901.0,Gabriela,KATSEYE,USUM72503465,2025-06-20,196.0,0,-8.3,,991587.0,single,1.0,HYBE/Geffen,Pop,Pop,0.66,0.773,0.602,0.192,0.0,0.369,0.0677,145.906,-4.543,7.0,1.0,4wAaJ2QDQQk82OYCOOJixW,US,Group,2023.0,pop|girl group|dance-pop|2020s|electronic,2025-06-20,2025-06-20,deezer,2025.0,390.0,-11,-1.7556204226121817,5.966146739123692,Pop,US,0,1,3.2666666666666666,3,1.0986122886681098,0.053261199903768465,0.5827297010433767,0.24514292625623194,-0.37044280958849146,-0.18305252786443063,0.8410715817604171,0.06740756861150321,6.973137827149101
20,WHERE IS MY HUSBAND!,RAYE,1,False,833325921,2444119,10,0.2933,,1.0,True,3548216281.0,WHERE IS MY HUSBAND!,RAYE,QMFME2535037,2025-09-19,197.0,0,-8.0,,991846.0,single,1.0,Human Re Sources,Pop,Pop,0.39,0.781,0.628,0.0599,0.0,0.14,0.0918,115.939,-7.04,8.0,1.0,55lijDD6OAjLFFUHU9tcDm,GB,Person,1997.0,pop|dance|dance-pop|r&b|contemporary r&b,2025-09-19,2025-09-19,deezer,2025.0,299.0,10,-1.2265593029987316,5.700443573390687,Pop,UK/Europe,0,0,3.283333333333333,1,0.0,-1.672701844464304,0.6253092586689165,0.35388138400629454,-0.8762025792423866,0.09817834626781456,-0.29140945085055503,0.23087195954261652,25.969793682282493
21,DAISIES,Justin Bieber,1,False,830599247,2317392,13,0.279,,1.0,True,4115974061.0,DAISIES,Justin Bieber,USUG12605929,2026-06-26,258.0,0,-8.3,,468030.0,album,22.0,Justin Bieber - Coachella Live,Pop,Pop,0.655,0.601,0.429,0.491,1.73e-05,0.79,0.0521,110.171,-7.151,1.0,1.0,02MhLlbBNdj0E07hCUsCov,CA,Person,1994.0,pop|teen pop|2010s|dance-pop|2020s,2025-07-11,2025-07-11,musicbrainz,2025.0,369.0,8,-1.2765434971607714,5.910796644040527,Pop,Canada,0,0,4.3,4,1.3862943611198906,0.021298921304359685,-0.3327307879057275,-0.47838604261918394,0.7743124601050335,-0.3650940895433942,-0.5093875799959506,0.47073184721409667,60.11655730935041
22,Abracadabra,Lady Gaga,1,False,801798555,638803,102,0.0797,,1.0,True,3214169391.0,Abracadabra,Lady Gaga,USUM72412581,2025-02-03,223.0,0,-6.7,,929186.0,single,1.0,Interscope Records,Pop,Pop,0.684,0.885,0.624,0.0129,0.0,0.257,0.0665,126.009,-3.441,10.0,0.0,4vcDr56fq4Jjxpegx3XPnv,US,Person,1986.0,pop|dance-pop|electropop|pop rock|synth-pop,2025-02-03,2025-02-03,deezer,2025.0,527.0,-80,-2.529485693185968,6.267200548541362,Pop,US,0,0,3.716666666666667,5,1.6094379124341003,0.2066801371809306,1.1788435078009327,0.33715239050628487,-1.056147387521971,-0.19705572491665851,0.08914529264704207,-0.3213841064093055,-27.485533522322314
23,No Broke Boys,Disco Lines,1,False,761482483,1639517,25,0.2153,,1.0,True,3410229851.0,No Broke Boys,Disco Lines,USAT22504362,2025-06-06,163.0,1,-10.5,,946199.0,single,1.0,Nice Life/Atlantic,Dance,Dance,0.767,0.834,0.962,0.34,0.111,0.0901,0.0315,130.999,-7.415,1.0,0.0,4c4m7gQe2lZgIY0tvS2aRB,US,Person,1999.0,,2025-06-06,2025-06-06,deezer,2025.0,404.0,-2,-1.5357228746118197,6.0014148779611505,Dance,US,0,0,2.716666666666667,1,0.0,0.7372539619311156,0.9073988279381168,1.7507523412570973,0.19619190584509288,-0.6054823056066411,0.2777220721955035,0.33509396245119816,39.80717452990521
24,Soda Pop,Saja Boys,1,False,760211482,690317,92,0.0908,,1.0,True,3412534561.0,Soda Pop,Saja Boys,QZ8BZ2513509,2025-06-20,150.0,0,-7.4,,855049.0,album,12.0,K-Pop Demon Hunters,Asian Music,Asian Music,0.845,0.868,0.702,0.0707,0.0,0.0687,0.0481,125.978,-3.533,0.0,1.0,4K8wTS6UZD7lQE8H7BpoXc,,Group,,fictional group,,2025-06-20,deezer,2025.0,390.0,-68,-2.3990959933748894,5.966146739123692,Asian Music,Unknown,0,1,2.5,2,0.6931471805599453,1.2358655080818917,1.0883619478466608,0.6633677637564722,-0.8348535594675035,-0.4117714130508208,0.0879737735756987,-0.5760680021512046,-43.789578039900825
25,Opalite,Taylor Swift,1,False,755870394,1570535,27,0.2078,,1.0,True,3579685451.0,Opalite,Taylor Swift,USUG12506438,2025-10-03,235.0,0,-8.4,,968567.0,album,12.0,Taylor Swift,Pop,Pop,0.806,0.821,0.774,0.0809,0.0,0.0707,0.0373,124.997,-5.097,4.0,0.0,3euZKF0hmGxQ6h2JHHY4iu,US,Person,1989.0,pop|country|country pop|singer/songwriter|female vocals,2025-10-03,2025-10-03,deezer,2025.0,285.0,-2,-1.57117920031701,5.652489180268651,Pop,US,0,0,3.9166666666666665,11,2.3978952727983707,0.986559735006504,0.8382070467966147,0.9644896467566456,-0.7958017074578916,-0.5378001865208725,0.05090086360835606,-0.1787712486812263,-16.370281839864877
26,Your Idol,Saja Boys,1,False,736752555,543611,132,0.0738,,1.0,True,3412534611.0,Your Idol,Saja Boys,QZ8BZ2513512,2025-06-20,191.0,0,-7.4,,814735.0,album,12.0,K-Pop Demon Hunters,Asian Music,Asian Music,0.685,0.841,0.327,0.129,0.0,0.14,0.0623,90.013,-3.814,11.0,0.0,4yzEsx3feOL3mc1PK4ngVj,,Group,,fictional group,2025-06-19,2025-06-19,musicbrainz,2025.0,391.0,-106,-2.6063965473757102,5.968707559985366,Asian Music,Unknown,0,1,3.183333333333333,2,0.6931471805599453,0.21307259290081235,0.9446559408604641,-0.9049753768694291,-0.6116454249419767,-0.24606691459945645,-1.271177303871279,-0.779884186448881,-54.15408959923851
27,TU SANCHO,Fuerza Regida,1,False,678620909,2125598,16,0.3132,,1.0,True,3345439201.0,TU SANCHO,Fuerza Regida,QZ9QQ2500157,2025-05-02,178.0,1,-8.4,,670715.0,album,12.0,Rancho Humilde/Street Mob Records/Sony Music Latin,,,0.689,0.84,0.631,0.576,0.0,0.126,0.0457,120.012,-6.423,8.0,1.0,6eLQXa6uk2EW8drsiKbABZ,MX,Group,2015.0,regional mexicano,2025-05-02,2025-05-02,deezer,2025.0,439.0,11,-1.160913314865489,6.0844994130751715,Other,Mexico,0,1,2.966666666666667,9,2.1972245773362196,0.23864241578033865,0.9393334961572717,0.36642812913130174,1.0997445601851326,-0.43977780715527676,-0.1374869612511792,0.8203560205925915,127.13083261408
28,Marlboro Rojo,Fuerza Regida,1,False,674740134,1562264,28,0.2315,,1.0,True,3345439211.0,Marlboro Rojo,Fuerza Regida,QZ9QQ2500158,2025-05-02,184.0,1,-8.3,,670796.0,album,12.0,Rancho Humilde/Street Mob Records/Sony Music Latin,,,0.773,0.645,0.923,0.342,3.38e-06,0.32,0.0349,114.996,-6.376,4.0,0.0,3hpm0fTeSqlhJbnqAgaLZs,MX,Group,2015.0,regional mexicano,2025-05-02,2025-05-02,deezer,2025.0,439.0,0,-1.4631754054558483,6.0844994130751715,Other,Mexico,0,1,3.066666666666667,9,2.1972245773362196,0.7756086962504061,-0.09854322096525883,1.5876446546320038,0.20384913172933053,-0.5658065806253284,-0.32704630518205785,0.5180939300022323,67.8824640809691
29,12 to 12,sombr,1,False,673035539,1772502,21,0.2634,,1.0,True,3471224101.0,12 to 12,sombr,USWB12502453,2025-07-24,242.0,0,-5.7,,959353.0,single,1.0,Warner Records,Alternative,Alternative|Indie Rock,0.659,0.898,0.511,0.0134,5.02e-06,0.0971,0.0526,123.992,-2.578,11.0,0.0,05od2qm2MTSKCHxy1GBp5W,US,Person,2005.0,indie pop|pop rock|2020s|gen z,2025-07-24,2025-07-24,deezer,2025.0,356.0,8,-1.3340814896729563,5.87493073085203,Alternative,US,0,0,4.033333333333333,3,1.0986122886681098,0.04686874418388671,1.2480352889424349,-0.13544167586898673,-1.0542330810509113,-0.35925942410496586,0.012920971134167073,0.3637748603698705,43.8750257990796
30,Te Quería Ver,Alemán,1,False,671258573,599829,112,0.0894,,1.0,True,3177340641.0,Te Quería Ver,Alemán,MXA4M2500001,2025-01-31,176.0,0,-8.5,,638425.0,single,1.0,HOMEGROWN MAFIA S.A. DE C.V./Sony Music México-Latin,Rap/Hip Hop,Rap/Hip Hop,0.802,0.761,0.448,0.188,1.69e-05,0.0922,0.0681,100.019,-5.182,4.0,0.0,0dR2ra1hU9BJD4E7L9dGle,AR,Person,1909.0,latin jazz|swing|gypsy jazz|jazz,2025-01-31,2025-01-31,deezer,2025.0,530.0,-82,-2.4146345968026686,6.272877006546167,Rap/Hip Hop,Latin America (other),0,0,2.933333333333333,1,0.0,0.9609899121269769,0.5188603646050671,-0.39892332349413817,-0.38575726135696675,-0.178384795513688,-0.893041180391939,-0.19993315944514345,-18.121452067525833
31,Just Keep Watching (From F1® The Movie),Tate McRae,1,False,662648391,1082331,39,0.1633,,1.0,True,3387508461.0,Just Keep Watching (From F1® The Movie),Tate McRae,USAT22503496,2025-05-30,142.0,0,-7.2,,889637.0,single,1.0,Atlantic Records,Pop,Pop,,,,,,,,,,,,,CA,Person,2003.0,pop|dance-pop|2020s|female vocals|pop rock,2025-05-30,2025-05-30,deezer,2025.0,411.0,-8,-1.8121662790057176,6.018593214496234,Pop,Canada,0,0,2.3666666666666667,10,2.302585092994046,,,,,,,0.08175516379346748,8.519008347775504
32,KLOuFRENS,Bad Bunny,1,False,658567308,999823,50,0.1518,,1.0,True,3171003071.0,KLOuFRENS,Bad Bunny,QMFMF2447064,2025-01-05,199.0,1,0.0,,747199.0,album,17.0,Rimas Entertainment LLC.,Latin Music,Latin Music,0.326,0.125,0.306,0.703,0.706,0.18,0.148,106.974,-32.45,1.0,1.0,4MUrUT38U98olfnyzMBCzm,PR,Person,1994.0,reggaeton|trap latino|latin|latin trap|hip hop,2025-01-05,2025-01-05,deezer,2025.0,556.0,-18,-1.8851914140206076,6.320768294250582,Latin Music,Latin America (other),0,0,3.316666666666667,15,2.70805020110221,-2.081819010536736,-2.866214466625341,-0.9928025927444796,1.5859784038342217,0.7539947415471577,-0.630205208095436,0.38406826554976603,46.824566885869515
33,Show Me Love,WizTheMc,1,False,643142920,929630,55,0.1445,,1.0,True,3187953971.0,Show Me Love,WizTheMc,DE1FB2500005,2025-02-07,177.0,0,-8.6,,909128.0,single,1.0,Bamboo Artists,Pop,Pop,0.713,0.685,0.138,0.0219,0.000359,0.108,0.0425,107.147,-7.311,1.0,1.0,1S7Q7FhwoxaWoosVYoahe6,DE,Person,,pop rap,2025-12-12,2025-02-07,deezer,2025.0,523.0,-22,-1.9344757714296503,6.259581464064923,Pop,UK/Europe,0,0,2.95,3,1.0986122886681098,0.3920613530575008,0.11435456716243997,-1.6954203197448834,-1.0216898710429017,-0.4771196659612179,-0.6236673758585854,0.26472268343633676,30.306956289439935
34,How It’s Done,HUNTR/X,1,False,641911586,597522,114,0.0931,,1.0,True,3412534551.0,How It’s Done,HUNTR/X,QZ8BZ2513508,2025-06-20,176.0,0,-6.6,,855958.0,album,12.0,K-Pop Demon Hunters,Asian Music,Asian Music,0.602,0.856,0.64,0.0103,0.0,0.256,0.0777,160.059,-3.41,7.0,1.0,5p9UNx7gLRdRoaEHd8TAnz,US,Group,2025.0,k-pop|fictional group,2025-06-19,2025-06-19,musicbrainz,2025.0,391.0,-80,-2.3740810946991155,5.968707559985366,Asian Music,US,0,1,2.933333333333333,4,1.3862943611198906,-0.31750123184937334,1.0244926114083512,0.40406836450632344,-1.06610178117148,-0.0663592190958641,1.3759267242352418,-0.5475687337722863,-42.164576445651825
35,no tiene sentido,Beéle,1,False,634620760,885133,64,0.1395,,1.0,True,3353337101.0,no tiene sentido,Beele,QZ7B82500302,2025-05-15,159.0,0,-8.4,,769831.0,album,26.0,5020 Records,African Music,African Music|Rap/Hip Hop,0.682,0.594,0.492,0.0866,1.12e-05,0.119,0.0541,121.996,-7.568,2.0,0.0,62JvBuH9kzuCRtKG8bQaxX,CO,Person,2003.0,latin|reggaeton|trap latino,2025-05-15,2025-05-15,deezer,2025.0,426.0,-29,-1.9696906777207166,6.054439346269371,Other,Latin America (other),0,0,2.65,7,1.9459101490553132,0.19389522574116708,-0.3699879008280748,-0.21490439499403247,-0.7739786136878143,-0.3417554277896809,-0.06250974068521792,-0.027984376031852776,-2.759644051519883
36,JUMP,BLACKPINK,1,False,623525520,816487,72,0.1309,,1.0,True,3454677991.0,JUMP,BLACKPINK,KRA402400094,2025-07-11,164.0,0,-8.0,,923507.0,single,1.0,YG Entertainment,Asian Music,Asian Music,0.706,0.927,0.523,0.00243,3.88e-05,0.101,0.0714,144.972,-5.762,5.0,0.0,5jQ3mnhNhs9VuEvmVKllWM,KR,Group,2016.0,k-pop|girl group|3rd gen k-pop|pop|female vocals,2025-07-11,2025-07-11,deezer,2025.0,369.0,-36,-2.033321606066283,5.910796644040527,Asian Music,Asia,0,1,2.7333333333333334,1,0.0,0.34731416301832846,1.4023861853350166,-0.08525469536895783,-1.0962329650259548,-0.13987600362006095,0.8057748458689817,-0.2860462616914148,-24.87721379285316
37,NOKIA,Drake,1,False,622303060,559273,130,0.0899,,1.0,True,3232025631.0,NOKIA,Drake,USLD91772032,2025-02-14,241.0,1,-7.5,,815962.0,album,21.0,OVO Sound,R&B,R&B,0.537,0.727,0.508,0.247,0.0,0.173,0.15,106.037,-4.184,5.0,1.0,2u9S9JJ6hTZS3Vf22HOZKg,CA,Person,1986.0,hip hop|r&b|pop rap|contemporary r&b|alternative r&b,2025-02-14,2025-02-14,deezer,2025.0,516.0,-93,-2.4090573375045627,6.246106765481563,R&B,Canada,0,0,4.016666666666667,4,1.3862943611198906,-0.7330108536416867,0.3378972446965231,-0.14798842099399395,-0.1598690977719568,0.777333403300871,-0.6656153168002272,-0.22573009565111102,-20.206656169065763
38,Raindance,Dave,1,False,608011016,2762424,6,0.4543,,1.0,True,3616144112.0,Raindance,Dave,GBUM72506029,2025-10-23,221.0,0,-9.7,,995170.0,album,10.0,Neighbourhood,Rap/Hip Hop,Rap/Hip Hop,0.796,0.741,0.249,0.236,0.0619,0.103,0.0789,107.0,-6.815,1.0,1.0,3oTuTpF1F3A7rEC6RKsMRz,US,Group,1991.0,rock|alternative rock|jazz rock|jam band|pop rock,2025-10-23,2025-10-23,deezer,2025.0,265.0,32,-0.7889975062167794,5.579729825986222,Rap/Hip Hop,US,0,1,3.683333333333333,1,0.0,0.9226351778076864,0.4124114705412177,-1.2311907501196167,-0.20198384013526377,-0.05235602204363622,-0.6292226437130194,0.5066113194754515,65.96576057138755
39,What It Sounds Like,HUNTR/X,1,False,601777378,573336,120,0.0953,,1.0,True,3412534631.0,What It Sounds Like,HUNTR/X,QZ8BZ2513514,2025-06-20,250.0,0,-8.0,,819584.0,album,12.0,K-Pop Demon Hunters,Asian Music,Asian Music,0.513,0.732,0.3,0.0416,0.0,0.288,0.0593,120.314,-4.465,1.0,0.0,36FlVeExlCnmIQlseBU98K,US,Group,2025.0,k-pop|fictional group,2025-06-19,2025-06-19,musicbrainz,2025.0,391.0,-81,-2.3507254683219805,5.968707559985366,Asian Music,US,0,1,4.166666666666667,4,1.3862943611198906,-0.8864297909188488,0.3645094682124855,-1.017896082994494,-0.946266196083161,-0.28107490723002637,-0.1260740980400301,-0.5242131073951513,-40.797896189802564
40,Morena,Neton Vega,1,False,598038433,539321,135,0.0902,,1.0,True,3214287521.0,Morena,Neton Vega,US3DF2514822,2025-02-14,193.0,0,-9.2,,608591.0,album,21.0,Josa Records,Latin Music,Latin Music,0.697,0.776,0.189,0.379,0.00148,0.341,0.0308,118.007,-7.409,4.0,0.0,4oB8Xd7gMlUEtWoD8bmCXW,MX,Person,2003.0,regional mexicano|corrido tumbado,2025-02-14,2025-02-14,deezer,2025.0,516.0,-95,-2.405725851913559,6.246106765481563,Latin Music,Mexico,0,0,3.216666666666667,10,2.302585092994046,0.2897820615393927,0.5986970351529541,-1.4821256526197608,0.3455078105877265,-0.6136508372204407,-0.21325779151063104,-0.22239861006010742,-19.940382496659957
41,I Really Like You,Carly Rae Jepsen,1,False,592587611,232005,352,0.0392,,0.94,True,104168912.0,I Really Like You (Bleachers Remix),Carly Rae Jepsen,USUM71508411,2015-07-10,205.0,0,-8.5,122.0,66413.0,single,1.0,604 Records,Pop,Pop,0.647,0.871,0.879,0.0124,0.00609,0.109,0.0389,121.977,-5.059,0.0,1.0,0zs24z5zeAZcFISxu488dY,CA,Person,1985.0,pop|electropop|synth-pop|folk|synthpop,2015,2015-01-01,musicbrainz,2015.0,4213.0,-311,-3.23907853218572,8.345930261979017,Pop,Canada,0,0,3.4166666666666665,1,0.0,-0.029840724454694354,1.1043292819562383,1.4036257261318978,-1.0580616939930303,-0.5191292571179019,-0.06322776850313758,-0.10472749300554218,-9.943009925193358
42,Bullet With Butterfly Wings,The Smashing Pumpkins,1,False,584919916,316607,261,0.0541,,0.94,True,62791738.0,Bullet With Butterfly Wings (Remastered 2012),The Smashing Pumpkins,USVI21200897,2012-11-30,256.0,0,-11.3,130.83,763142.0,album,92.0,Virgin Records,Alternative,Alternative,0.404,0.72,0.475,5.59e-05,0.836,0.0466,0.0623,121.864,-9.18,10.0,0.0,6GtX0jaNL8IjVQfrDBx81z,US,Group,1988.0,alternative rock|dream pop|shoegaze|neo-psychedelia|grunge,1995-11,1995-11-01,musicbrainz,1995.0,11214.0,-219,-2.916921093129701,9.324918276683619,Alternative,US,0,1,4.266666666666667,3,1.0986122886681098,-1.5832074643859595,0.3006401317741758,-0.2860026173690734,-1.1053224750118391,-0.24606691459945645,-0.06749814447287227,0.033450236896135355,3.401598660101701
43,Anxiety,Doechii,1,False,569640172,529801,140,0.093,,1.0,True,3262675101.0,Anxiety,Doechii,USUG12500650,2025-03-05,249.0,1,-8.7,,928515.0,single,2.0,Top Dawg Entertainment/Capitol Records,Rap/Hip Hop,Rap/Hip Hop,0.805,0.587,0.905,0.35,0.0012,0.105,0.0392,129.025,-6.855,0.0,1.0,0HVduDCuyjgdyTsCFyIHwb,US,Person,1998.0,hip hop|pop rap|rap|hip-hop|rnb,2020-01-31,2025-03-05,deezer,2025.0,497.0,-97,-2.375155785828881,6.208590026096629,Rap/Hip Hop,US,0,0,4.15,1,0.0,0.9801672792866223,-0.4072450137504221,1.5123641838819606,0.23447803526628083,-0.5156284578548449,0.20312276100739501,-0.23686788653620372,-21.090446872460788
44,Stateside + Zara Larsson,PinkPantheress,1,False,559516865,2537274,8,0.4535,,1.0,True,3588926901.0,Stateside + Zara Larsson,PinkPantheress,GBAYE2501415,2025-10-10,184.0,0,-7.4,,906294.0,album,31.0,Warner Records,Pop,Pop,,,,,,,,,,,,,GB,Person,2001.0,uk garage|drum and bass|pop|jungle|alternative pop,,2025-10-10,deezer,2025.0,278.0,36,-0.7907600094269457,5.627621113690637,Pop,UK/Europe,0,0,3.066666666666667,3,1.0986122886681098,,,,,,,0.5682783041709204,76.52252527040599
45,WELTiTA,Bad Bunny,1,False,552943518,697791,91,0.1262,,1.0,True,3171003021.0,WELTiTA,Bad Bunny,QMFMF2447059,2025-01-05,187.0,0,-10.3,,839901.0,album,17.0,Rimas Entertainment LLC.,Latin Music,Latin Music,0.458,0.297,0.357,0.866,0.329,0.346,0.6,96.14,-32.354,4.0,0.0,5WEF0icHWmAZBBMglBd599,PR,Person,1994.0,reggaeton|trap latino|latin|latin trap|hip hop,2025-01-05,2025-01-05,deezer,2025.0,556.0,-46,-2.069887328875024,6.320768294250582,Latin Music,Latin America (other),0,0,3.1166666666666667,15,2.70805020110221,-1.238014855512345,-1.9507539776762368,-0.779507925619357,2.210042313399588,6.02853229788636,-1.0396322280609738,0.19937235069534953,22.063638609991678
46,Mystical Magical,Benson Boone,1,False,552296125,816772,71,0.1479,,1.0,True,3333720471.0,Mystical Magical,Benson Boone,USWB12500844,2025-04-24,165.0,0,-6.9,,920407.0,single,1.0,"Night Street Records, Inc./Warner Records Inc.",Pop,Pop,0.671,0.697,0.848,0.19,0.0,0.393,0.116,119.867,-3.851,11.0,1.0,38tQqcg4CiduGs5tGKg5YN,US,Person,2002.0,pop|pop rock|2020s|contemporary pop/rock|contemporary singer/songwriter,2025-04-24,2025-04-24,deezer,2025.0,447.0,-25,-1.9112189092653828,6.102558594613569,Pop,US,0,0,2.75,2,0.6931471805599453,0.12357821282246777,0.17822390360074902,1.2739760265068234,-0.37810003547272913,0.3805761534877453,-0.14296664723004215,0.09356768010229244,9.808491932608021
47,Gnarly,KATSEYE,1,False,541671166,823647,69,0.1521,,1.0,True,3336180251.0,Gnarly,KATSEYE,USUM72503410,2025-04-30,137.0,1,-7.3,,840823.0,single,1.0,HYBE/Geffen,Pop,Pop,0.772,0.833,0.647,0.18,0.0,0.0856,0.378,135.041,-5.134,0.0,0.0,2DZAUfBukS6CVFkaysHYhT,US,Group,2023.0,pop|girl group|dance-pop|2020s|electronic,2025-04-30,2025-04-30,deezer,2025.0,441.0,-22,-1.88321707971689,6.089044875446846,Pop,US,0,1,2.283333333333333,3,1.0986122886681098,0.7692162405305243,0.9020763832349243,0.43334410313134025,-0.4163861648939173,3.437940843224186,0.4304730427235359,0.10399006149064549,10.958942719588126
48,Revolving door,Tate McRae,1,False,526885514,563808,125,0.107,,1.0,True,3321646581.0,Revolving door,Tate McRae,USRC12403577,2025-02-20,180.0,1,-6.9,,213301.0,ep,6.0,RCA Records Label,Dance,Dance|Pop,0.445,0.74,0.189,0.356,0.0,0.105,0.286,147.765,-6.214,10.0,0.0,6bjmsAt7KfuOVYSBzAqht7,CA,Person,2003.0,pop|dance-pop|2020s|female vocals|pop rock,2025-02-21,2025-02-20,deezer,2025.0,510.0,-77,-2.234926444520231,6.234410725718371,Dance,Canada,0,0,3.0,10,2.302585092994046,-1.321116779870808,0.40708902583802525,-1.4821256526197608,0.25744971291899377,2.3643624025533745,0.91132493510322,-0.06550596664772002,-6.340654158026727
49,Takedown,HUNTR/X,1,False,516004235,514291,147,0.0997,,1.0,True,3412534601.0,Takedown,HUNTR/X,QZ8BZ2513511,2025-06-20,182.0,0,-7.8,,832269.0,album,12.0,K-Pop Demon Hunters,Asian Music,Asian Music,0.736,0.844,0.644,0.0369,0.0,0.193,0.105,139.988,-4.186,9.0,1.0,1mtBDvgqHSgBREARi93HYq,US,Group,2025.0,k-pop|fictional group,2025-06-19,2025-06-19,musicbrainz,2025.0,391.0,-98,-2.3055896020143445,5.968707559985366,Asian Music,US,0,1,3.033333333333333,4,1.3862943611198906,0.5390878346147812,0.9606232749700415,0.42079735800633306,-0.9642606769111194,0.2522135138423221,0.6174248119472313,-0.47907724108751526,-38.064535678104065
50,Por Esos Ojos,Fuerza Regida,1,False,512442675,781590,76,0.1525,,1.0,True,3219458901.0,Por Esos Ojos,Fuerza Regida,QZ9QQ2500079,2025-02-11,188.0,1,-9.9,,587952.0,single,1.0,Rancho Humilde/Street Mob Records/Sony Music Latin,,,0.509,0.681,0.511,0.294,0.0,0.191,0.106,102.462,-6.978,5.0,0.0,5jHozZMWbrExAFni95mvvH,MX,Group,2015.0,regional mexicano,2025-02-05,2025-02-05,musicbrainz,2025.0,525.0,-26,-1.8805906829346708,6.263398262591624,Other,Mexico,0,1,3.1333333333333333,9,2.1972245773362196,-0.9119996137983758,0.0930647883496701,-0.13544167586898673,0.020075710507627346,0.2638828447191788,-0.800717919382542,0.32307421957404214,38.136787163608886
51,TU VAS SIN (fav),Rels B,1,False,511049664,1037895,44,0.2031,,1.0,True,3407512021.0,TU VAS SIN (fav),Rels B,UYB282508143,2025-06-20,110.0,0,-7.0,,819131.0,album,9.0,DALE PLAY Records / FLAKK Team,Soul & Funk,Soul & Funk,0.882,0.567,0.277,0.0677,0.00381,0.219,0.129,101.01,-6.405,10.0,1.0,6uiQ0DqbXTBc8tl0AUKZkR,ES,Person,1993.0,,2025-06-20,2025-06-20,deezer,2025.0,390.0,7,-1.594056810395798,5.966146739123692,Other,UK/Europe,0,0,1.8333333333333333,1,0.0,1.4723863697175166,-0.5136939078142715,-1.1140877956195492,-0.84633939829386,0.5322774548868816,-0.8555903610467436,0.22897118082788692,25.73058039753462
52,Folded,Kehlani,1,False,493498588,1065769,41,0.216,,1.0,True,3410232121.0,Folded,Kehlani,USAT22504344,2025-06-11,238.0,0,-9.1,,794554.0,single,1.0,TSNMI / Atlantic,R&B,R&B,0.631,0.628,0.49,0.0698,1.97e-06,0.138,0.0465,135.733,-5.072,1.0,1.0,089yBP7ZUXEtJhUiQCjkS0,US,Person,1995.0,pop|hip hop|neo soul|r&b|electronic,2025-06-12,2025-06-11,deezer,2025.0,399.0,11,-1.5324768712979722,5.988961416889864,R&B,US,0,0,3.966666666666667,1,0.0,-0.13212001597280243,-0.18902478091953082,-0.22326889174403727,-0.8382993111154105,-0.4304423424537914,0.4566243716709381,0.3215164583452985,37.921770548056124
53,Nice To Each Other,Olivia Dean,1,False,486900365,1006869,48,0.2068,,1.0,True,3380570801.0,Nice To Each Other,Olivia Dean,GBUM72502230,2025-05-30,209.0,0,-8.4,,830822.0,single,1.0,PLG - Capitol,Pop,Pop,0.757,0.748,0.749,0.37,0.00316,0.314,0.0478,132.005,-6.883,0.0,1.0,4UBPpQcPyLu8uh2GHN9E8y,GB,Person,1999.0,neo soul|pop soul|pop|female vocals|indie pop,2025-05-30,2025-05-30,deezer,2025.0,411.0,5,-1.5760031363478628,6.018593214496234,Pop,UK/Europe,0,0,3.4833333333333334,9,2.1972245773362196,0.673329404732298,0.449668583463565,0.8599334373815853,0.31105029410865714,-0.41527221231387773,0.3157397556074779,0.31791830645132224,37.4263988139619
54,Die On This Hill,SIENNA SPIRO,1,False,474422630,1592858,26,0.3357,,1.0,True,3584616411.0,Die On This Hill,SIENNA SPIRO,USUG12508560,2025-10-10,217.0,0,-7.8,,929464.0,single,1.0,Capitol Records,Pop,Pop,0.526,0.426,0.214,0.746,1.93e-06,0.4,0.0291,82.107,-4.642,5.0,0.0,0l72HGRQkAR0imHxvpLi8a,GB,Person,2005.0,pop soul|pop|singer-songwriter|adult contemporary|alternative pop,2025-10-09,2025-10-09,musicbrainz,2025.0,279.0,28,-1.091537374996148,5.631211781821365,Pop,UK/Europe,0,0,3.6166666666666667,2,0.6931471805599453,-0.803327866560386,-1.264158610964409,-1.377569443244701,1.7506087603453309,-0.633488699711097,-1.5699524580015674,0.272302350254362,31.298392232638818
55,En Privado,Xavi,1,False,470258488,642634,101,0.1367,,1.0,True,3216020161.0,En Privado,Xavi,USA2P2504641,2025-02-06,199.0,0,-7.4,,669667.0,single,1.0,Interscope Records,,,0.833,0.863,0.91,0.111,4.75e-06,0.135,0.0377,126.973,-3.822,7.0,1.0,2SkB7jADnfiWH8qAE9H8cO,US,Person,,,2025-02-06,2025-02-06,deezer,2025.0,524.0,-46,-1.9899665352522333,6.261491684321042,Other,US,0,0,3.316666666666667,2,0.6931471805599453,1.1591560394433107,1.0617497243306984,1.5332754257569725,-0.6805604579001154,-0.5331324541701299,0.1255757566720354,0.211468882051413,23.549151906894394
56,Tears,Sabrina Carpenter,1,False,469159053,724772,87,0.1545,,1.0,True,3529873491.0,Tears,Sabrina Carpenter,USUM72504355,2025-08-29,160.0,0,-7.7,,821219.0,album,12.0,Island Records,Pop,Pop,0.699,0.876,0.485,0.0204,0.000105,0.0307,0.0514,113.036,-4.855,0.0,1.0,42VUCXerQ5qTr4Qp6PhKo4,US,Person,1999.0,pop|electropop|dance-pop|2020s|american,2025-08-29,2025-08-29,deezer,2025.0,320.0,-31,-1.867561182644337,5.768320995793772,Pop,US,0,0,2.6666666666666665,14,2.6390573296152584,0.3025669729791562,1.1309415054722005,-0.2441801336190493,-1.0274327904560796,-0.37326262115719383,-0.40111654324117274,-0.31699565869805824,-27.166608296371344
57,QLOO*,Young Cister,1,False,465568840,850279,66,0.1826,,1.0,True,3370856431.0,QLOO*,Young Cister,CLPP22500021,2025-05-22,149.0,0,-7.7,,639225.0,single,1.0,Sony Music Entertainment Chile S.A,Rap/Hip Hop,Rap/Hip Hop,0.638,0.796,0.683,0.318,1.05e-06,0.338,0.125,117.922,-4.917,5.0,0.0,7CMj1OOS1ho4CPEQTFKzcN,CL,Person,1996.0,trap|latin,2025-05-22,2025-05-22,deezer,2025.0,419.0,-9,-1.7004573108212688,6.037870919922137,Rap/Hip Hop,Latin America (other),0,0,2.4833333333333334,1,0.0,-0.08737282593363015,0.7051459292168035,0.5839050446314269,0.11196242111847894,0.485600131379455,-0.21647002122237868,0.219238685927426,24.512843585774146
58,YO y TÚ,Ovy On The Drums,1,False,461572434,784039,75,0.1699,,1.0,True,3382134521.0,YO y TÚ,Ovy On The Drums,USWL12502366,2025-06-11,198.0,0,-8.7,,754646.0,single,1.0,WEA Latina,Rap/Hip Hop,Rap/Hip Hop|Latin Music,,,,,,,,,,,,,CO,Person,,latin|reggaeton,2025-06-11,2025-06-11,deezer,2025.0,399.0,-17,-1.7725452503042507,5.988961416889864,Rap/Hip Hop,Latin America (other),0,0,3.3,1,0.0,,,,,,,0.08144807933901999,8.485688963494153
59,Shake It To The Max (FLY),MOLIY,1,False,459214759,460227,170,0.1002,,1.0,True,3111655521.0,Shake It To The Max (FLY),Moliy,QZS7J2443865,2024-12-03,127.0,0,-9.5,,541224.0,single,1.0,gamma.,,,0.851,0.407,0.287,0.629,0.000535,0.0999,0.112,98.017,-10.056,10.0,1.0,5JgNxMf1Z9oksGKidbFAUq,US,Person,2001.0,,2025-02-20,2024-12-03,deezer,2024.0,589.0,-111,-2.3005870903313728,6.3784261836515865,Other,US,0,0,2.1166666666666667,1,0.0,1.2742202424011821,-1.3652850603250657,-1.0722653118695253,1.3026610461174297,0.33389882998031867,-0.9686986378380357,0.03172251495041012,3.2231036881146924
60,bergema sampai selamanya,Nadhif Basalamah,1,False,450131763,898737,62,0.1997,,1.0,True,3185579661.0,bergema sampai selamanya,Nadhif Basalamah,FR10S2538888,2025-01-31,198.0,0,-7.8,,172334.0,single,1.0,After School,Alternative,Alternative|Indie Pop|Indie Rock|Pop,0.263,0.506,0.209,0.761,0.0274,0.0626,0.0341,159.852,-5.843,8.0,1.0,1RaJdXCj61oSRUUciGKoWe,ID,Person,2000.0,,2025-01-31,2025-01-31,deezer,2025.0,530.0,-2,-1.6109390385603677,6.272877006546167,Alternative,Asia,0,0,3.3,2,0.6931471805599453,-2.484543720889286,-0.8383630347090115,-1.398480685119713,1.808037954477113,-0.5751420453268138,1.3681040001136926,0.6037623987971574,82.89872507958711
61,Azizam,Ed Sheeran,1,False,448805160,502929,151,0.1121,,1.0,True,3303979891.0,Azizam,Ed Sheeran,GBAHS2500081,2025-04-04,162.0,0,-7.0,,961388.0,single,1.0,Gingerbread Man Records / Atlantic Records UK,Pop,Pop|Singer & Songwriter,,,,,,,,,,,,,GB,Person,1991.0,pop|folk pop|folk|singer-songwriter|uk,2025-04-04,2025-04-04,deezer,2025.0,467.0,-90,-2.1883639489040227,6.1463292576688975,Pop,UK/Europe,0,0,2.7,2,0.6931471805599453,,,,,,,-0.1274546329875852,-11.966664697754547
62,P do Pecado,Grupo Menos É Mais,1,False,444670782,554719,131,0.1247,,0.94,True,3329623921.0,P do Pecado (Ao Vivo),Grupo Menos É Mais,BRRGE2500260,2025-04-30,192.0,0,-9.2,,913206.0,ep,4.0,Som Livre,Brazilian Music,Brazilian Music,0.631,0.817,0.755,0.661,0.0,0.553,0.072,166.97,-6.645,5.0,0.0,38Ps9Kui6qJjpVqdBOfN5M,BR,Group,,,2026-04-16,2025-04-30,deezer,2025.0,441.0,-69,-2.081844426296146,6.089044875446846,Brazilian Music,Brazil,0,1,3.2,4,1.3862943611198906,-0.13212001597280243,0.8169172679838448,0.8850269276315998,1.4251766602652318,-0.1328744050939471,1.6370998952691933,-0.0946372850886108,-9.02971625816804
63,Finding Her,Kushagra,1,False,441799706,746573,81,0.169,,1.0,True,3149280691.0,Finding Her,Kushagra,US38Y2435162,2025-01-29,207.0,0,-10.0,,243973.0,single,1.0,EYP Creations,Indian Music,Indian Music|Pop,0.558,0.378,0.44,0.894,2.32e-06,0.0799,0.0526,170.195,-6.419,0.0,1.0,5ThyDv6aRVU8AH4vXQNldF,IN,Person,,,2025-01-29,2025-01-29,deezer,2025.0,532.0,-18,-1.7778565640590636,6.2766434893416445,Other,Asia,0,0,3.45,1,0.0,-0.5987692835241698,-1.5196359567176472,-0.43238131049415746,2.317243475778915,-0.35925942410496586,1.7589756696266658,0.44120840392810456,55.4584650132796
64,Busy Woman,Sabrina Carpenter,1,False,441048997,503710,150,0.1142,,1.0,True,3228090971.0,Busy Woman,Sabrina Carpenter,USUM72413907,2025-02-14,186.0,1,-7.5,,767784.0,album,17.0,Island Records,Pop,Pop,0.715,0.764,0.882,0.146,0.0,0.133,0.0343,117.023,-5.118,7.0,1.0,1NXRqsDLvImFva0nKLqZgF,US,Person,1999.0,pop|electropop|dance-pop|2020s|american,2024-08-29,2024-08-29,musicbrainz,2024.0,685.0,-86,-2.1698039817602273,6.529418838262226,Pop,US,0,0,3.1,14,2.6390573296152584,0.4048462644972643,0.5348276987146445,1.4161724712569053,-0.5465590049259569,-0.5728081791514424,-0.25044407429133,0.31434769417323993,36.936577428555914
65,ANSIEDAD,Fuerza Regida,1,False,437195303,935479,54,0.214,,1.0,True,3345439191.0,ANSIEDAD,Fuerza Regida,QZ9QQ2500156,2025-05-02,151.0,1,-9.5,,624135.0,album,12.0,Rancho Humilde/Street Mob Records/Sony Music Latin,,,0.659,0.684,0.737,0.421,0.0,0.0814,0.0336,107.057,-7.631,10.0,0.0,1a7onn7lPqqRWul5ogyMyX,MX,Group,2015.0,regional mexicano,2025-05-02,2025-05-02,deezer,2025.0,439.0,11,-1.5417792639602856,6.0844994130751715,Other,Mexico,0,1,2.5166666666666666,9,2.1972245773362196,0.04686874418388671,0.1090321224592475,0.8097464568815566,0.5063095541567166,-0.5809767107652422,-0.6270685602592593,0.43949007149779495,55.191565068368845
67,Dracula,Tame Impala,1,False,431257642,2086079,17,0.4837,,1.0,True,3567385391.0,Dracula,Tame Impala,USQX92504223,2025-09-26,205.0,1,-7.5,,962173.0,single,1.0,Columbia,Alternative,Alternative|Indie Pop|Indie Rock|Dance,0.415,0.731,0.612,0.0267,4.58e-05,0.317,0.0586,114.837,-3.507,3.0,0.0,1NXbNEAcPvY5G1xvfN57aA,AU,Person,1986.0,psychedelic rock|neo-psychedelia|psychedelic pop|alternative rock|indie rock,2025-09-24,2025-09-24,musicbrainz,2025.0,294.0,50,-0.7262903991531995,5.683579767338681,Alternative,Other,0,0,3.4166666666666665,1,0.0,-1.5128904514672605,0.359187023509293,0.286965410006256,-1.0033125289207312,-0.28924343884382603,-0.3330550642899143,0.7081844341978685,103.0301763949384
68,VITAMINA,Jombriel,1,False,429397922,387182,208,0.0902,,1.0,True,3240178571.0,VITAMINA,Jombriel,USWL12500632,2025-02-27,208.0,0,-8.9,,659684.0,single,1.0,WEA Latina,Rap/Hip Hop,Rap/Hip Hop|Latin Music,0.815,0.746,0.768,0.015,2.26e-06,0.056,0.0528,92.007,-4.855,10.0,0.0,0DMJz677XfXiiruhIELu2e,EC,Person,,,2025-02-27,2025-02-27,deezer,2025.0,503.0,-140,-2.405725851913559,6.220590170099739,Rap/Hip Hop,Latin America (other),0,0,3.466666666666667,2,0.6931471805599453,1.044091836485439,0.43902369405718006,0.9393961565066311,-1.0481073003435213,-0.3569255579295946,-1.195822173927465,-0.25289522635221484,-22.345076054190184
69,Choosin' Texas,Ella Langley,1,False,424686832,2929067,4,0.6897,,1.0,True,3602074142.0,Choosin' Texas,Ella Langley,USSM12504190,2025-10-17,232.0,0,-8.3,,978085.0,single,1.0,SAWGOD/Columbia,Country,Country|Pop,0.683,0.78,0.486,0.00939,0.0,0.194,0.031,112.027,-4.74,1.0,1.0,65DbTqJKhbwqYbZ1Okr0rc,US,Person,1999.0,country,2025-10-17,2025-10-17,deezer,2025.0,271.0,65,-0.3714985585448915,5.602118820879701,Country,US,0,0,3.8666666666666667,1,0.0,0.20028768146104883,0.619986813965724,-0.23999788524404692,-1.0695858189488079,-0.6113169710450693,-0.439247599466503,0.9536156161093623,159.50755142791775
70,I'm The Problem,Morgan Wallen,1,False,422721736,758689,78,0.1795,,1.0,True,3206261161.0,I'm The Problem,Morgan Wallen,USUG12500975,2025-01-31,177.0,0,-8.4,,622320.0,single,1.0,Big Loud Records / Mercury Records / Republic Records,Country,Country,0.549,0.752,0.446,0.665,1.2e-05,0.102,0.0367,92.053,-4.94,5.0,0.0,7AeM1BGYM7emrqmQn1PuWv,US,Person,1993.0,country|country pop|2020s|racist,2025-01-31,2025-01-31,deezer,2025.0,530.0,-8,-1.7175800710538036,6.272877006546167,Country,US,0,0,2.95,9,2.1972245773362196,-0.6563013850031056,0.47095836227633486,-0.407287820244143,1.4404911120337072,-0.5448017850469865,-1.1940837907893431,0.4971213663037215,64.39820306352473
71,2+2,Omar Camacho,1,False,421820248,608401,109,0.1442,,1.0,True,4029996581.0,2+2,Omar Camacho,US3DF2577695,2026-05-28,198.0,1,-9.7,,541821.0,album,19.0,WM Mexico,Rap/Hip Hop,Rap/Hip Hop,0.807,0.72,0.791,0.0182,0.0,0.209,0.0655,80.022,-5.976,5.0,0.0,2GP6UzoA55p6yYiPCGyEhg,,Person,,,,2026-05-28,deezer,2026.0,48.0,-38,-1.9365540541312884,3.871201010907891,Rap/Hip Hop,Unknown,0,0,3.3,2,0.6931471805599453,0.9929521907263857,0.3006401317741758,1.0355878691316864,-1.0358557389287413,-0.20872505579351516,-1.64874656328384,-0.14148693712422666,-13.193348504412295
72,TATTOO,Tito Double P,1,False,416827012,484683,158,0.1163,,1.0,True,3253064911.0,TATTOO,Tito Double P,QM4TW2569581,2025-02-27,167.0,1,-7.4,,543939.0,single,1.0,Double P Records,,,0.755,0.747,0.463,0.482,5.48e-06,0.0853,0.0656,109.897,-4.278,10.0,0.0,3KgHiAVuP88QoQs9CO4z1P,MX,Person,1997.0,latin|regional mexicano|corrido,2025-02-27,2025-02-27,deezer,2025.0,503.0,-86,-2.1515822194575183,6.220590170099739,Other,Mexico,0,0,2.783333333333333,4,1.3862943611198906,0.6605444932925345,0.4443461387603725,-0.3361895978691021,0.7398549436259642,-0.20755812270582946,-0.5197422969491127,0.0012484061038260386,0.12491856871044149
73,Sorry I'm Here For Someone Else,Benson Boone,1,False,416464476,516665,144,0.1241,,1.0,True,3245608751.0,Sorry I'm Here For Someone Else,Benson Boone,USWB12500464,2025-02-27,156.0,0,-8.2,,786029.0,single,1.0,"Night Street Records, Inc./Warner Records Inc.",Pop,Pop,0.533,0.758,0.515,0.0437,0.0,0.16,0.034,149.719,-4.613,2.0,1.0,3Tco4YRdl5lmmIGFgUlVZ1,US,Person,2002.0,pop|pop rock|2020s|contemporary pop/rock|contemporary singer/songwriter,2025-02-27,2025-02-27,deezer,2025.0,503.0,-71,-2.0866675867715756,6.220590170099739,Pop,US,0,0,2.6,2,0.6931471805599453,-0.7585806765212137,0.5028930304954897,-0.11871268236897708,-0.9382261089047114,-0.5763089784144994,0.9851684275356238,0.0661630387897687,6.840089375554292
74,What I Want,Morgan Wallen,1,False,410976822,727053,85,0.1769,,1.0,True,3366676861.0,What I Want,Morgan Wallen,USUG12501601,2025-05-16,184.0,0,-7.9,,736275.0,album,37.0,Big Loud Records / Mercury Records / Republic Records,Country,Country,0.654,0.708,0.467,0.616,0.0,0.152,0.0262,116.029,-3.939,9.0,1.0,48NthgcgfoRrWT8LtgW28A,US,Person,1993.0,country|country pop|2020s|racist,2025-05-16,2025-05-16,deezer,2025.0,425.0,-11,-1.7321706778163974,6.052089168924417,Country,US,0,0,3.066666666666667,9,2.1972245773362196,0.014906465584477932,0.23677079533586617,-0.3194606043690924,1.2528890778698851,-0.6673297592539812,-0.28800826644988126,0.20642194579227602,22.927178063740563
75,Dark Thoughts,Lil Tecca,1,False,410779727,431495,186,0.105,,1.0,True,3277684691.0,Dark Thoughts,Lil Tecca,USUM72502156,2025-03-14,136.0,1,-7.9,,720435.0,single,1.0,Galactic / Republic Records,Rap/Hip Hop,Rap/Hip Hop,0.622,0.794,0.704,0.0431,0.0,0.162,0.349,203.83,-3.523,1.0,0.0,7cEJRLlQy1rBH9mXxKmgpQ,US,Person,2002.0,hip hop|east coast hip hop|trap|pop rap,2025-03-14,2025-03-14,deezer,2025.0,488.0,-111,-2.2537949288246137,6.1903154058531475,Rap/Hip Hop,US,0,0,2.2666666666666666,2,0.6931471805599453,-0.18965211745173824,0.6945010398104186,0.671732260506477,-0.9405232766699827,3.0995302477953426,3.030073862033982,-0.13789343911615148,-12.88084782617548
76,Tubarões,Diego & Victor Hugo,2,True,410283212,457935,172,0.1116,,1.0,True,3648749602.0,Tubarões,Diego & Victor Hugo,BC29Q2500001,2025-11-20,162.0,0,-7.5,,931780.0,album,17.0,Sony Music Entertainment,Brazilian Music,Brazilian Music,0.429,0.793,0.506,0.185,0.0,0.939,0.0428,123.729,-4.115,5.0,0.0,6Emsu0BaMpG0ilZCRT8KHZ,BR,Group,2009.0,sertanejo,2025-03-27,2025-03-27,musicbrainz,2025.0,475.0,-96,-2.1928342290349265,6.163314804034641,Brazilian Music,Brazil,1,1,2.7,1,0.0,-1.423396071388916,0.6891785951072261,-0.15635291774399876,-0.3972431001833232,-0.473618866698161,0.002981954496642748,-0.11051151337315845,-10.462397866810946
77,PERFuMITO NUEVO,Bad Bunny,1,False,408310809,426481,189,0.1045,,1.0,True,3171003011.0,PERFuMITO NUEVO,Bad Bunny,QMFMF2447058,2025-01-05,200.0,1,-8.7,,767065.0,album,17.0,Rimas Entertainment LLC.,Latin Music,Latin Music,0.513,0.0302,0.557,0.996,0.977,0.15,0.0701,120.026,-33.8,0.0,1.0,1Q9Efnm5csdCMFynISxL2x,PR,Person,1994.0,reggaeton|trap latino|latin|latin trap|hip hop,2025-01-05,2025-01-05,deezer,2025.0,556.0,-112,-2.2585682075772713,6.320768294250582,Latin Music,Latin America (other),0,0,3.3333333333333335,15,2.70805020110221,-0.8864297909188488,-3.3707822244879866,0.05694174938112404,2.707761995875034,-0.1550461337599747,-0.13695788812218568,0.010691471993102386,1.0748830011420685
78,Fame is a Gun,Addison Rae,1,False,408261627,907098,60,0.2222,,1.0,True,3387454721.0,Fame is a Gun,Addison Rae,USSM12501572,2025-05-30,183.0,0,-8.6,,848971.0,single,1.0,Columbia,Pop,Pop,0.693,0.4,0.413,0.168,0.00127,0.1,0.0348,137.969,-7.325,3.0,0.0,1c2AFg2WpURtpsOTMr6ZBX,US,Person,2000.0,pop|dance-pop|teen pop|2020s|trip hop,2025-05-30,2025-05-30,deezer,2025.0,411.0,18,-1.5041774017766074,6.018593214496234,Pop,US,0,0,3.05,3,1.0986122886681098,0.26421223865986565,-1.4025421732474128,-0.5453020166192224,-0.462329520199343,-0.5669735137130142,0.5411249085587855,0.38974404102257765,47.660279576703715
79,YUKON,Justin Bieber,1,False,403396306,1003931,49,0.2489,,1.0,True,3454558671.0,YUKON,Justin Bieber,USUG12506174,2025-07-11,164.0,0,-11.4,,797835.0,album,21.0,"JRC Entertainment, LLC / ILH Production Co. LLC / Def Jam Recordings",Pop,Pop,0.446,0.301,0.589,0.802,0.000164,0.105,0.218,80.572,-12.748,7.0,0.0,2q806mixyBFn36DmCHdVwW,CA,Person,1994.0,pop|teen pop|2010s|dance-pop|2020s,2025-07-11,2025-07-11,deezer,2025.0,369.0,30,-1.3907040696085906,5.910796644040527,Pop,Canada,0,0,2.7333333333333334,4,1.3862943611198906,-1.314724324150926,-1.929464198863467,0.19077369738120062,1.9650110851039848,1.5708479029271225,-1.6279615475019458,0.3565712747662775,42.84233374300115
80,Eternity,Alex Warren,1,False,398670565,568769,122,0.1427,,1.0,True,3461914191.0,Eternity,Alex Warren,USAT22503779,2025-07-18,189.0,0,-8.9,,896576.0,album,21.0,Atlantic Records,Pop,Pop,0.62,0.423,0.425,0.577,0.0,0.122,0.0403,137.684,-7.848,7.0,0.0,303V3ma3WP4KDUSYJK5dr6,US,Person,2000.0,pop|indie pop|folk|singer-songwriter|indie folk,2025-07-17,2025-07-17,musicbrainz,2025.0,363.0,-42,-1.9470107544993465,5.8944028342648505,Pop,US,0,0,3.15,4,1.3862943611198906,-0.20243702889150175,-1.2801259450739864,-0.49511503611919355,1.1035731731272513,-0.5027921938903026,0.5303544912899857,-0.2223004501136705,-19.93252346317923
81,Cry For Me,The Weeknd,1,False,398635434,424259,193,0.1064,,1.0,True,3210598391.0,Cry For Me,The Weeknd,USUG12501129,2025-01-31,224.0,1,-9.5,,922128.0,album,22.0,XO / Republic Records,R&B,R&B,0.647,0.645,0.422,0.0871,0.0,0.671,0.0303,120.098,-6.425,7.0,0.0,3AWDeHLc88XogCaCnZQLVI,CA,Person,1990.0,r&b|dance-pop|contemporary r&b|alternative r&b|synth-pop,2025-01-31,2025-01-31,deezer,2025.0,530.0,-112,-2.2405497020745933,6.272877006546167,R&B,Canada,0,0,3.7333333333333334,4,1.3862943611198906,-0.029840724454694354,-0.09854322096525883,-0.5076617812442008,-0.7720643072167549,-0.619485502658869,-0.13423694060164665,-0.025848264717068137,-2.551705816384231
82,7 DIAS,Gabito Ballesteros,1,False,397923828,294851,283,0.0741,,1.0,True,3205562811.0,7 DIAS,Gabito Ballesteros,USA2P2503458,2025-01-30,180.0,1,-8.2,,605710.0,single,1.0,Los CT Records,,,0.838,0.746,0.577,0.386,0.0,0.0839,0.0614,111.913,-3.749,11.0,1.0,0hRAjGmnjM4dAe5AP38r6z,MX,Person,,,2025-01-30,2025-01-30,deezer,2025.0,531.0,-201,-2.6023397466800957,6.274762021241939,Other,Mexico,0,0,3.0,1,0.0,1.1911183180427194,0.43902369405718006,0.14058671688117172,0.37230810118255825,-0.2565693123886274,-0.4435557663740231,-0.38545293046259665,-31.98574908315146
83,When Did You Get Hot?,Sabrina Carpenter,1,False,396777172,658634,97,0.166,,1.0,True,3529873551.0,When Did You Get Hot?,Sabrina Carpenter,USUM72504446,2025-08-29,145.0,0,-8.1,,759831.0,album,12.0,Island Records,Pop,Pop,0.704,0.659,0.603,0.231,0.0,0.235,0.0995,89.034,-4.587,5.0,1.0,1XAFXZEG9lGInUwkREqLAX,US,Person,1999.0,pop|electropop|dance-pop|2020s|american,2025-08-29,2025-08-29,deezer,2025.0,320.0,-14,-1.7957674906255938,5.768320995793772,Pop,US,0,0,2.4166666666666665,14,2.6390573296152584,0.334529251578565,-0.02402899512056425,0.24932517463123433,-0.22112690484585776,0.1880321940196107,-1.3081746319630514,-0.24520196667931504,-21.74535260322098
84,POR SUS BESOS,Tito Double P,1,False,393452063,900339,61,0.2288,,1.0,True,3450887891.0,POR SUS BESOS,Tito Double P,QMDA62505214,2025-07-11,186.0,1,-8.1,,643007.0,single,1.0,Double P Records,,,0.825,0.752,0.632,0.462,1.56e-05,0.226,0.035,112.943,-5.308,5.0,0.0,1eunv1DeEi29UfAcVEoLTt,MX,Person,1997.0,latin|regional mexicano|corrido,2025-07-11,2025-07-11,deezer,2025.0,369.0,23,-1.4749070194764942,5.910796644040527,Other,Mexico,0,0,3.1,4,1.3862943611198906,1.1080163936842566,0.47095836227633486,0.37061037750630416,0.6632826847835881,-0.5646396475376427,-0.40463110045520234,0.2723683248983739,31.30705488308021
85,Sugar On My Tongue,"Tyler, The Creator",2,True,381470994,402538,199,0.1055,,1.0,True,3470152941.0,Sugar On My Tongue,"Tyler, The Creator",USQX92503270,2025-07-21,153.0,1,-7.9,,783472.0,album,10.0,Columbia,Rap/Hip Hop,Rap/Hip Hop,0.703,0.501,0.463,0.0327,0.0,0.193,0.101,126.073,-7.037,11.0,1.0,6xV7Be6XEvkSnighmh2Tzj,US,Person,1991.0,hip hop|hardcore hip hop|horrorcore|west coast hip hop|rock,2025-07-21,2025-07-21,deezer,2025.0,359.0,-114,-2.249044326066016,5.883322388488279,Rap/Hip Hop,US,1,0,2.55,3,1.0986122886681098,0.3281367958586832,-0.8649752582249739,-0.3361895978691021,-0.9803408512680184,0.20553619033489567,0.09156391266529863,-0.539609126095733,-41.702392201875846
86,COMO CAPO,Clave Especial,1,False,376659745,484237,159,0.1286,,1.0,True,3240204061.0,COMO CAPO,Clave Especial,USWL12500622,2025-02-20,165.0,1,-9.0,,564879.0,album,16.0,WEA Latina,Latin Music,Latin Music,0.767,0.768,0.802,0.147,0.0,0.068,0.0474,133.082,-4.529,5.0,0.0,395oynN3pkdaY3Np0igFCN,US,Group,,,2025-02-20,2025-02-20,deezer,2025.0,510.0,-73,-2.051048467178618,6.234410725718371,Latin Music,US,0,1,2.75,4,1.3862943611198906,0.7372539619311156,0.5561174775274144,1.081592601256713,-0.5427303919838381,-0.4199399446646204,0.3564405956022059,0.1183720106938928,12.56627920820339
87,CAFé CON RON,Bad Bunny,1,False,375349291,750031,79,0.1998,,1.0,True,3171003091.0,CAFé CON RON,Bad Bunny,QMFMF2447066,2025-01-05,228.0,0,-7.5,,963433.0,album,17.0,Rimas Entertainment LLC.,Latin Music,Latin Music,0.328,0.153,0.0376,0.148,1.28e-06,0.397,0.0564,95.506,-26.802,9.0,1.0,6VNXmo59yDYgcwLS17UNAW,PR,Person,1994.0,reggaeton|trap latino|latin|latin trap|hip hop,2025-01-05,2025-01-05,deezer,2025.0,556.0,8,-1.6104384127676838,6.320768294250582,Latin Music,Latin America (other),0,0,3.8,15,2.70805020110221,-2.0690340990969722,-2.7171860149359515,-2.115318056595125,-0.5389017790417193,-0.31491596677291067,-1.0635916826168306,0.6588212668026898,93.25130740314054
88,Sapphire,Ed Sheeran,1,False,370233797,380507,212,0.1028,,1.0,True,3395410481.0,Sapphire,Ed Sheeran,GBAHS2500177,2025-06-05,179.0,0,-8.1,,849328.0,single,1.0,Gingerbread Man Records / Atlantic Records UK,Pop,Pop|Singer & Songwriter,,,,,,,,,,,,,GB,Person,1991.0,pop|folk pop|folk|singer-songwriter|uk,2025-06-05,2025-06-05,deezer,2025.0,405.0,-124,-2.2749699259610723,6.003887067106539,Pop,UK/Europe,0,0,2.9833333333333334,2,0.6931471805599453,,,,,,,-0.40082055420650775,-33.022976229322396
89,Born Again,LISA,1,False,369943062,257170,320,0.0695,,1.0,True,3215956841.0,Born Again (feat. Doja Cat & RAYE),LISA,USRC12403763,2025-02-06,231.0,1,-7.6,,729531.0,single,1.0,Lloud Co./RCA Records,Asian Music,Asian Music|Pop,0.688,0.777,0.368,0.0688,0.0,0.0801,0.0408,114.998,-4.714,1.0,1.0,7KNmIjcmGJIBrhP2s5Vioe,JP,Person,1987.0,anime|j-pop|j-rock|pop rock,2007-09-14,2025-02-06,deezer,2025.0,524.0,-231,-2.6664285264113907,6.261491684321042,Asian Music,Asia,0,0,3.85,2,0.6931471805599453,0.2322499600604569,0.6040194798561466,-0.7335031934943306,-0.8421279240575292,-0.49695752845187424,-0.32697072330648697,-0.4649931091077444,-37.1860566384114
90,DIE TRYING,PARTYNEXTDOOR,1,False,369537323,560749,128,0.1517,,1.0,True,3232025641.0,DIE TRYING,PARTYNEXTDOOR,USLD91772033,2025-02-14,195.0,1,-8.2,,753887.0,album,21.0,OVO Sound,R&B,R&B,0.763,0.531,0.665,0.146,0.0,0.175,0.0328,110.497,-6.154,11.0,1.0,0NUqi0ps17YpLUC3kgsZq0,CA,Person,1993.0,r&b|contemporary r&b|alternative r&b|trap soul|canadian,2025-02-14,2025-02-14,deezer,2025.0,516.0,-38,-1.8858503926276504,6.246106765481563,R&B,Canada,0,0,3.25,4,1.3862943611198906,0.7116841390515886,-0.7053019171291998,0.5086245738813836,-0.5465590049259569,-0.5903121754667273,-0.4970677342779552,0.2974768492258013,34.645720346526446
91,I Got Better,Morgan Wallen,1,False,367594347,1015265,46,0.2762,,1.0,True,3366676191.0,I Got Better,Morgan Wallen,USUG12501599,2025-05-16,205.0,0,-7.1,,544988.0,album,37.0,Big Loud Records / Mercury Records / Republic Records,Country,Country,0.598,0.798,0.542,0.576,0.000564,0.155,0.0295,84.986,-4.587,0.0,1.0,4gfrYDtaRmp6HPvN80V2ob,US,Person,1993.0,country|country pop|2020s|racist,2025-05-16,2025-05-16,deezer,2025.0,425.0,45,-1.2866300380069453,6.052089168924417,Country,US,0,0,3.4166666666666665,9,2.1972245773362196,-0.34307105472890037,0.7157908186231885,-0.005791976243912075,1.0997445601851326,-0.6288209673603543,-1.4611523481177955,0.6519625856017282,91.93039333637729
92,Frecuencia,Los Dareyes De La Sierra,1,False,366952213,643108,100,0.1753,,1.0,True,3398112181.0,Frecuencia,Los Dareyes De La Sierra,QM6P42503788,2025-06-05,190.0,1,-8.2,,614457.0,album,28.0,Double P Records,,,,,,,,,,,,,,,US,Group,2004.0,,2025-06-05,2025-06-05,deezer,2025.0,405.0,-8,-1.741256487054948,6.003887067106539,Other,US,0,1,3.1666666666666665,2,0.6931471805599453,,,,,,,0.13289288469961646,14.212765243188574
93,CHANEL,Tyla,1,False,362363125,563283,127,0.1554,,1.0,True,3606166592.0,CHANEL,Tyla,USSM12503648,2025-10-24,188.0,1,-7.7,,823022.0,single,1.0,Epic,Pop,Pop,0.861,0.77,0.883,0.133,0.0,0.446,0.0529,114.958,-4.977,11.0,0.0,4VxTzYm00mg82MuoT35Ja7,GB,Person,,spike,2025-10-24,2025-10-24,deezer,2025.0,264.0,-34,-1.86175284104859,5.575949103146316,Pop,UK/Europe,0,0,3.1333333333333333,1,0.0,1.3381447995999998,0.5667623669337993,1.4203547196319075,-0.5963309731735015,-0.35575862484190884,-0.32848236081789767,-0.5710988948688507,-43.50956729725367
94,M&M,Neton Vega,1,False,358624878,286394,293,0.0799,,1.0,True,3214287571.0,M&M,Neton Vega,US3DF2514827,2025-02-14,166.0,0,-9.4,,481047.0,album,21.0,Josa Records,Latin Music,Latin Music,0.596,0.839,0.537,0.334,0.00713,0.0952,0.038,178.837,-6.022,5.0,1.0,3t72JCbFJ3syOhFC7x9Pa4,MX,Person,2003.0,regional mexicano|corrido tumbado,2025-02-14,2025-02-14,deezer,2025.0,516.0,-199,-2.526979426209908,6.246106765481563,Latin Music,Mexico,0,0,2.7666666666666666,10,2.302585092994046,-0.3558559661686639,0.9340110514540791,-0.026703218118924114,0.17322022819238,-0.5296316549070729,2.085564953966907,-0.3436521843564564,-29.082445249258658
95,Elizabeth Taylor,Taylor Swift,1,False,356928448,581683,117,0.163,,1.0,True,3579685441.0,Elizabeth Taylor,Taylor Swift,USUG12506437,2025-10-03,208.0,0,-9.2,,921265.0,album,12.0,Taylor Swift,Pop,Pop,0.629,0.629,0.573,0.351,0.0,0.116,0.046,81.951,-6.656,9.0,0.0,6VmoWv16P8CXpVvutfhQVI,US,Person,1989.0,pop|country|country pop|singer/songwriter|female vocals,2025-10-03,2025-10-03,deezer,2025.0,285.0,-22,-1.8140050781753747,5.652489180268651,Pop,US,0,0,3.466666666666667,11,2.3978952727983707,-0.14490492741256594,-0.18370233621633836,0.1238577233811621,0.23830664820839967,-0.43627700789221974,-1.5758478442960686,-0.421597126539591,-34.40017295427322
96,Perlas Negras,Natanael Cano,1,False,355047691,626659,104,0.1765,,1.0,True,3429241701.0,Perlas Negras,Natanael Cano,QZ9QQ2500398,2025-07-01,203.0,0,-8.8,,644625.0,album,16.0,WEA Latina,Rap/Hip Hop,Rap/Hip Hop|Latin Music,0.769,0.709,0.611,0.317,0.0,0.101,0.0442,100.012,-4.53,8.0,1.0,0N6h5RnzCNJG3JfROXQIMQ,MX,Person,2001.0,regional mexicano|trap latino|corrido tumbado,2025-07-01,2025-07-01,deezer,2025.0,379.0,-8,-1.7344344026087857,5.937536205082426,Rap/Hip Hop,Mexico,0,0,3.3833333333333333,2,0.6931471805599453,0.750038873370879,0.24209324003905866,0.2827831616312536,0.10813380817636012,-0.45728180347056163,-0.8933057169564361,0.049533034104571216,5.078030322791571
97,Blessings,Calvin Harris,1,False,352437146,727824,84,0.2065,,1.0,True,3344642921.0,Blessings,Calvin Harris,GBARL2500591,2025-05-09,220.0,0,-8.0,,875690.0,single,1.0,Columbia,Dance,Dance,0.676,0.888,0.479,0.00319,0.0898,0.0639,0.0536,129.915,-4.485,11.0,0.0,20C8FNj9eUVevsDNDoTPvz,GB,Person,1984.0,dance-pop|electronic|edm|electropop|electro house,2025-05-09,2025-05-09,deezer,2025.0,432.0,13,-1.5774548665810497,6.068425588244111,Dance,UK/Europe,0,0,3.6666666666666665,1,0.0,0.15554049142187654,1.1948108419105101,-0.2692736238690638,-1.0933232191899445,-0.34759009322810924,0.23675669563627844,0.38272119090683265,46.626916389731846
98,Cuando No Era Cantante,El Bogueto,1,False,351110526,2081518,18,0.5928,,1.0,True,3708289102.0,Cuando No Era Cantante,El Bogueto,AEA3A2366094,2024-09-26,211.0,1,-7.6,,567218.0,album,23.0,Candela Music,Latin Music,Latin Music,0.742,0.801,0.759,0.226,1.17e-05,0.0595,0.0495,165.969,-5.612,11.0,0.0,6tKpGpbNeVXnQjOWWz8WDq,MX,Person,,,2024-09-26,2024-09-26,deezer,2024.0,657.0,80,-0.52289820500026,6.48768401848461,Latin Music,Mexico,0,0,3.5166666666666666,1,0.0,0.5774425689340716,0.7317581527327659,0.9017559211316095,-0.24026996955645183,-0.39543434982322145,1.5992711665461452,1.9211700747806115,582.8944171798735
99,Crystalised,The xx,1,False,344887513,100108,569,0.029,,1.0,True,3787857.0,Crystalised,The xx,GBBKS0900025,2009-08-16,201.0,0,-12.3,,774762.0,album,11.0,Young,Alternative,Alternative,0.762,0.484,0.415,0.812,0.389,0.0841,0.0311,122.916,-12.368,11.0,0.0,5UBBJnFxsfjFxfrtvErQoH,GB,Group,2005.0,indie pop|alternative dance|indietronica|electronic|pop,2009-04-27,2009-04-27,musicbrainz,2009.0,6288.0,-470,-3.540459448995663,8.746398334109042,Alternative,UK/Europe,0,1,3.35,3,1.0986122886681098,0.7052916833317068,-0.9554568181792459,-0.5369375198692177,2.003297214525173,-0.6101500379573837,-0.027742077922776033,-0.4594744056254272,-36.83844681490783
100,Amigos? No.,Oscar Maydon,1,False,343129626,329110,249,0.0959,,1.0,True,3260805271.0,Amigos? No.,Óscar Maydon,QZ9QQ2500119,2025-03-06,227.0,1,-9.9,,597790.0,single,1.0,Rancho Humilde/Sony Music Latin,,,0.673,0.653,0.597,0.0765,0.000392,0.12,0.029,122.064,-5.945,10.0,1.0,7hNgSEQ4Ho7kWBA2rKpDd9,MX,Person,1999.0,,2025-06-06,2025-03-06,deezer,2025.0,496.0,-149,-2.3444492970927446,6.206575926724928,Other,Mexico,0,0,3.783333333333333,3,1.0986122886681098,0.13636312426223127,-0.05596366333971907,0.22423168438121988,-0.8126476044032144,-0.6346556327987827,-0.059939956915820124,-0.2086146511506164,-18.829203388484416
101,si te pillara,Beéle,1,False,341694253,457637,173,0.1339,,1.0,True,3353337171.0,si te pillara,Beele,QZ7B82500397,2025-05-15,185.0,0,-8.6,,657522.0,album,26.0,5020 Records,African Music,African Music|Rap/Hip Hop,,,,,,,,,,,,,CO,Person,2003.0,latin|reggaeton|trap latino,2025-05-15,2025-05-15,deezer,2025.0,426.0,-72,-2.01066202628501,6.054439346269371,Other,Latin America (other),0,0,3.0833333333333335,7,1.9459101490553132,,,,,,,-0.0689557245961463,-6.663199559129119
102,Vita Fer,Los Dareyes De La Sierra,1,False,339460458,313579,267,0.0924,,1.0,True,3293574411.0,Vita Fer,Los Dareyes De La Sierra,QM6MZ2578679,2025-03-27,184.0,1,-7.5,,579740.0,single,1.0,Double P Records,,,0.769,0.81,0.753,0.351,0.0,0.111,0.0626,125.021,-3.567,3.0,0.0,5HZBdV5AwSvKdHFOYbXYD7,US,Group,2004.0,,2025-05-08,2025-03-27,deezer,2025.0,475.0,-165,-2.3816283003344987,6.163314804034641,Other,US,0,1,3.066666666666667,2,0.6931471805599453,0.750038873370879,0.7796601550614981,0.876662430881595,0.23830664820839967,-0.24256611533639943,0.0518078461152024,-0.2993055846727306,-25.866716513381107
103,Who Knows,Daniel Caesar,1,False,337326315,1276085,35,0.3783,,1.0,True,3612800442.0,Who Knows,Daniel Caesar,USUG12505893,2025-10-24,226.0,0,-12.8,,847746.0,album,12.0,Republic Records,R&B,R&B,0.676,0.258,0.36,0.726,3.18e-05,0.355,0.0355,120.913,-14.969,5.0,0.0,1OtnMzmWT61Ht5QkRy3pGt,CA,Person,1995.0,toronto|r&b|contemporary r&b|daniel|caesar,2025-10-24,2025-10-24,deezer,2025.0,264.0,68,-0.9720677473431534,5.575949103146316,R&B,Canada,0,0,3.7666666666666666,1,0.0,0.15554049142187654,-2.158329321100743,-0.7669611804943498,1.6740365015029546,-0.5588049820992145,-0.10343732630665751,0.3185861988365859,37.518215517689434
104,Pvta Luna,Neton Vega,1,False,335658751,1129113,37,0.3364,,1.0,True,3575002941.0,Pvta Luna,Neton Vega,USANG2520892,2025-09-26,198.0,0,-11.9,,626754.0,single,1.0,Josa Records (Neton Vega),Latin Music,Latin Music,,,,,,,,,,,,,MX,Person,2003.0,regional mexicano|corrido tumbado,,2025-09-26,deezer,2025.0,292.0,67,-1.089454350883344,5.676753802268282,Latin Music,Mexico,0,0,3.3,10,2.302585092994046,,,,,,,0.33575469655544077,39.89958042263551
105,SPIDER,GIMS,1,False,330147874,251867,330,0.0763,,1.0,True,2781673612.0,SPIDER,GIMS,FR8FB2407800,2024-05-10,188.0,0,-9.4,,967661.0,single,1.0,Play Two,Rap/Hip Hop,Rap/Hip Hop|French Rap,0.823,0.691,0.707,0.0774,1.73e-06,0.1,0.197,119.96,-7.322,9.0,0.0,2fFTn0f94EopgZyfSGQuyK,FR,Person,1986.0,pop rap|french hip hop|pop|hardcore hip hop|sapés comme jamais,2024-05-10,2024-05-10,deezer,2024.0,796.0,-225,-2.573082340691726,6.679599185844383,Rap/Hip Hop,UK/Europe,0,0,3.1333333333333333,4,1.3862943611198906,1.095231482244493,0.1462892353815942,0.6842790056314842,-0.8092018527553074,1.3257919545131334,-0.1394520900160131,0.043779374308225094,4.475183036425534
106,Just In Case,Morgan Wallen,1,False,329878795,412829,195,0.1251,,1.0,True,3278152451.0,Just In Case,Morgan Wallen,USUG12501602,2025-03-21,166.0,0,-9.7,,641422.0,single,1.0,Mercury Records/Morgan Wallen,Country,Country,0.649,0.505,0.386,0.647,0.0,0.144,0.0313,145.998,-6.664,10.0,1.0,5z0LSDpPpGwc2ZyJHpsE3J,US,Person,1993.0,country|country pop|2020s|racist,2025-03-21,2025-03-21,deezer,2025.0,481.0,-89,-2.0786418615092717,6.175867270105761,Country,US,0,0,2.7666666666666666,9,2.1972245773362196,-0.017055813014930844,-0.8436854794122041,-0.6582227227442872,1.3715760790755684,-0.6078161717820123,0.8445483480366607,0.019363844548497156,1.9552539773456834
107,Phantom,EsDeeKid,1,False,329347821,657274,98,0.1996,,1.0,True,3399233851.0,Phantom,EsDeeKid,QZHN32557300,2025-06-20,109.0,1,-7.0,,800223.0,album,11.0,Lizzy Records,Rap/Hip Hop,Rap/Hip Hop,0.875,0.525,0.315,0.0185,0.000454,0.112,0.129,140.006,-4.2,1.0,1.0,57Z6TJCTMACXxdrcwZ3Zvf,GB,Person,,uk|liverpool|rage|jerk|hardcore hip hop,2025-03-07,2025-03-07,musicbrainz,2025.0,495.0,9,-1.6114399151047734,6.20455776256869,Rap/Hip Hop,UK/Europe,0,0,1.8166666666666667,7,1.9459101490553132,1.4276391796783443,-0.7372365853483547,-0.955162357369458,-1.0347071550461056,0.5322774548868816,0.618105048827366,0.5219329988319614,68.52821516419421
108,Killin' It Girl,j-hope,1,False,328497104,302482,276,0.0921,,1.0,True,3409046451.0,Killin' It Girl (feat. GloRilla),j-hope,USA2P2523089,2025-06-13,148.0,1,-7.4,,686842.0,single,2.0,BIGHIT MUSIC,Asian Music,Asian Music,,,,,,,,,,,,,KR,Person,1994.0,pop|hip hop|dance-pop|k-pop|r&b,2025-06-13,2025-06-13,deezer,2025.0,397.0,-168,-2.384880335720876,5.983936280687191,Asian Music,Asia,0,0,2.466666666666667,4,1.3862943611198906,,,,,,,-0.5376919127350397,-41.59051603833975
109,ExtraL,JENNIE,1,False,328470273,235585,348,0.0717,,1.0,True,3241971481.0,ExtraL,JENNIE,USQX92500264,2025-02-21,167.0,1,-7.4,,683260.0,single,1.0,OA Entertainment/Columbia,Asian Music,Asian Music|Pop,0.765,0.767,0.754,0.0589,0.0,0.29,0.126,139.909,-4.973,1.0,1.0,61MydXBwufaYQ1Xg03H25O,KR,Person,1996.0,k-pop|pop|hip hop|rock|dance,2025-02-21,2025-02-21,deezer,2025.0,509.0,-239,-2.6352645313765626,6.2324480165505225,Asian Music,Asia,0,0,2.783333333333333,7,1.9459101490553132,0.724469050491352,0.5507950328242219,0.8808446792565975,-0.8800311921845054,0.49726946225631163,0.6144393278621952,-0.4681896647018662,-37.386524326699856
110,Bloodline,Alex Warren,1,False,326523719,605874,110,0.1856,,1.0,True,3371081661.0,Bloodline,Alex Warren,USAT22503114,2025-05-22,182.0,0,-6.8,,717867.0,single,1.0,Atlantic Records,Pop,Pop,0.62,0.882,0.645,0.361,0.0,0.145,0.0942,127.883,-5.307,4.0,0.0,5UVSjQ2rUap9bf7PYf6WG3,US,Person,2000.0,pop|indie pop|folk|singer-songwriter|indie folk,2025-05-22,2025-05-22,deezer,2025.0,419.0,0,-1.6841614586300369,6.037870919922137,Pop,US,0,0,3.033333333333333,4,1.3862943611198906,-0.20243702889150175,1.1628761736913553,0.4249796063813355,0.27659277762958784,0.1261847403722705,0.15996551005662446,0.235534538118658,26.558509143043164
111,Verano Rosa,KAROL G,1,False,326503617,530446,139,0.1625,,1.0,True,3421452581.0,Verano Rosa,KAROL G,USUG12504525,2025-06-20,210.0,0,-7.6,,726712.0,album,20.0,Bichota/Interscope Records,Latin Music,Latin Music,0.77,0.714,0.513,0.126,0.0,0.109,0.0465,119.937,-4.25,0.0,1.0,2S0Ys0LmhJm5fC86uyIz80,CO,Person,1991.0,reggaeton|spanish|latin urban|latin|r&b,2025-06-17,2025-06-17,musicbrainz,2025.0,393.0,-28,-1.817077277212345,5.973809611869261,Latin Music,Latin America (other),0,0,3.5,6,1.791759469228055,0.7564313290907608,0.268705463555021,-0.1270771791189819,-0.6231312637683332,-0.4304423424537914,-0.140321281585074,0.016370850056054875,1.6505586668644323
112,TURiSTA,Bad Bunny,1,False,325961455,400165,200,0.1228,,1.0,True,3171003081.0,TURiSTA,Bad Bunny,QMFMF2447065,2025-01-05,190.0,0,-8.9,,766405.0,album,17.0,Rimas Entertainment LLC.,Latin Music,Latin Music,0.358,0.12,0.318,0.456,0.0653,0.146,0.523,90.929,-30.487,8.0,1.0,7tCuCjhxzjX2XCz4JiiAsp,PR,Person,1994.0,reggaeton|trap latino|latin|latin trap|hip hop,2025-01-05,2025-01-05,deezer,2025.0,556.0,-88,-2.097198263269095,6.320768294250582,Latin Music,Latin America (other),0,0,3.1666666666666665,15,2.70805020110221,-1.8772604275005202,-2.892826690141303,-0.9426156122444507,0.6403110071308752,5.129993820368399,-1.2365608048599785,0.17206141630127858,18.775077823351616
113,La Perla,ROSALÍA,1,False,323952882,596427,115,0.1841,,1.0,True,3640140952.0,La Perla,ROSALÍA,USSM12504035,2025-11-07,195.0,1,-9.1,,856122.0,album,15.0,Columbia,Alternative,Alternative,0.651,0.335,0.427,0.906,0.0,0.119,0.0584,146.974,-6.008,4.0,1.0,4oVO4fGNRRvEn0CRuFO4qv,ES,Person,1992.0,flamenco|reggaeton|spanish|female vocals|latin pop,,2025-11-07,deezer,2025.0,250.0,-2,-1.6922761907431048,5.521460917862246,Alternative,UK/Europe,0,0,3.25,3,1.0986122886681098,-0.004270901575167334,-1.7485010789549231,-0.4867505393691887,2.3631868310843407,-0.2915773050191974,0.8814323033150772,-0.47205057680243834,-37.62780337426697
114,"TAKEDOWN (JEONGYEON, JIHYO, CHAEYOUNG) (from the Netflix film KPop Demon Hunters)",TWICE,1,False,322663165,261854,315,0.0812,,1.0,True,3455645211.0,"TAKEDOWN (JEONGYEON, JIHYO, CHAEYOUNG) (from the Netflix film KPop Demon Hunters)",TWICE,USUG12504881,2025-07-14,180.0,0,-7.6,,289557.0,album,16.0,Republic Records - TWICE,Asian Music,Asian Music,0.823,0.795,0.509,0.0801,0.0,0.217,0.126,139.939,-3.801,1.0,0.0,6wNpw74ZXwNvgkR1KzXQRl,KR,Group,2015.0,k-pop|girl group|pop|dance|3rd gen k-pop,2025-06-20,2025-06-20,musicbrainz,2025.0,390.0,-201,-2.5108400318145048,5.966146739123692,Asian Music,Asia,0,1,3.0,2,0.6931471805599453,1.095231482244493,0.6998234845136111,-0.14380617261899153,-0.7988645978115866,0.49726946225631163,0.6155730559957532,-0.6878120405908199,-49.7325301414091
115,The Subway,Chappell Roan,1,False,321326855,441154,177,0.1373,,1.0,True,3476801931.0,The Subway,Chappell Roan,USUG12506170,2025-08-01,252.0,1,-8.7,,760564.0,single,1.0,Chappell Roan PS/ Island,Pop,Pop,0.303,0.619,0.492,0.454,0.0,0.176,0.0344,165.826,-6.266,10.0,1.0,6Wckwwcf1aIV8r9usvB83P,US,Person,1998.0,pop|synth-pop|dance-pop|queer|indie pop,2024,2024-01-01,musicbrainz,2024.0,926.0,-62,-1.9855869662082117,6.8308742346461795,Pop,US,0,0,4.2,2,0.6931471805599453,-2.2288454920940164,-0.23692678324826305,-0.21490439499403247,0.6326537812466375,-0.5716412460637568,1.5938670624428526,0.7474240043638356,111.15536517259387
116,FAMOSINHA,Dj Caio Vieira,1,False,321135635,261843,316,0.0815,,1.0,True,3250684331.0,FAMOSINHA,Dj Caio Vieira,GBRKQ2577665,2025-02-28,133.0,1,-6.6,,707558.0,single,1.0,BR MUSIC DIREITOS MUSICAIS LTDA.,Brazilian Music,Brazilian Music|Soul & Funk,,,,,,,,,,,,,,,,,,2025-02-28,deezer,2025.0,502.0,-200,-2.50715225873532,6.218600119691729,Brazilian Music,Unknown,0,0,2.216666666666667,1,0.0,,,,,,,-0.35672448797007394,-30.003467996283938
117,TU TU TU,Clave Especial,1,False,315329431,341735,235,0.1084,,1.0,True,3240204021.0,TU TU TU,Clave Especial,USWL12500619,2025-02-20,151.0,1,-9.4,,546386.0,album,16.0,WEA Latina,Latin Music,Latin Music,0.768,0.816,0.828,0.169,5.1e-05,0.477,0.0755,142.163,-5.264,5.0,0.0,0L5gbpFGU06vqSHacOxgka,US,Group,,,2025-02-20,2025-02-20,deezer,2025.0,510.0,-118,-2.2219271899765913,6.234410725718371,Latin Music,US,0,1,2.5166666666666666,4,1.3862943611198906,0.7436464176509973,0.8115948232806524,1.190331059006775,-0.45850090725722414,-0.0920317470249488,0.6996201016301785,-0.05250671210408031,-5.115204773178473
118,Father Figure,Taylor Swift,1,False,313964565,346642,232,0.1104,,1.0,True,4304169512.0,Father Figure,Taylor Swift,USUG12506439,2026-09-25,212.0,1,-8.8,,829056.0,album,16.0,Taylor Swift,Pop,Pop,0.745,0.661,0.321,0.302,0.0,0.249,0.0354,93.949,-6.29,11.0,0.0,03bTIHJElXZ0O0jqOQvAbY,US,Person,1989.0,pop|country|country pop|singer/songwriter|female vocals,2025-10-03,2025-10-03,musicbrainz,2025.0,285.0,-114,-2.2036451451391423,5.652489180268651,Pop,US,0,0,3.533333333333333,11,2.3978952727983707,0.5966199360937169,-0.01338410571417931,-0.9300688671194435,0.05070461404457788,-0.5599719151869001,-1.1224321727484847,-0.8112371935033587,-55.5691968966366
119,KETU TeCRÉ,Bad Bunny,1,False,311195782,366089,220,0.1176,,1.0,True,3171003051.0,KETU TeCRÉ,Bad Bunny,QMFMF2447062,2025-01-05,250.0,1,-6.9,,719926.0,album,17.0,Rimas Entertainment LLC.,Latin Music,Latin Music,0.27,0.277,0.082,0.0177,0.485,0.111,0.0477,111.353,-32.187,8.0,1.0,4c2Pc0NrfkesPR0jff6q3F,PR,Person,1994.0,reggaeton|trap latino|latin|latin trap|hip hop,2025-01-05,2025-01-05,deezer,2025.0,556.0,-101,-2.1404662435176105,6.320768294250582,Latin Music,Latin America (other),0,0,4.166666666666667,15,2.70805020110221,-2.439796530850114,-2.057202871740086,-1.929626228745018,-1.0377700453998007,-0.41643914540156346,-0.4647186915337704,0.12879343605276317,13.74551426731394
120,Midnight Sun,Zara Larsson,1,False,311013242,1756173,22,0.5647,,1.0,True,3650137942.0,Midnight Sun,Zara Larsson,USSM12509195,2025-11-14,226.0,0,-7.8,,692773.0,single,1.0,Sommer House/Epic,Pop,Pop,0.639,0.918,0.428,0.0142,1.08e-05,0.0999,0.111,150.934,-4.849,9.0,1.0,6q2YSturdfEzMpoUR5gq0R,SE,Person,1997.0,pop|electropop|dance-pop|contemporary r&b|alternative pop,2025-06-13,2025-06-13,musicbrainz,2025.0,397.0,98,-0.571460662303346,5.983936280687191,Pop,UK/Europe,0,0,3.7666666666666666,1,0.0,-0.08098037021374839,1.3544841830062844,-0.4825682909941863,-1.0511701906972164,0.32222949910346205,1.0310844169447184,1.2757277606824902,258.1306796216019
121,BOKeTE,Bad Bunny,1,False,310413728,362657,224,0.1168,,1.0,True,3171003061.0,BOKeTE,Bad Bunny,QMFMF2447063,2025-01-05,215.0,1,-7.0,,694776.0,album,17.0,Rimas Entertainment LLC.,Latin Music,Latin Music,0.4,0.07,0.0344,0.194,0.956,0.116,0.0456,124.927,-32.756,1.0,1.0,79x7xtoCLpf6l32Zz6mWo4,PR,Person,1994.0,reggaeton|trap latino|latin|latin trap|hip hop,2025-01-05,2025-01-05,deezer,2025.0,556.0,-103,-2.14729220858801,6.320768294250582,Latin Music,Latin America (other),0,0,3.5833333333333335,15,2.70805020110221,-1.6087772872654864,-3.1589489253009266,-2.1287012513951327,-0.36278558370425384,-0.4409447402429624,0.04825549796338792,0.12196747098236349,12.971735258692775
122,A Couple Minutes,Olivia Dean,1,False,306713434,841399,67,0.2743,,1.0,True,3562948141.0,A Couple Minutes,Olivia Dean,GBUM72503093,2025-09-26,212.0,0,-10.0,,828109.0,album,12.0,PLG - Capitol,Pop,Pop,0.56,0.406,0.164,0.709,0.0,0.359,0.0369,124.782,-7.733,3.0,1.0,312z6PZ8wwREck8613PkJk,GB,Person,1999.0,neo soul|pop soul|pop|female vocals|indie pop,2025-09-26,2025-09-26,deezer,2025.0,292.0,55,-1.2935328810385796,5.676753802268282,Pop,UK/Europe,0,0,3.533333333333333,9,2.1972245773362196,-0.5859843720844063,-1.370607505028258,-1.5866818619948209,1.6089500814869346,-0.5424679188716152,0.04277581198452442,0.1316761664002053,14.0738849878981
123,Casanova,Soolking,1,False,305865540,119718,531,0.0391,,1.0,True,2352206125.0,Casanova,Soolking,FRPZ92324651,2023-07-06,189.0,0,-7.0,,932779.0,single,1.0,Universal Music MENA Distributed Labels,Rap/Hip Hop,Rap/Hip Hop,0.798,0.831,0.721,0.697,5.87e-05,0.112,0.171,132.039,-4.481,7.0,0.0,4uPVvzTQeYGQ4SuJCn7hft,DZ,Person,1989.0,french|hip hop|rap,2023-07-06,2023-07-06,deezer,2023.0,1105.0,-408,-3.241632811990817,7.007600613951853,Rap/Hip Hop,Other,0,0,3.15,1,0.0,0.9354200892474499,0.8914314938285394,0.742830482881518,1.5630067261815088,1.0223893517148608,0.3170246474921765,-0.39395150644665167,-32.56132411422272
124,TIT FOR TAT,Tate McRae,1,False,305725341,397357,201,0.13,,1.0,True,3569857331.0,TIT FOR TAT,Tate McRae,USRC12502004,2025-09-26,177.0,1,-8.7,,754523.0,single,1.0,RCA Records Label,Pop,Pop,0.623,0.705,0.492,0.206,0.0,0.273,0.072,83.974,-5.036,8.0,0.0,04a44cx2PJthIbN2aLMXhl,CA,Person,2003.0,pop|dance-pop|2020s|female vocals|pop rock,2025-02-21,2025-02-21,musicbrainz,2025.0,509.0,-77,-2.0402208285265546,6.2324480165505225,Pop,Canada,0,0,2.95,10,2.302585092994046,-0.18325966173185648,0.22080346122628877,-0.21490439499403247,-0.31684222839882814,-0.1328744050939471,-1.4993967771564816,0.12685403814814178,13.52513023053028
125,Rein Me In,Sam Fender,1,False,305483699,1684118,23,0.5513,,1.0,True,3416737961.0,Rein Me In,Sam Fender,GBUM72503308,2025-06-20,339.0,1,-9.2,,900174.0,single,1.0,Polydor Records,Alternative,Alternative,0.502,0.818,0.575,0.0414,0.000113,0.306,0.0371,124.016,-5.625,1.0,0.0,3AIDocdT6XmEHJjPkDItdn,GB,Person,1994.0,alternative rock|indie rock|rock|heartland rock,2025-02-21,2025-02-21,musicbrainz,2025.0,509.0,102,-0.5954761533864992,6.2324480165505225,Alternative,UK/Europe,0,0,5.65,2,0.6931471805599453,-0.9567468038375482,0.8222397126870373,0.1322222201311669,-0.9470319186715848,-0.5401340526962438,0.013827953641013416,1.5715987132881972,381.4338792007026
126,4 Raws,EsDeeKid,1,False,305161915,766838,77,0.2513,,1.0,True,3399233781.0,4 Raws,EsDeeKid,US38Y2546738,2025-06-20,146.0,1,-6.5,,784110.0,album,11.0,Lizzy Records,Rap/Hip Hop,Rap/Hip Hop,0.614,0.579,0.194,0.0124,0.608,0.141,0.0443,144.041,-7.481,6.0,0.0,554qQSs9lpRVq6TlaaiIKT,GB,Person,,uk|liverpool|rage|jerk|hardcore hip hop,2025-06-20,2025-06-20,deezer,2025.0,390.0,49,-1.3811078344325904,5.966146739123692,Rap/Hip Hop,UK/Europe,0,0,2.433333333333333,7,1.9459101490553132,-0.24079176321079226,-0.4498245713759618,-1.461214410744749,-1.0580616939930303,-0.456114870382876,0.7705914827909015,0.4419201567910944,55.5691524071908
127,LA MuDANZA,Bad Bunny,1,False,305035830,534318,138,0.1752,,1.0,True,3171003141.0,LA MuDANZA,Bad Bunny,QMFMF2447071,2025-01-05,213.0,1,-8.3,,873922.0,album,17.0,Rimas Entertainment LLC.,Latin Music,Latin Music,0.565,0.926,0.971,0.975,0.944,0.131,0.0573,173.978,-5.607,7.0,1.0,3G7agPwWfcORnWCAGMDOpm,PR,Person,1994.0,reggaeton|trap latino|latin|latin trap|hip hop,2025-01-05,2025-01-05,deezer,2025.0,556.0,-11,-1.741827100479846,6.320768294250582,Latin Music,Latin America (other),0,0,3.55,15,2.70805020110221,-0.5540220934849983,1.397063740631824,1.788392576632119,2.627361124090539,-0.3044135689837397,1.9019387872683158,0.5274325790905277,69.45760288803913
128,YOGURCITO REMIX,Blessd,1,False,304799934,822361,70,0.2698,,0.969,True,3521387361.0,"YOGURCITO REMIX (feat. Kris R., ROA)",Blessed,QZZ3N2500038,2025-08-26,375.0,1,-7.3,,588006.0,single,1.0,WEA Latina,Rap/Hip Hop,Rap/Hip Hop|Latin Music,0.568,0.721,0.691,0.326,0.0,0.159,0.0603,142.05,-4.734,5.0,0.0,7nrd0eIftH3NQLfgk20Qp9,CO,Person,2000.0,reggaeton|latin,2025-08-26,2025-08-26,deezer,2025.0,323.0,58,-1.3100743352084816,5.777652323222656,Rap/Hip Hop,Latin America (other),0,0,6.25,2,0.6931471805599453,-0.534844726325353,0.3059625764773683,0.6173630316314458,0.14259132465542948,-0.26940557635316975,0.6953497256604437,0.2533606534230688,28.8347840115067
129,White Keys,Dominic Fike,1,False,304456164,2278035,15,0.7482,,1.0,True,3651959272.0,White Keys,Dominic Fike,USQX92506204,2025-11-14,141.0,0,-9.3,,887767.0,single,1.0,Columbia,Alternative,Alternative|Pop,0.713,0.549,0.842,0.781,1.61e-05,0.146,0.191,81.973,-8.513,11.0,0.0,0bSv2vtkHtIUFD3DF06X8D,US,Person,1995.0,alternative pop,2025-11-14,2025-11-14,deezer,2025.0,243.0,114,-0.29008495706809134,5.493061443340548,Alternative,US,0,0,2.35,1,0.0,0.3920613530575008,-0.6094979124717353,1.2488825362568088,1.8846102133194893,1.2557759692519934,-1.5750164436647927,0.8942391291645518,144.5474391267161
130,RATHER LIE,Playboi Carti,1,False,303923954,279742,296,0.092,,1.0,True,3278625241.0,RATHER LIE,Playboi Carti,USUM72414871,2025-03-14,209.0,1,-9.3,,720413.0,album,30.0,AWGE/Interscope Records,Rap/Hip Hop,Rap/Hip Hop,0.72,0.665,0.279,0.0583,0.0,0.213,0.0325,132.991,-4.431,8.0,1.0,68qeaZhtMZ6abrJCYt6nQn,US,Person,1995.0,hip hop|trap|rap|southern hip hop|cloud rap,2025-03-14,2025-03-14,deezer,2025.0,488.0,-166,-2.385966701933097,6.1903154058531475,Rap/Hip Hop,US,0,0,3.4833333333333334,5,1.6094379124341003,0.43680854309667305,0.00790567309859057,-1.1057232988695445,-0.8823283599497768,-0.5938129747297843,0.35300162026374776,-0.27006521222463453,-23.667028571506133
131,Chiquita,Neton Vega,1,False,302353284,164073,446,0.0543,,1.0,True,3214287551.0,Chiquita,Neton Vega,US3DF2514825,2025-02-14,132.0,0,-6.9,,439964.0,album,21.0,Josa Records,Latin Music,Latin Music,0.745,0.862,0.815,0.519,2.29e-05,0.12,0.058,138.065,-6.345,1.0,0.0,07bruo5RoHasGqnun1Z31S,MX,Person,2003.0,regional mexicano|corrido tumbado,2025-02-14,2025-02-14,deezer,2025.0,516.0,-315,-2.913231052042247,6.246106765481563,Latin Music,Mexico,0,0,2.2,10,2.302585092994046,0.5966199360937169,1.056427279627506,1.1359618301317438,0.8815136224843604,-0.29624503736993996,0.5447528385861709,-0.7299038101887954,-51.80446529455249
132,Lose My Mind,Don Toliver,1,False,302209343,516377,145,0.1709,,1.0,True,3434062691.0,Lose My Mind (feat. Doja Cat),Don Toliver,USAT22503076,2025-06-26,209.0,0,-7.6,,654961.0,album,32.0,Atlantic Records,Pop,Pop,,,,,,,,,,,,,US,Person,1994.0,hip hop|alternative r&b|trap,2025-04-30,2025-04-30,musicbrainz,2025.0,441.0,-13,-1.7666766888605918,6.089044875446846,Pop,US,0,0,3.4833333333333334,2,0.6931471805599453,,,,,,,0.22053045234694357,24.673789025493818
133,CHAVALITAS,Fuerza Regida,1,False,301971241,1062695,42,0.3519,,1.0,True,3345439171.0,CHAVALITAS,Fuerza Regida,QZ9QQ2500155,2025-05-02,164.0,1,-8.7,,563391.0,album,12.0,Rancho Humilde/Street Mob Records/Sony Music Latin,,,0.713,0.824,0.811,0.416,0.0,0.113,0.0776,123.038,-6.902,6.0,1.0,3qdeRGn9erK9sjs1kUtBys,MX,Group,2015.0,regional mexicano,2025-05-02,2025-05-02,deezer,2025.0,439.0,91,-1.0444082346545975,6.0844994130751715,Other,Mexico,0,1,2.7333333333333334,9,2.1972245773362196,0.3920613530575008,0.8541743809061921,1.1192328366317348,0.4871664894461225,-0.0675261521835498,-0.023131583512973973,0.9368611008034831,155.1958492876589
134,Sedia Aku Sebelum Hujan,Idgitaf,1,False,301224786,737654,82,0.2449,,1.0,True,3538275311.0,Sedia Aku Sebelum Hujan,Idgitaf,DGA052503460,2025-10-08,230.0,0,-7.6,,157088.0,single,1.0,idgitaf musik,Asian Music,Asian Music|Pop,,,,,,,,,,,,,,Person,2001.0,,2025-10-08,2025-10-08,deezer,2025.0,280.0,52,-1.406905315024015,5.634789603169249,Asian Music,Unknown,0,0,3.8333333333333335,1,0.0,,,,,,,-0.03827554760345486,-3.7552295808131353
135,Show Me Love,WizTheMc,1,False,300140092,539297,136,0.1797,,1.0,True,3187953971.0,Show Me Love,WizTheMc,DE1FB2500005,2025-02-07,177.0,0,-8.6,,909128.0,single,1.0,Bamboo Artists,Pop,Pop,0.713,0.685,0.138,0.0219,0.000359,0.108,0.0425,107.147,-7.311,1.0,1.0,1S7Q7FhwoxaWoosVYoahe6,DE,Person,,pop rap,2025-12-12,2025-02-07,deezer,2025.0,523.0,-1,-1.7164664851926237,6.259581464064923,Pop,UK/Europe,0,0,2.95,3,1.0986122886681098,0.3920613530575008,0.11435456716243997,-1.6954203197448834,-1.0216898710429017,-0.4771196659612179,-0.6236673758585854,0.4827319696733634,62.049550485898685
136,MONTAGEM XONADA,MXZI,1,False,300090632,438811,180,0.1462,,1.0,True,3429111541.0,MONTAGEM XONADA,MXZI,GXBAV2138587,2025-07-02,76.0,1,-5.0,,697114.0,ep,4.0,Lunar Media,Electro,Electro,0.524,0.971,0.718,0.0685,0.0,0.157,0.0504,130.095,-1.945,6.0,0.0,2Gs0iF27my40p0dANv2rAg,GB,Person,,,2025-07-02,2025-07-02,deezer,2025.0,378.0,-44,-1.922779731666459,5.934894195619588,Electro,UK/Europe,0,0,1.2666666666666666,3,1.0986122886681098,-0.8161127780001495,1.6365737522754846,0.7302837377565108,-0.8432765079401648,-0.3849319520340505,0.243559064437626,-0.14243043158068103,-13.275211474179926
137,DIA DELÍCIA,Nakama,1,False,299886609,315055,265,0.1051,,1.0,True,3387200751.0,DIA DELÍCIA,Nakama,CH7812534814,2025-04-25,75.0,1,-8.4,,683280.0,ep,4.0,Nakama,Electro,Electro,0.824,0.744,0.531,0.344,3.82e-06,0.0281,0.0337,130.039,-3.72,8.0,1.0,5WCC5w7bTsAOv1g1W1fU7A,US,Person,,,2025,2025-01-01,musicbrainz,2025.0,560.0,-128,-2.2528430010992317,6.327936783729195,Electro,US,0,0,1.25,2,0.6931471805599453,1.1016239379643749,0.4283788046507951,-0.051796708368938564,0.21150635761356795,-0.5798097776775564,0.24144277192165084,0.024411324509562515,2.471172026389845
138,"Tonight, Tonight",The Smashing Pumpkins,1,False,297205135,193324,407,0.065,,0.94,True,62791734.0,"Tonight, Tonight (Remastered 2012)",The Smashing Pumpkins,USVI21200893,2012-11-30,255.0,0,-12.2,150.34,727683.0,album,92.0,Virgin Records,Alternative,Alternative,0.277,0.67,0.217,6.28e-05,0.751,0.237,0.0376,148.342,-9.381,6.0,1.0,7bu0znpSbTks0O6I98ij0W,US,Group,1988.0,alternative rock|dream pop|shoegaze|neo-psychedelia|grunge,1995,1995-01-01,musicbrainz,1995.0,11518.0,-269,-2.7333680090865,9.351666308066617,Alternative,US,0,1,4.25,3,1.0986122886681098,-2.3950493408109415,0.03451789661455292,-1.3650226981196936,-1.1052960575825386,-0.5342993872578155,0.9331303062053177,0.21017453755882265,23.389340190578345
139,Coleccionando Heridas,KAROL G,1,False,297001643,657213,99,0.2213,,1.0,True,3421452521.0,Coleccionando Heridas,KAROL G,USUG12502632,2025-06-20,204.0,0,-8.8,,669572.0,album,20.0,Bichota/Interscope Records,Latin Music,Latin Music,0.934,0.619,0.652,0.382,0.0,0.0868,0.04,115.068,-5.632,9.0,1.0,2XgSUQDkCdmm4LFU1BPW1c,CO,Person,1991.0,reggaeton|spanish|latin urban|latin|r&b,2025-06-20,2025-06-20,deezer,2025.0,390.0,40,-1.5082360319251331,5.966146739123692,Latin Music,Latin America (other),0,0,3.4,6,1.791759469228055,1.804794067151368,-0.23692678324826305,0.4542553450063523,0.35699364941408296,-0.5062929931533595,-0.3243253576615188,0.31479195929855175,36.9974270899774
140,Nobody’s Son,Sabrina Carpenter,1,False,294810868,664854,95,0.2255,,1.0,True,3529873531.0,Nobody’s Son,Sabrina Carpenter,USUM72504443,2025-08-29,182.0,1,-6.9,,721654.0,album,12.0,Island Records,Pop,Pop,0.452,0.735,0.65,0.336,0.0,0.0649,0.0449,173.919,-4.921,2.0,1.0,4SRShYMtFIGgnOU7iBicMH,US,Person,1999.0,pop|electropop|dance-pop|2020s|american,2025-08-29,2025-08-29,deezer,2025.0,320.0,45,-1.489435120039404,5.768320995793772,Pop,US,0,0,3.033333333333333,14,2.6390573296152584,-1.2763695898316356,0.3804768023220629,0.4458908482563475,0.18087745407661762,-0.449113271856762,1.8997091219389854,0.06113040390687474,6.3037529396004155
141,TABOLA BALE,Silet Open Up,1,False,293724231,271067,304,0.0923,,1.0,True,3706535052.0,TABOLA BALE,Silet Open Up,SGW502518151,2025-04-04,274.0,0,-11.0,,329899.0,single,1.0,SILET OPEN UP,Dance,Dance,0.785,0.867,0.863,0.205,9.65e-06,0.0897,0.0393,99.989,-6.345,10.0,1.0,4jIGZPcgg0U8Lemv2Ylg8W,,Person,,,2025-04-04,2025-04-04,deezer,2025.0,467.0,-163,-2.3827111374733305,6.1463292576688975,Dance,Unknown,0,0,4.566666666666666,1,0.0,0.8523181648889872,1.0830395031434683,1.3367097521318594,-0.320670841340947,-0.5144615247671592,-0.894174908525497,-0.32180182155689296,-27.515817587892457
142,top diesel,Beéle,1,False,293676679,375756,215,0.1279,,1.0,True,3353337131.0,top diesel,Beele,QZ7B82500345,2025-05-15,190.0,0,-7.0,,677817.0,album,26.0,5020 Records,African Music,African Music|Rap/Hip Hop,,,,,,,,,,,,,CO,Person,2003.0,latin|reggaeton|trap latino,2025-05-15,2025-05-15,deezer,2025.0,426.0,-73,-2.0565065703973398,6.054439346269371,Other,Latin America (other),0,0,3.1666666666666665,7,1.9459101490553132,,,,,,,-0.11480026870847593,-10.845580460139004
143,Wish I Knew You,The Revivalists,1,False,292052013,142324,485,0.0487,,1.0,True,135871618.0,Wish I Knew You,The Revivalists,USWU31500062,2016-09-30,274.0,0,-9.5,101.08,598346.0,album,14.0,Concord Records,Alternative,Alternative,0.649,0.719,0.717,0.147,0.0486,0.124,0.0263,101.041,-6.585,0.0,0.0,6WCjnJsxRht6zrVy7MlxZ2,US,Group,2007.0,,2015-07-15,2015-07-15,musicbrainz,2015.0,4018.0,-342,-3.022076248893593,8.29853954537488,Alternative,US,0,1,4.566666666666666,1,0.0,-0.017055813014930844,0.2953176870709834,0.7261014893815083,-0.5427303919838381,-0.6661628261662955,-0.8544188419754007,0.11559420737687498,12.254026114058526
144,twilight zone,Ariana Grande,1,False,291088885,317829,259,0.1092,,1.0,True,3294514251.0,twilight zone,Ariana Grande,USUM72501915,2025-03-28,198.0,0,-8.9,,732023.0,album,19.0,Republic Records,Pop,Pop,0.737,0.48,0.207,0.0897,0.00022,0.0984,0.0306,114.915,-7.364,5.0,1.0,1SdJK81uqfXNIhlZI9vjlg,US,Person,1993.0,pop|r&b|dance-pop|contemporary r&b|dance,2025-03-27,2025-03-27,musicbrainz,2025.0,475.0,-115,-2.214574215671332,6.163314804034641,Pop,US,0,0,3.3,3,1.0986122886681098,0.5454802903346629,-0.9767465969920158,-1.4068451818697176,-0.762109913567246,-0.615984703395812,-0.3301073711426637,-0.1322515000095641,-12.38793769763219
145,Apaguei pra todos,Ferrugem,1,False,290040267,271789,302,0.0937,,0.94,True,2714500592.0,Apaguei Pra Todos (Ao Vivo),Ferrugem,BXG3O2400032,2024-04-18,198.0,0,-9.6,,814446.0,album,15.0,WM Brazil,Brazilian Music,Brazilian Music,0.624,0.734,0.499,0.516,0.0,0.828,0.0475,139.905,-6.498,4.0,0.0,65vJAh07BdwurqR9SRa6f8,BR,Person,1988.0,,2024-01-18,2024-01-18,musicbrainz,2024.0,909.0,-157,-2.3676570897377607,6.812345094177479,Brazilian Music,Brazil,0,0,3.3,2,0.6931471805599453,-0.17686720601197473,0.3751543576188704,-0.1856286563690156,0.8700277836580039,-0.41877301157693475,0.6142881641110546,0.35204095627796006,42.196676099189155
146,Garam & Madu (Sakit Dadaku),Tenxi,1,False,290017191,161568,453,0.0557,,1.0,True,3137065741.0,Garam & Madu (Sakit Dadaku),TENXI,IDC302114186,2025-01-03,184.0,0,-8.2,,275595.0,single,1.0,Mighty Record,Rap/Hip Hop,Rap/Hip Hop,0.937,0.749,0.471,0.365,0.00619,0.14,0.0458,124.992,-6.055,3.0,0.0,3jJkB9wdKpwxnkjgUBnE4c,ID,Person,2000.0,hip hop,2024-12-20,2024-12-20,musicbrainz,2024.0,572.0,-307,-2.887775132048899,6.349138991379798,Rap/Hip Hop,Asia,0,0,3.066666666666667,3,1.0986122886681098,1.8239714343110132,0.45499102816675746,-0.302731610869083,0.2919072293980631,-0.43861087406759103,0.05071190891942992,-0.587134774426799,-44.40821649988362
147,dopamina,Peso Pluma,1,False,289145336,968012,51,0.3348,,1.0,True,3729422272.0,dopamina,Peso Pluma,QMFMG2587003,2025-12-25,185.0,1,-7.7,,648979.0,album,15.0,Double P Records,,,0.805,0.907,0.475,0.598,0.000227,0.125,0.121,119.891,-4.963,4.0,0.0,6aXr5m1pMaqOFfXKwdsgtT,MX,Person,1999.0,regional mexicano|corrido tumbado,2026-02-26,2025-12-25,deezer,2025.0,202.0,96,-1.0942219403668167,5.308267697401205,Other,Mexico,0,0,3.0833333333333335,8,2.0794415416798357,0.9801672792866223,1.295937291271167,-0.2860026173690734,1.1839740449117464,0.4389228078720284,-0.1420596647231958,-0.1259849946853452,-11.83719242091511
148,Ya Borracho,Herencia De Grandes,1,False,283940668,1085905,38,0.3824,,1.0,True,3616746992.0,Ya Borracho,Herencia De Grandes,QZ9QQ2500667,2025-11-07,158.0,0,-11.0,,658355.0,album,16.0,Rancho Humilde,,,,,,,,,,,,,,,MX,Group,2015.0,regional mexicano|sierreño,2025-11-07,2025-11-07,deezer,2025.0,250.0,110,-0.9612880978048908,5.521460917862246,Other,Mexico,0,1,2.6333333333333333,1,0.0,,,,,,,0.25893751613577565,29.55528511504786
149,SOLEAO,Myke Towers,1,False,283631073,514761,146,0.1815,,1.0,True,3368936011.0,SOLEAO,Myke Towers,USWL12502238,2025-05-29,218.0,0,-7.9,,655399.0,single,1.0,WEA Latina,Rap/Hip Hop,Rap/Hip Hop|Latin Music,0.738,0.606,0.628,0.253,1.11e-05,0.105,0.0603,104.131,-5.175,5.0,0.0,4OsBqqMwFabHATATT527tH,PR,Person,1994.0,reggaeton|latin urban|latin|trap latino,2025-05-29,2025-05-29,deezer,2025.0,412.0,3,-1.7064996252772315,6.021023349349527,Rap/Hip Hop,Latin America (other),0,0,3.6333333333333333,1,0.0,0.5518727460545446,-0.30611856438976515,0.35388138400629454,-0.1368974201192439,-0.26940557635316975,-0.7376448442189384,0.19068020011281805,21.007240917652293
150,Chula Vente,Luis R Conriquez,1,False,280140409,406113,198,0.145,,1.0,True,3465949921.0,Chula Vente,Luis R Conriquez,USQX92504015,2025-07-24,242.0,1,-12.3,,588322.0,single,1.0,K Music/Sony Music Latin,Rap/Hip Hop,Rap/Hip Hop,0.841,0.623,0.63,0.261,0.000658,0.116,0.142,98.012,-8.286,0.0,0.0,2AWY8422GKdGpGw6ejB1Ys,MX,Person,1996.0,regional mexicano|corrido|corrido belico|sierreño,,2025-07-24,deezer,2025.0,356.0,-48,-1.9310215365615626,5.87493073085203,Rap/Hip Hop,Mexico,0,0,4.033333333333333,2,0.6931471805599453,1.2102956852023647,-0.21563700443549316,0.3622458807562993,-0.10626851658229337,0.6839787562860178,-0.9688875925269618,-0.23316518651873586,-20.797726875981237
151,Wi$h Li$t,Taylor Swift,1,False,279598120,333020,244,0.1191,,1.0,True,4304169552.0,Wi$h Li$t,Taylor Swift,USUG12506443,2026-09-25,207.0,1,-9.7,,781483.0,album,16.0,Taylor Swift,Pop,Pop,0.694,0.494,0.479,0.303,1.76e-05,0.0811,0.0352,147.873,-6.543,0.0,1.0,2TEQvxxQabwLQMqWMg1qGu,US,Person,1989.0,pop|country|country pop|singer/songwriter|female vocals,2025-10-03,2025-10-03,musicbrainz,2025.0,285.0,-93,-2.127791802620883,5.652489180268651,Pop,US,0,0,3.45,11,2.3978952727983707,0.27060469437974743,-0.9022323711473212,-0.2692736238690638,0.054533226986696694,-0.5623057813622714,0.9154063563840286,-0.7353838509850992,-52.06785643468677
152,Real Man,beabadoobee,1,False,278155906,253503,327,0.0911,,1.0,True,2758748021.0,Real Man,beabadoobee,GBK3W2402964,2024-08-09,160.0,0,-8.2,,674124.0,album,14.0,Dirty Hit,Alternative,Alternative,0.555,0.745,0.442,0.636,0.0,0.146,0.0342,129.986,-5.94,10.0,0.0,0OpC8hRrbsh24taKOsQBEX,GB,Person,2000.0,indie pop|indie rock|bedroom pop|pop|lo-fi,2024-08-09,2024-08-09,deezer,2024.0,705.0,-175,-2.3957974747162245,6.558197802812269,Alternative,UK/Europe,0,0,2.6666666666666665,1,0.0,-0.6179466506838152,0.4337012493539876,-0.4240168137441526,1.3294613367122614,-0.5739751122391281,0.23943985221903202,0.1151715452082156,12.20659060924325
154,LATINA FOREVA,KAROL G,1,False,277682749,526676,141,0.1897,,1.0,True,3376766301.0,LATINA FOREVA,KAROL G,USUG12502629,2025-05-23,161.0,1,-8.1,,801921.0,single,1.0,Bichota/Interscope Records,Latin Music,Latin Music,0.826,0.727,0.555,0.00935,0.0,0.0784,0.0465,97.969,-2.865,1.0,0.0,1xo6tfm36CjWXOPGr74MmL,CO,Person,1991.0,reggaeton|spanish|latin urban|latin|r&b,2025-05-22,2025-05-22,musicbrainz,2025.0,419.0,13,-1.6623114020411685,6.037870919922137,Latin Music,Latin America (other),0,0,2.683333333333333,6,1.791759469228055,1.1144088494041384,0.3378972446965231,0.04857725263111923,-1.0697389634664927,-0.4304423424537914,-0.9705126028517284,0.2573845947075264,29.354252071310817
155,The Life of a Showgirl,Taylor Swift,1,False,277674444,318563,258,0.1147,,1.0,True,4304169602.0,The Life of a Showgirl,Taylor Swift,USUG12506447,2026-09-25,241.0,1,-9.7,,776786.0,album,16.0,Taylor Swift,Pop,Pop,0.541,0.54,0.494,0.261,0.0,0.494,0.143,157.44,-7.589,0.0,1.0,5eXgqtg3T8Av0m1FUaGHex,US,Person,1989.0,pop|country|country pop|singer/songwriter|female vocals,2025-10-03,2025-10-03,musicbrainz,2025.0,285.0,-103,-2.165435254846812,5.652489180268651,Pop,US,0,0,4.016666666666667,11,2.3978952727983707,-0.7074410307621597,-0.6573999148004676,-0.20653989824402766,-0.10626851658229337,0.6956480871628744,1.2769522581756385,-0.7730273032110284,-53.838649311994715
156,MONA LISA,j-hope,1,False,276373186,260804,318,0.0944,,1.0,True,3284803801.0,MONA LISA,j-hope,USA2P2505689,2025-03-21,137.0,0,-8.6,,638832.0,single,1.0,BIGHIT MUSIC,Asian Music,Asian Music,0.799,0.805,0.96,0.0278,9.03e-06,0.0535,0.0372,137.952,-5.009,1.0,1.0,5Fhr3wqeieN5WDkAsqL1JJ,KR,Person,1994.0,pop|hip hop|dance-pop|k-pop|r&b,2025-03-21,2025-03-21,deezer,2025.0,481.0,-162,-2.360214205830682,6.175867270105761,Asian Music,Asia,0,0,2.283333333333333,4,1.3862943611198906,0.9418125449673317,0.7530479315455357,1.7423878445070926,-0.9991010546844006,-0.5389671196085583,0.5404824626164362,-0.26220849977291305,-23.06494024411323
157,Gameboy,KATSEYE,1,False,274009050,636344,103,0.2322,,1.0,True,3423179041.0,Gameboy,KATSEYE,USUM72503467,2025-06-27,185.0,0,-6.4,,801268.0,ep,5.0,HYBE/Geffen,Pop,Pop,0.496,0.801,0.64,0.314,3.03e-06,0.0615,0.0656,118.82,-4.426,11.0,1.0,0F1CYobvh4pzGEsixhZF2k,US,Group,2023.0,pop|girl group|dance-pop|2020s|electronic,2025-06-27,2025-06-27,deezer,2025.0,383.0,54,-1.460156209718346,5.948034989180646,Pop,US,0,1,3.0833333333333335,3,1.0986122886681098,-0.9951015381568387,0.7317581527327659,0.40406836450632344,0.09664796935000368,-0.20755812270582946,-0.18253375909121278,0.3381712898598215,40.23806964263261
158,daño,Peso Pluma,1,False,273380759,1538443,29,0.5627,,1.0,True,3729422322.0,daño,Peso Pluma,QMFMG2586999,2025-12-25,197.0,1,-7.9,,692703.0,album,15.0,Double P Records,,,0.464,0.721,0.511,0.667,0.000693,0.0902,0.131,200.181,-5.092,1.0,1.0,7zjdx5o1KmOC6rnRNHVYDb,MX,Person,1999.0,regional mexicano|corrido tumbado,2026-02-26,2025-12-25,deezer,2025.0,202.0,129,-0.5750086525429038,5.308267697401205,Other,Mexico,0,0,3.283333333333333,8,2.0794415416798357,-1.1996601211930544,0.3059625764773683,-0.13544167586898673,1.4481483379179447,0.555616116640595,2.892174730055558,0.3932282931385678,48.175662558993615
159,Balanço da Rede,Matheus Fernandes,1,False,272123666,27422,711,0.0101,,1.0,True,1653003022.0,Balanço da Rede,Matheus Fernandes,BCDE52200008,2022-02-24,166.0,0,-8.3,,655580.0,single,1.0,Som Livre,Brazilian Music,Brazilian Music,0.764,0.796,0.924,0.193,0.0,0.0853,0.033,140.072,-4.611,6.0,0.0,2qmG7dokbGpDGD0T5wORWt,,Person,,,2021-10-01,2021-10-01,musicbrainz,2021.0,1748.0,-552,-4.595219855134923,7.466227556215481,Brazilian Music,Unknown,0,0,2.7666666666666666,2,0.6931471805599453,0.7180765947714702,0.7051459292168035,1.5918269030070062,-0.3666141966463727,-0.5879783092913561,0.6205992507211936,-1.5452036343956044,-78.67315619886585
160,House Tour,Sabrina Carpenter,1,False,269744346,883445,65,0.3275,,1.0,True,3529873581.0,House Tour,Sabrina Carpenter,USUM72504449,2025-08-29,167.0,0,-7.3,,732162.0,album,12.0,Island Records,Pop,Pop,0.763,0.874,0.564,0.149,0.0,0.36,0.0817,118.004,-4.934,6.0,1.0,4daUEDN2DnSEeP9nSt32Rf,US,Person,1999.0,pop|electropop|dance-pop|2020s|american,2025-08-29,2025-08-29,deezer,2025.0,320.0,95,-1.1162672239068303,5.768320995793772,Pop,US,0,0,2.783333333333333,14,2.6390573296152584,0.7116841390515886,1.1202966160658157,0.08621748800614043,-0.5350731660996004,-0.019681895588437658,-0.2133711643239868,0.43429830003944847,54.38793387015139
161,LUNA BALA,Yb Wasg'ood,1,False,268727426,266348,308,0.0991,,1.0,True,3309787361.0,LUNA BALA,Yb Wasg'ood,CA5KR2527384,2025-04-18,106.0,0,-5.6,,572775.0,ep,6.0,void,Electro,Electro,,,,,,,,,,,,,IT,Person,,,2025-04-18,2025-04-18,deezer,2025.0,453.0,-147,-2.311625837646195,6.115892125483034,Electro,UK/Europe,0,0,1.7666666666666666,1,0.0,,,,,,,-0.2896066382245639,-25.144203623769123
162,Siren sounds (bonus),Tate McRae,1,False,266210131,385512,209,0.1448,,1.0,True,3243190801.0,Siren sounds (bonus),Tate McRae,USRC12500271,2025-02-24,181.0,0,-8.4,,813041.0,album,16.0,RCA Records Label,Pop,Pop,0.321,0.659,0.162,0.015,0.0,0.287,0.0532,137.893,-6.23,7.0,1.0,6SWcn5rpHaqpjJ5au2CQqv,CA,Person,2003.0,pop|dance-pop|2020s|female vocals|pop rock,2025-02-21,2025-02-21,musicbrainz,2025.0,509.0,-47,-1.932401799030521,6.2324480165505225,Pop,Canada,0,0,3.0166666666666666,10,2.302585092994046,-2.1137812891361447,-0.02402899512056425,-1.5950463587448256,-1.0481073003435213,-0.35225782557885194,0.5382527972871057,0.2346730676441755,26.449529672159898
163,EVIL J0RDAN,Playboi Carti,1,False,265867301,229095,356,0.0862,,1.0,True,3278625201.0,EVIL J0RDAN,Playboi Carti,USUM72414866,2025-03-14,183.0,1,-11.3,,663728.0,album,30.0,AWGE/Interscope Records,Rap/Hip Hop,Rap/Hip Hop,0.689,0.36,0.0599,0.00665,6.11e-05,0.119,0.0564,154.009,-7.029,1.0,1.0,6iycYUk3oB0NPMdaDUrN1w,US,Person,1995.0,hip hop|trap|rap|southern hip hop|cloud rap,2024-01-15,2024-01-15,musicbrainz,2024.0,912.0,-193,-2.4510851013124895,6.815639990074331,Rap/Hip Hop,US,0,0,3.05,5,1.6094379124341003,0.23864241578033865,-1.6154399613751116,-2.0220539178325714,-1.0800762184102135,-0.31491596677291067,1.1472915506344012,0.27099861815363013,31.12732584051441
164,IRIS OUT,Kenshi Yonezu,1,False,263854590,482321,162,0.1828,,1.0,True,3540533651.0,IRIS OUT,Kenshi Yonezu,JPU902502821,2025-09-15,151.0,0,-8.1,,716642.0,single,1.0,Sony Music Labels Inc.,Asian Music,Asian Music,,,,,,,,,,,,,,,,,,2025-09-15,deezer,2025.0,303.0,2,-1.6993626199620875,5.713732805509369,Asian Music,Unknown,0,0,2.5166666666666666,2,0.6931471805599453,,,,,,,-0.22378145422556517,-20.051015959563912
165,For A Reason,Karan Aujla,1,False,263653349,431734,184,0.1638,,1.0,True,3495188931.0,For A Reason,Karan Aujla,CAW112500963,2025-08-22,180.0,0,-6.8,,330377.0,album,11.0,WM Canada,Rap/Hip Hop,Rap/Hip Hop|Pop,,,,,,,,,,,,,IN,Person,1997.0,karanaujal,2025-08-22,2025-08-22,deezer,2025.0,327.0,-19,-1.809109107563168,5.7899601708972535,Rap/Hip Hop,Asia,0,0,3.0,3,1.0986122886681098,,,,,,,-0.22868425206449605,-20.442030350239293
166,Triple Lavada,Esau Ortiz,1,False,263265257,265525,310,0.1009,,1.0,True,3298488061.0,Triple Lavada,Esaú Ortiz,MXA4M2500036,2025-03-28,165.0,1,-8.2,,564582.0,single,1.0,ESAU ORTIZ AZUARA/Sony Music Latin,Rap/Hip Hop,Rap/Hip Hop,0.909,0.583,0.557,0.417,0.0,0.137,0.0847,100.012,-5.735,10.0,0.0,0ZDV3tNhU0FAhUwcKYlSTn,MX,Person,2001.0,regional mexicano|corrido tumbado,2025-03-28,2025-03-28,deezer,2025.0,474.0,-144,-2.2936253516225737,6.161207321695077,Rap/Hip Hop,Mexico,0,0,2.75,2,0.6931471805599453,1.644982674154324,-0.428534792563192,0.05694174938112404,0.49099510238824134,0.0153260970421323,-0.8933057169564361,-0.21394769721237417,-19.26093873018937
167,quédate,Beéle,1,False,263139505,320547,256,0.1218,,1.0,True,3353337121.0,quédate,Beele,QZ7B82500303,2025-05-15,176.0,0,-8.5,,649482.0,album,26.0,5020 Records,African Music,African Music|Rap/Hip Hop,,,,,,,,,,,,,CO,Person,2003.0,latin|reggaeton|trap latino,2025-05-15,2025-05-15,deezer,2025.0,426.0,-89,-2.10537492370634,6.054439346269371,Other,Latin America (other),0,0,2.933333333333333,7,1.9459101490553132,,,,,,,-0.16366862201747634,-15.097667709499063
168,111,Yan Block,1,False,263083211,439540,179,0.1671,,1.0,True,3217527071.0,111,Yan Block,QM4TX2502883,2025-02-20,153.0,1,0.0,,491848.0,single,1.0,Sonar LLC.,Latin Music,Latin Music,0.792,0.498,0.14,0.501,0.165,0.0951,0.196,127.974,-10.327,4.0,0.0,2SPBFiD8iITb8CKJGz1TEQ,PR,Person,,,2025-02-20,2025-02-20,deezer,2025.0,510.0,-11,-1.7891628433807891,6.234410725718371,Latin Music,Latin America (other),0,0,2.55,1,0.0,0.8970653549281594,-0.8809425923345513,-1.6870558229948787,0.8125985895262217,1.3141226236362766,0.1634044853950837,0.3802576344917219,46.26613729153024
169,We Hug Now,Sydney Rose,1,False,262780117,336165,242,0.1279,,1.0,True,3262900941.0,We Hug Now,Sydney Rose,QZNWP2551442,2025-03-04,249.0,0,-11.5,,752782.0,single,1.0,Sydney Rose,Pop,Pop,0.367,0.332,0.208,0.714,0.000977,0.122,0.0352,120.05,-10.86,0.0,1.0,0QFcAkEdiXKATgs6ynEgLz,US,Person,,,2025-02-13,2025-02-13,musicbrainz,2025.0,517.0,-73,-2.0565065703973398,6.248042874508429,Pop,US,0,0,4.15,1,0.0,-1.8197283260215844,-1.7644684130645005,-1.4026629334947154,1.6280931461975288,-0.5623057813622714,-0.13605090561533933,0.12911101583373652,13.78164327943987
170,SPAGHETTI,LE SSERAFIM,1,False,262468327,505027,149,0.1924,,1.0,True,3614444782.0,SPAGHETTI,LE SSERAFIM,USA2P2552922,2025-10-24,172.0,1,-7.5,,731179.0,single,8.0,SOURCE MUSIC,Asian Music,Asian Music,0.9,0.819,0.872,0.0813,0.0,0.289,0.0724,111.5,-4.641,11.0,1.0,2N9miXnewVmUrgl6JSK1FI,KR,Group,2022.0,k-pop|girl group|4th gen k-pop,2025-10-24,2025-10-24,deezer,2025.0,264.0,21,-1.648178740750531,5.575949103146316,Asian Music,Asia,0,1,2.8666666666666667,2,0.6931471805599453,1.5874505726753882,0.8275621573902298,1.374349987506881,-0.7942702622810441,-0.1282066727432043,-0.45916342367933655,-0.3575247945707918,-30.059464272790258
171,kota ini tak sama tanpamu,Nadhif Basalamah,1,False,262372520,1037771,45,0.3955,,1.0,True,3502472981.0,kota ini tak sama tanpamu (with Aziz Harun & Aisha Retno),Nadhif Basalamah,FRX872527141,2025-08-15,269.0,0,-8.7,,140709.0,single,2.0,After School Records & Faithful Music,Pop,Pop,,,,,,,,,,,,,ID,Person,2000.0,,2025-06-20,2025-06-20,musicbrainz,2025.0,390.0,126,-0.9276044917744285,5.966146739123692,Pop,Asia,0,0,4.483333333333333,2,0.6931471805599453,,,,,,,0.8954234994492564,144.83724543192977
172,"Phir Mohabbat (From ""Murder 2"")",Mohammed Irfan,1,False,261623436,267039,307,0.1021,,1.0,True,3130800131.0,"Phir Mohabbat (From ""Murder 2"")",Mohammed Irfan,INS181101313,2024-11-05,329.0,0,-8.8,,113165.0,album,50.0,Super Cassettes Industries Private Limited,,,0.461,0.481,0.262,0.789,1.01e-06,0.127,0.0327,199.807,-6.389,0.0,0.0,2b2HutIDmoeBnnKRWDLAtV,IN,Person,1984.0,usure,2011-05-30,2011-05-30,musicbrainz,2011.0,5525.0,-135,-2.2818025538115174,8.617038526385954,Other,Asia,0,0,5.483333333333333,1,0.0,-1.2188374883526998,-0.9714241522888233,-1.1768215212445854,1.9152391168564398,-0.5914791085544131,2.878040919323869,0.8208633685257523,127.24609620946485
173,Haseen,Talwiinder,1,False,259094630,332307,247,0.1283,,1.0,True,3236914121.0,Haseen,Talwiinder,TCAJH2583153,2025-02-23,174.0,0,-10.4,,289826.0,single,1.0,Talwiinder,R&B,R&B,,,,,,,,,,,,,IN,Person,,soul|haseen,2025-02-23,2025-02-23,deezer,2025.0,507.0,-74,-2.0533840073605463,6.2285110035911835,R&B,Asia,0,0,2.9,1,0.0,,,,,,,0.10897543306079616,11.513495455230128
174,caperuza,Fuerza Regida,1,False,254822590,892774,63,0.3504,,1.0,True,3345439241.0,caperuza,Fuerza Regida,QZ9QQ2500161,2025-05-02,179.0,1,-8.9,,615188.0,album,12.0,Rancho Humilde/Street Mob Records/Sony Music Latin,,,0.685,0.6,0.518,0.251,0.0,0.111,0.0439,79.949,-5.317,4.0,0.0,6272S5nkbOvQDazRYq6muV,MX,Group,2015.0,regional mexicano,2025-05-02,2025-05-02,deezer,2025.0,439.0,111,-1.0486799199199006,6.0844994130751715,Other,Mexico,0,1,2.9833333333333334,9,2.1972245773362196,0.21307259290081235,-0.33805323260891995,-0.10616593724396986,-0.14455464600348153,-0.46078260273361865,-1.6515053017421646,0.93258941553818,154.10805794372175
175,Presepada,Marília Mendonça,1,False,254794861,46077,675,0.0181,,1.0,True,3776796112.0,Presepada,Marília Mendonça,BRWNV2100062,2026-01-28,196.0,0,-8.2,,251058.0,album,42.0,Som Livre,Brazilian Music,Brazilian Music,0.606,0.733,0.672,0.368,0.0,0.144,0.175,166.199,-4.46,9.0,1.0,3YvE7uo4ffseBoJPh8IhHp,BR,Person,1995.0,sertanejo|sertanejo universitário,2021-10-14,2021-10-14,musicbrainz,2021.0,1735.0,-500,-4.011843340710357,7.45876269238096,Brazilian Music,Brazil,0,0,3.2666666666666666,1,0.0,-0.2919314089698463,0.36983191291567796,0.5379003125064005,0.3033930682244195,1.069066675222287,1.6079630822367563,-0.9641156715773112,-61.867973697321
176,LA VILLA,Ryan Castro,1,False,253802869,1080931,40,0.4259,,1.0,True,3613707422.0,LA VILLA,Ryan Castro,QMFMF2513037,2025-10-23,194.0,1,-8.6,,775990.0,album,13.0,AWOO Corp./Sony Music Latin,Rap/Hip Hop,Rap/Hip Hop,0.741,0.908,0.876,0.0492,1.06e-05,0.103,0.0666,180.067,-3.383,2.0,0.0,6YkGw5op7PeyP2gmMMMrfJ,CO,Person,1994.0,latin|reggaeton,2025-10-23,2025-10-23,deezer,2025.0,265.0,136,-0.8535507020529692,5.579729825986222,Rap/Hip Hop,Latin America (other),0,0,3.2333333333333334,1,0.0,0.5710501132141899,1.3012597359743596,1.3910789810068906,-0.917168737723058,-0.1958887918289728,2.132047807442781,0.44205812363926167,55.5906172735064
177,wgft,Gunna,1,False,252936359,590337,116,0.2334,,1.0,True,3495737481.0,wgft (feat. Burna Boy),Gunna,USAT22505839,2025-08-08,184.0,1,-10.5,,815560.0,album,25.0,300 Entertainment,Rap/Hip Hop,Rap/Hip Hop,,,,,,,,,,,,,US,Person,1993.0,hip hop|trap|pop rap|southern hip hop,2025-08-07,2025-08-07,musicbrainz,2025.0,342.0,61,-1.4550015591296814,5.834810737062605,Rap/Hip Hop,US,0,0,3.066666666666667,2,0.6931471805599453,,,,,,,0.1874173559219987,20.61305657533492
178,Beautiful People,David Guetta,1,False,252782826,353417,229,0.1398,,1.0,True,3229131161.0,Beautiful People,David Guetta,UKWLG2500016,2025-03-07,187.0,0,-7.9,,854734.0,single,2.0,Atlantic Records UK,Dance,Dance,0.739,0.761,0.417,0.107,0.0,0.131,0.0904,127.033,-5.39,9.0,0.0,6DGLrATEkomMZNTh1PRnSL,FR,Person,1967.0,house|dance-pop|dance|electro house|electronic,2025-03-07,2025-03-07,deezer,2025.0,495.0,-51,-1.9675424491824272,6.20455776256869,Dance,UK/Europe,0,0,3.1166666666666667,2,0.6931471805599453,0.5582652017744264,0.5188603646050671,-0.5285730231192128,-0.6958749096685907,0.08184128304021512,0.12784321293915127,0.16583046475430763,18.037296993759266
179,Good News,Shaboozey,1,False,249878133,344740,233,0.138,,1.0,True,3056032231.0,Good News,Shaboozey,USUYG1580113,2024-11-15,199.0,0,0.0,,770960.0,single,1.0,American Dogwood / EMPIRE,Country,Country,0.572,0.535,0.414,0.471,3.61e-06,0.0902,0.0391,161.794,-7.493,8.0,1.0,54p6vNJwGkt4FTaM8SCsxt,US,Person,1995.0,country|hip hop|country pop|stomp and holler,2024-11-15,2024-11-15,deezer,2024.0,607.0,-54,-1.9805015938249322,6.408528791059498,Country,US,0,0,3.316666666666667,2,0.6931471805599453,-0.5092749034458259,-0.6840121383164299,-0.54111976824422,0.6977402012626572,-0.5167953909425306,1.4414940012926734,0.3835983875228388,46.75559345389581
180,Insomnia (Monster Mix),Faithless,1,False,248910145,149198,472,0.0599,,1.0,True,560269.0,Insomnia (Monster Mix),Faithless,GBBXH9820028,2005-08-30,522.0,0,-9.7,126.8,655207.0,album,16.0,Cheeky Records,Pop,Pop,0.683,0.937,0.305,0.028,0.768,0.141,0.0335,126.872,-6.388,11.0,0.0,2FH3BLTMhJlCH1Dmkua5DW,GB,Group,1995.0,electronic|trip hop|trance|house|progressive house,1996,1996-01-01,musicbrainz,1996.0,11153.0,-292,-2.8150787738607335,9.319463798994537,Pop,UK/Europe,0,1,8.7,1,0.0,0.20028768146104883,1.4556106323669413,-0.996984841119482,-0.9983353320959767,-0.5821436438529277,0.1217588719557239,0.13668109267047246,14.646247492921983
181,Illegal,PinkPantheress,1,False,247298025,501710,153,0.2029,,1.0,True,3344984901.0,Illegal,PinkPantheress,GBAYE2500293,2025-05-09,149.0,0,-8.3,,764503.0,album,9.0,Warner Records,Pop,Pop,,,,,,,,,,,,,GB,Person,2001.0,uk garage|drum and bass|pop|jungle|alternative pop,2025-05-09,2025-05-09,deezer,2025.0,432.0,28,-1.595042032150368,6.068425588244111,Pop,UK/Europe,0,0,2.4833333333333334,3,1.0986122886681098,,,,,,,0.3651340253375144,44.07070864637576
182,Ilusão De Ótica,Matheus & Kauan,2,True,246780032,389882,205,0.158,,0.94,True,3189321571.0,Ilusão De Ótica (Ao Vivo),Matheus & Kauan,BKU8M2500001,2025-01-24,180.0,0,-7.5,,904424.0,ep,6.0,Universal Music Ltda (S&D),Brazilian Music,Brazilian Music,0.623,0.892,0.769,0.381,0.0,0.237,0.0656,163.015,-3.286,9.0,1.0,4XBrii08d2IVQoCCGChHZ7,BR,Group,2010.0,sertanejo|pop|country,,2025-01-24,deezer,2025.0,537.0,-23,-1.8451602459551701,6.285998094508865,Brazilian Music,Brazil,1,1,3.0,1,0.0,-0.18325966173185648,1.21610062072328,0.9435784048816336,0.3531650364719641,-0.20755812270582946,1.4876367363284784,0.3846882846025206,46.91562914200087
183,Penyangkalan,For Revenge,1,False,245766969,721281,89,0.2935,,1.0,True,3667232552.0,Penyangkalan,For Revenge,IDAC52400095,2025-12-11,241.0,0,-6.5,,120698.0,album,14.0,Sony Music Entertainment,Pop,Pop,0.444,0.812,0.513,0.00187,0.0,0.325,0.0332,77.005,-4.531,11.0,0.0,5BEaISZ1DicXxN6DJ5kdtg,FI,Group,2001.0,black metal|experimental black metal|darkness|evil|satan,2025-12-11,2025-12-11,deezer,2025.0,216.0,94,-1.225877639713986,5.375278407684165,Pop,Other,0,1,4.016666666666667,2,0.6931471805599453,-1.3275092355906895,0.7903050444678831,-0.1270771791189819,-1.0983769882735415,-0.5856444431159847,-1.7627618225819786,-0.183233741791077,-16.742647423571754
184,"Sally, When The Wine Runs Out",ROLE MODEL,1,False,245213334,428320,187,0.1747,,1.0,True,3232179181.0,"Sally, When The Wine Runs Out",ROLE MODEL,USUM72500706,2025-02-14,218.0,1,-9.4,,672848.0,album,17.0,Interscope Records,Pop,Pop,0.678,0.814,0.857,0.015,0.0,0.104,0.0294,119.974,-6.065,1.0,1.0,2J051fjLklkoPbzOoTAACZ,US,Person,1997.0,pop,2024-07-19,2024-07-19,musicbrainz,2024.0,726.0,-3,-1.7446850618421261,6.587550014824796,Pop,US,0,0,3.6333333333333333,1,0.0,0.16832540286164005,0.8009499338742674,1.311616261881845,-1.0481073003435213,-0.62998790044804,-0.13892301688701905,0.7929513535848134,120.99090339740681
185,Wood,Taylor Swift,1,False,244532763,238513,344,0.0975,,1.0,True,4304169562.0,Wood,Taylor Swift,USUG12506444,2026-09-25,150.0,1,-9.4,,839885.0,album,16.0,Taylor Swift,Pop,Pop,0.796,0.706,0.781,0.271,0.0,0.587,0.191,99.961,-6.846,5.0,1.0,5ylJtmaWPJ33cW3En7WOu0,US,Person,1989.0,pop|country|country pop|singer/songwriter|female vocals,2025-10-03,2025-10-03,musicbrainz,2025.0,285.0,-159,-2.3279029009783354,5.652489180268651,Pop,US,0,0,2.5,11,2.3978952727983707,0.9226351778076864,0.22612590592948126,0.9937653853816625,-0.06798238716110522,1.2557759692519934,-0.8952330547834846,-0.9354949493425517,-60.760839650562204
186,Afsos,Anuv Jain,1,False,244445747,256860,322,0.1051,,1.0,True,3201192741.0,Afsos,Anuv Jain,INUM72500068,2025-01-31,192.0,0,-12.8,,329779.0,single,1.0,"Universal Music India Pvt. Ltd. (on behalf of Anuv Jain, AP DHILLON INC/Republic Records)",Pop,Pop,0.702,0.341,0.582,0.502,0.0,0.143,0.0349,96.94,-10.612,0.0,0.0,4Qm7r3ImER8S2Ori1gLMAf,IN,Person,1995.0,singer-songwriter|indie|indian pop,2025-01-31,2025-01-31,deezer,2025.0,530.0,-136,-2.2528430010992317,6.272877006546167,Pop,Asia,0,0,3.2,2,0.6931471805599453,0.3217443401388015,-1.7165664107357683,0.16149795875618378,0.8164272024683404,-0.5658065806253284,-1.0093994778327637,-0.03814156374170663,-3.7423334708832967
187,Victory Lap,Fred again..,1,False,243683459,490129,155,0.2011,,1.0,True,3413895391.0,Victory Lap,Fred again..,GBAHS2500558,2025-06-18,165.0,1,-6.5,,743902.0,single,1.0,Atlantic Records UK,Electro,Electro|Dance,0.891,0.749,0.588,0.163,1.95e-06,0.0922,0.112,140.041,-3.087,11.0,1.0,6Oi5OOQcnkRvU90WgFV32x,GB,Person,1993.0,electronic|uk garage|edm|future garage|dance,2022-01-18,2025-06-18,deezer,2025.0,392.0,32,-1.6039529822035308,5.971261839790462,Electro,UK/Europe,0,0,2.75,1,0.0,1.5299184711964524,0.45499102816675746,0.18659144900619823,-0.48147258490993705,0.33389882998031867,0.6194277316498502,0.2260327496384007,25.361672010019443
188,Eu Me Apaixonei,Vitinho Imperador,1,False,242135260,485885,157,0.2007,,1.0,True,3240320441.0,Eu Me Apaixonei,Vitinho Imperador,BC8VV2500003,2025-02-27,205.0,0,-7.3,,885508.0,single,1.0,Vitinho Imperador,Brazilian Music,Brazilian Music,,,,,,,,,,,,,,,,,,2025-02-27,deezer,2025.0,503.0,31,-1.6059440231798447,6.220590170099739,Brazilian Music,Unknown,0,0,3.4166666666666665,1,0.0,,,,,,,0.5468866023814996,72.78651037609787
189,Mi Vida Mi Muerte,Neton Vega,1,False,241675020,311897,268,0.1291,,1.0,True,3166656081.0,Mi Vida Mi Muerte,Neton Vega,US3DF2500001,2025-01-20,175.0,0,-9.1,,497543.0,single,1.0,Josa Records,Latin Music,Latin Music,0.792,0.717,0.361,0.13,0.00557,0.379,0.0513,83.976,-3.902,2.0,0.0,2Vw8vOliCmBOAys8Q2xzJZ,MX,Person,2003.0,regional mexicano|corrido tumbado,2025-02-14,2025-01-20,deezer,2025.0,541.0,-79,-2.0471679811295402,6.293419278846481,Latin Music,Mexico,0,0,2.9166666666666665,10,2.302585092994046,0.8970653549281594,0.2846727976645984,-0.7627789321193474,-0.6078168119998579,-0.37442955424487956,-1.4993211952809111,0.1911808014694607,21.06783247146091
190,Actually Romantic,Taylor Swift,1,False,241563671,250965,331,0.1039,,1.0,True,4304169542.0,Actually Romantic,Taylor Swift,USUG12506442,2026-09-25,163.0,1,-9.7,,854852.0,album,16.0,Taylor Swift,Pop,Pop,0.708,0.427,0.718,0.497,0.0,0.103,0.169,169.949,-7.804,1.0,0.0,2x3mwb96B6TquRqMtbxUE1,US,Person,1989.0,pop|country|country pop|singer/songwriter|female vocals,2025-10-03,2025-10-03,musicbrainz,2025.0,285.0,-141,-2.2643263808769554,5.652489180268651,Pop,US,0,0,2.716666666666667,11,2.3978952727983707,0.36009907445809197,-1.2588361662612164,0.7302837377565108,0.7972841377577464,0.9990506899611474,1.7496790989314919,-0.8719184292411717,-58.185140919932444
191,Lover Girl,Laufey,1,False,240785150,683948,93,0.284,,1.0,True,3401301081.0,Lover Girl,Laufey,QM6N22553527,2025-06-25,164.0,0,-8.6,,746032.0,single,1.0,Vingolf Recordings,Pop,Pop,0.658,0.447,0.899,0.836,0.0,0.0752,0.155,87.907,-7.225,11.0,1.0,4nwjvcUjV7cexhwA40Bh5i,IS,Person,1999.0,jazz pop|singer-songwriter|2020s|gen z|jazz,2025-06-25,2025-06-25,deezer,2025.0,385.0,98,-1.258781040820931,5.953243334287785,Pop,Other,0,0,2.7333333333333334,1,0.0,0.04047628846400495,-1.152387272197367,1.4872706936319462,2.095183925136024,0.8356800576851543,-1.350765018847043,0.5466593109833784,72.74724195143465
192,Shiny,Easykid,1,False,239809390,290545,289,0.1212,,1.0,True,3393136571.0,Shiny,Easykid,QZNJW2532497,2025-06-11,158.0,0,-8.7,,720927.0,album,12.0,Easykid,Electro,Electro,0.73,0.776,0.626,0.218,2.85e-06,0.511,0.0417,110.035,-5.069,1.0,0.0,72aGCwuSwD5Qb3tHvXBoX3,,Person,1995.0,,2025-06-11,2025-06-11,deezer,2025.0,399.0,-97,-2.110313205346923,5.988961416889864,Electro,Unknown,0,0,2.6333333333333333,1,0.0,0.5007331002954906,0.5986970351529541,0.3455168872562897,-0.2708988730934024,-0.4864551306627033,-0.5145271475347467,-0.25631987570365244,-22.610562081368514
193,All The Way,BigXthaPlug,1,False,238832982,426729,188,0.1787,,1.0,True,3279419081.0,All The Way (feat. Bailey Zimmerman),BigXthaPlug,QZLL92584883,2025-04-04,165.0,1,-10.5,,528282.0,single,1.0,BigXthaPlug under exclusive license to UnitedMasters LLC,Rap/Hip Hop,Rap/Hip Hop,0.77,0.59,0.425,0.278,0.0,0.149,0.0385,135.058,-6.374,11.0,1.0,0bbGQllOofSd6vJtkPlUkF,US,Person,1998.0,hip hop|trap|country|southern hip hop,2025-04-04,2025-04-04,deezer,2025.0,467.0,5,-1.7220468568167546,6.1463292576688975,Rap/Hip Hop,US,0,0,2.75,2,0.6931471805599453,0.7564313290907608,-0.3912776796408447,-0.49511503611919355,-0.0411820965662735,-0.5237969894686445,0.4311154886658853,0.33886245909968293,40.3350313872548
194,sobelove,Beéle,1,False,237974227,208376,383,0.0876,,1.0,True,3257124661.0,sobelove,Beele,QZ7B82400249,2025-03-06,135.0,0,-8.2,,600261.0,single,1.0,5020 Records,Rap/Hip Hop,Rap/Hip Hop,0.756,0.721,0.715,0.36,9.88e-06,0.0794,0.191,111.994,-4.046,8.0,0.0,4GZOxR1IuvoRiUz0gpmASl,CO,Person,2003.0,latin|reggaeton|trap latino,2025-05-15,2025-03-06,deezer,2025.0,496.0,-189,-2.4349742810397914,6.206575926724928,Rap/Hip Hop,Latin America (other),0,0,2.25,7,1.9459101490553132,0.6669369490124162,0.3059625764773683,0.7177369926315035,0.272764164687469,1.2557759692519934,-0.4404947004134167,-0.29913963509766317,-25.854413105643747
195,her,JVKE,1,False,237861799,467015,167,0.1963,,1.0,True,2964676301.0,her,JVKE,QMBZ92455368,2024-08-30,171.0,0,-7.4,,778072.0,single,1.0,JVKE,Pop,Pop,0.434,0.589,0.582,0.932,0.00022,0.496,0.0342,143.728,-5.529,11.0,1.0,6G9YlbU3ByPJQvOFDRdwyM,US,Person,2001.0,pop|indie pop|alternative pop|2020s|gen z,2024-08-30,2024-08-30,deezer,2024.0,684.0,28,-1.6281111776997217,6.52795791762255,Pop,US,0,0,2.85,1,0.0,-1.391433792789507,-0.39660012434403713,0.16149795875618378,2.46273076757943,-0.5739751122391281,0.7587629192641148,0.8546613236944514,135.05781606247535
196,Baby Steps,Olivia Dean,1,False,235579694,608717,108,0.2584,,1.0,True,3562948131.0,Baby Steps,Olivia Dean,GBUM72503092,2025-09-26,197.0,0,-9.4,,786965.0,album,12.0,PLG - Capitol,Pop,Pop,0.698,0.671,0.385,0.162,0.0341,0.11,0.0567,94.954,-8.457,0.0,1.0,5SruEBX3KpgpDvEcIuN53P,GB,Person,1999.0,neo soul|pop soul|pop|female vocals|indie pop,2025-09-26,2025-09-26,deezer,2025.0,292.0,88,-1.35324650707369,5.676753802268282,Pop,UK/Europe,0,0,3.283333333333333,9,2.1972245773362196,0.29617451725927446,0.03984034131774539,-0.6624049711192896,-0.4853011978520559,-0.31141516750985365,-1.0844522802742957,0.07196254036509475,7.461508862095778
197,Ama Um Maloqueiro,Rafa e Junior,1,False,234800789,425471,190,0.1812,,1.0,True,4061078581.0,Ama Um Maloqueiro,Rafa e Junior,TCAJQ2510682,2025-06-01,162.0,0,-8.2,,884038.0,single,1.0,WM Brazil,Brazilian Music,Brazilian Music,,,,,,,,,,,,,,,,,,2025-06-01,deezer,2025.0,409.0,7,-1.708153885373258,6.013715156042802,Brazilian Music,Unknown,0,0,2.7,1,0.0,,,,,,,0.17921920748199005,19.628294960126702
198,Ojos Tristes,Selena Gomez,1,False,233736293,222788,367,0.0953,,1.0,True,3285871861.0,Ojos Tristes,Selena Gomez,USUG12408959,2025-03-21,201.0,0,-7.7,,732243.0,album,14.0,SMG Music LLC & Friends Keep Secrets under exclusive license to Interscope Records,Pop,Pop,0.666,0.628,0.731,0.735,0.0352,0.204,0.0291,110.031,-7.185,8.0,1.0,1DFmBjoeQN9DpOVTEewyx0,US,Person,1992.0,pop|dance-pop|electropop|teen pop|rock,2025-03-19,2025-03-19,musicbrainz,2025.0,483.0,-169,-2.3507254683219805,6.180016653652572,Pop,US,0,0,3.35,3,1.0986122886681098,0.091615934223059,-0.18902478091953082,0.784652966631542,1.7084940179820238,-0.633488699711097,-0.5146783112858875,-0.24756292022362159,-21.929890262211536
199,CANCELLED!,Taylor Swift,1,False,233533573,224553,362,0.0962,,1.0,True,4304169572.0,CANCELLED!,Taylor Swift,USUG12506445,2026-09-25,211.0,1,-10.1,,780524.0,album,16.0,Taylor Swift,Pop,Pop,0.725,0.399,0.463,0.534,0.0,0.193,0.0371,90.911,-8.652,7.0,0.0,1appZ3c336FkPvCuywfmrs,US,Person,1989.0,pop|country|country pop|singer/songwriter|female vocals,2025-10-03,2025-10-03,musicbrainz,2025.0,285.0,-163,-2.3413259213104762,5.652489180268651,Pop,US,0,0,3.5166666666666666,11,2.3978952727983707,0.4687708216960818,-1.4078646179506054,-0.3361895978691021,0.9389428166161427,-0.5401340526962438,-1.2372410417401132,-0.9489179696746926,-61.284028455221375
200,Let Alone The One You Love,Olivia Dean,1,False,232727573,469143,166,0.2016,,1.0,True,3562948081.0,Let Alone The One You Love,Olivia Dean,GBUM72503088,2025-09-26,186.0,0,-9.5,,755608.0,album,12.0,PLG - Capitol,Pop,Pop,0.553,0.423,0.312,0.704,0.00013,0.101,0.0344,82.269,-8.25,8.0,1.0,3Vd4fHzwS6pBS3muymjiDi,GB,Person,1999.0,neo soul|pop soul|pop|female vocals|indie pop,2025-09-26,2025-09-26,deezer,2025.0,292.0,34,-1.6014697427849236,5.676753802268282,Pop,UK/Europe,0,0,3.1,9,2.1972245773362196,-0.6307315621235786,-1.2801259450739864,-0.9677091024944652,1.5898070167763405,-0.5716412460637568,-1.5638303260803545,-0.17626069534613875,-16.16006119737421
201,NOW OR NEVER,Tkandz,1,False,232175017,425135,191,0.1831,,0.94,True,3638773072.0,NOW OR NEVER - Slowed,Tkandz,USAT22508690,2025-10-02,132.0,0,-9.3,,720021.0,single,3.0,Timing Is Everything Ent,Rap/Hip Hop,Rap/Hip Hop,,,,,,,,,,,,,,,,,2025-09-12,2025-09-12,musicbrainz,2025.0,306.0,10,-1.697722827301672,5.723585101952381,Rap/Hip Hop,Unknown,0,0,2.2,1,0.0,,,,,,,-0.20865543004251386,-18.832513376135395
202,Better Me For You (Brown Eyes),Max McNown,1,False,232133487,482812,161,0.208,,1.0,True,3092229871.0,Better Me For You (Brown Eyes),Max McNown,QMGVJ2400200,2025-01-24,194.0,0,-8.3,,630867.0,album,10.0,Fugitive Recordings,Country,Country|Singer & Songwriter,0.574,0.649,0.565,0.165,0.0,0.175,0.0265,76.028,-6.228,0.0,1.0,4Iu73sdCNxZXZUIyClMoPZ,US,Person,2001.0,folk|singer-songwriter|bluegrass|country|americana,2025-01-24,2025-01-24,deezer,2025.0,537.0,41,-1.5702171992808192,6.285998094508865,Country,US,0,0,3.2333333333333334,1,0.0,-0.4964899920060625,-0.07725344215248894,0.09039973638114283,-0.47381535902569943,-0.6638289599909243,-1.79968356879818,0.6596313312768716,93.40791684516564
203,Love Hangover,JENNIE,1,False,231697292,164968,443,0.0712,,1.0,True,3208895561.0,Love Hangover,JENNIE,USQX92500253,2025-01-31,180.0,1,-7.6,,558821.0,single,1.0,OA Entertainment/Columbia,Asian Music,Asian Music|Pop,0.624,0.781,0.581,0.121,0.0,0.13,0.234,147.797,-6.009,0.0,0.0,5SNDuoVhdgf5JUg3nx25sr,KR,Person,1996.0,k-pop|pop|hip hop|rock|dance,2025-01-31,2025-01-31,deezer,2025.0,530.0,-240,-2.642262460564207,6.272877006546167,Asian Music,Asia,0,0,3.0,7,1.9459101490553132,-0.17686720601197473,0.6253092586689165,0.15731571038118136,-0.6422743284789272,1.757557196956829,0.9125342451123488,-0.42756102320668177,-34.79023923051274
204,Fable,Gigi Perez,1,False,230410520,276042,298,0.1198,,1.0,True,3050838911.0,Fable,Gigi Perez,USUG12407607,2024-10-25,261.0,0,-11.2,,666135.0,single,1.0,Gigi Perez PS/ Island,Alternative,Alternative,0.324,0.3,0.138,0.417,0.0,0.0864,0.0295,101.621,-9.949,10.0,1.0,1e0vsza0hIVYv9Mkz542qn,US,Person,2000.0,indie pop|indie folk|queer|2020s|gen z,2024-10-25,2024-10-25,deezer,2024.0,628.0,-94,-2.121931593300788,6.4425401664681985,Alternative,US,0,0,4.35,1,0.0,-2.0946039219764994,-1.9347866435666594,-1.6954203197448834,0.49099510238824134,-0.6288209673603543,-0.8325000980599484,0.2771682125727195,31.938829006833824
205,Zoo,Disney,1,False,229200631,937894,53,0.4092,,0.94,True,3654438642.0,Hoofdstuk 15 - Zootropolis 2,Disney,DE1JS9397345,2025-12-01,128.0,0,-17.3,,98383.0,album,91.0,SAGA Kids,,,,,,,,,,,,,,,US,Other,1923.0,special purpose artist|special purpose|fixme|bogus artist|use actual artists,,2025-12-01,deezer,2025.0,226.0,152,-0.8935512449046656,5.420534999272286,Other,US,0,0,2.1333333333333333,1,0.0,,,,,,,0.2020290202134809,22.388352495717246
206,Ruin The Friendship,Taylor Swift,1,False,229101715,326872,252,0.1427,,1.0,True,4304169532.0,Ruin The Friendship,Taylor Swift,USUG12506441,2026-09-25,220.0,0,-8.9,,797559.0,album,16.0,Taylor Swift,Pop,Pop,0.615,0.698,0.594,0.372,0.0,0.104,0.107,159.883,-5.948,7.0,1.0,6ELVyix1yp8H9qt1IneOj9,US,Person,1989.0,pop|country|country pop|singer/songwriter|female vocals,2025-10-03,2025-10-03,musicbrainz,2025.0,285.0,-46,-1.9470107544993465,5.652489180268651,Pop,US,0,0,3.6666666666666665,11,2.3978952727983707,-0.2343993074909105,0.18354634830394148,0.21168493925621265,0.3187075199928948,0.2755521755960354,1.369275519185036,-0.5546028028635628,-42.56996736548951
207,"Gehra Hua (From ""Dhurandhar"")",Shashwat Sachdev,1,False,228305619,1009236,47,0.4421,,1.0,True,3681509082.0,"Gehra Hua (From ""Dhurandhar"")",Shashwat Sachdev,INH102506955,2025-11-27,362.0,0,-13.1,,339639.0,single,1.0,Saregama India Ltd,,,,,,,,,,,,,,,IN,Person,,,,2025-11-27,deezer,2025.0,230.0,160,-0.8162191781499395,5.438079308923196,Other,Asia,0,0,6.033333333333333,2,0.6931471805599453,,,,,,,0.30041004623212153,35.04124255906791
208,Devil in Disguise,Marino,1,False,227773199,358056,225,0.1572,,1.0,True,3459977161.0,Devil in Disguise,Marino,CA5KR2543145,2025-07-18,105.0,0,-9.4,,763046.0,single,1.0,broke,Alternative,Alternative,0.899,0.403,0.617,0.508,2.87e-05,0.111,0.0642,109.982,-9.674,1.0,0.0,3MKhTroJs5GF9H7LqN9fiw,CA,Person,1954.0,heavy metal|hard rock|blues rock,2025-07-18,2025-07-18,deezer,2025.0,362.0,-17,-1.8502363989870307,5.8916442118257715,Alternative,Canada,0,0,1.75,1,0.0,1.5810581169555065,-1.3865748391378354,0.30787665188126806,0.8393988801210533,-0.22389518593342891,-0.5165300672373656,-0.12932742284101373,-12.13137834970176
209,NO BATIDÃO,ZXKAI,1,False,227521371,580132,118,0.255,,1.0,True,3537531961.0,NO BATIDÃO,ZXKAI,QMFME2517989,2025-09-05,89.0,1,-3.7,,889772.0,single,3.0,ZXKAI,Electro,Electro,,,,,,,,,,,,,,Person,,brazilian phonk,2025-09-05,2025-09-05,deezer,2025.0,313.0,91,-1.3664917338237108,5.746203190540153,Electro,Unknown,0,0,1.4833333333333334,2,0.6931471805599453,,,,,,,0.15362117875042203,16.604907893147256
210,NINAO,GIMS,1,False,226624219,257034,321,0.1134,,1.0,True,3242688291.0,NINAO,GIMS,FR8FB2503200,2025-02-20,167.0,0,-10.1,,963312.0,single,1.0,Play Two,Rap/Hip Hop,Rap/Hip Hop|French Rap,0.805,0.57,0.866,0.175,3.38e-06,0.115,0.101,122.984,-9.007,7.0,0.0,5lXLzaZoj4j4hfCYO687bN,FR,Person,1986.0,pop rap|french hip hop|pop|hardcore hip hop|sapés comme jamais,2024-09-13,2024-09-13,musicbrainz,2024.0,670.0,-111,-2.176833887688485,6.507277712385012,Rap/Hip Hop,UK/Europe,0,0,2.783333333333333,4,1.3862943611198906,0.9801672792866223,-0.4977265737046941,1.3492564972568666,-0.43552922960451135,0.20553619033489567,-0.025172294153378242,0.28622968788632486,33.139822617943636
211,What Did I Miss?,Drake,1,False,226623154,1057927,43,0.4668,,1.0,True,4022917841.0,What Did I Miss?,Drake,USUG12505774,2026-05-15,194.0,1,-8.7,,695025.0,album,18.0,OVO/Republic,Rap/Hip Hop,Rap/Hip Hop,0.755,0.811,0.509,0.182,0.0,0.266,0.0419,126.292,-4.11,0.0,0.0,7oDbkGSI3IRzKmhrTiQdID,CA,Person,1986.0,hip hop|r&b|pop rap|contemporary r&b|alternative r&b,2025-07-05,2025-07-05,musicbrainz,2025.0,375.0,168,-0.7618543785697361,5.926926025970411,Rap/Hip Hop,Canada,0,0,3.2333333333333334,4,1.3862943611198906,0.6605444932925345,0.7849825997646906,-0.14380617261899153,-0.40872893900967966,-0.48412126448733195,0.09984012804027151,1.007572671299461,173.89446207695838
212,7-3,Peso Pluma,1,False,224969113,801254,74,0.3562,,1.0,True,3729422302.0,7-3,Peso Pluma,QMFMG2587000,2025-12-25,189.0,1,-7.9,,609534.0,album,15.0,Double P Records,,,0.795,0.811,0.761,0.46,2.13e-06,0.125,0.21,130.24,-4.524,9.0,0.0,2MaOTgQbuYGaLzffoyh2yH,MX,Person,1999.0,regional mexicano|corrido tumbado,2026-02-26,2025-12-25,deezer,2025.0,202.0,138,-1.0322629081265757,5.308267697401205,Other,Mexico,0,0,3.15,8,2.0794415416798357,0.9162427220878047,0.7849825997646906,0.9101204178816142,0.6556254588993504,1.4774932559122693,0.2490387504164895,-0.06402596244510417,-6.201935305645057
213,Blue Strips,Jessie Murph,1,False,223879641,228085,357,0.1019,,1.0,True,3314422221.0,Blue Strips,Jessie Murph,USQX92501665,2025-04-11,147.0,0,-7.6,,547367.0,single,1.0,Columbia,Pop,Pop,0.644,0.649,0.243,0.276,0.0,0.095,0.0388,133.883,-4.117,1.0,1.0,4FQf1Cv2JnyabEuyrMjJXe,US,Person,2004.0,pop|hip hop|indie rock|country|indie pop,2025-04-11,2025-04-11,deezer,2025.0,460.0,-144,-2.2837633387534577,6.131226489483141,Pop,US,0,0,2.45,1,0.0,-0.04901809161433962,-0.07725344215248894,-1.256284240369631,-0.04883932245051113,-0.5202961902055875,0.38671113676820207,-0.24207076960578,-21.499937859850437
214,MENTE MÁ,Nakama,1,False,223218464,311383,269,0.1395,,1.0,True,3369249721.0,MENTE MÁ,Nakama,CA5KR2534261,2025-05-16,76.0,0,-7.7,,676895.0,ep,4.0,void,Electro,Electro,0.8,0.71,0.965,0.297,0.0902,0.0404,0.0346,129.922,-2.922,3.0,0.0,52utSS67OcPMXVg62QH6vJ,US,Person,,,2025-05-16,2025-05-16,deezer,2025.0,425.0,-55,-1.9696906777207166,6.052089168924417,Electro,US,0,0,1.2666666666666666,2,0.6931471805599453,0.9482050006872135,0.24741568474225112,1.7632990863821045,0.03156154933398379,-0.5693073798883854,0.23702123220077545,-0.03109805411204314,-3.061948333002762
215,bittersweet,Madison Beer,1,False,222475971,407492,197,0.1832,,1.0,True,3591340192.0,bittersweet,Madison Beer,USSM12503876,2025-10-10,202.0,0,-8.1,,732658.0,single,1.0,Epic/Sing It Loud,Pop,Pop,0.628,0.619,0.177,0.735,0.00123,0.214,0.0372,109.971,-7.229,5.0,1.0,3A02hWQ2ebOFDWSbAMNnpw,US,Person,1999.0,pop|dance-pop|singer-songwriter|indie pop|alternative pop,2025-10-10,2025-10-10,deezer,2025.0,278.0,18,-1.6971768267421072,5.627621113690637,Pop,US,0,0,3.3666666666666667,1,0.0,-0.1512973831324477,-0.23692678324826305,-1.5323126331197898,1.7084940179820238,-0.5389671196085583,-0.5169457675530033,-0.33813851314424115,-28.69034921821748
216,Pela Última Vez,Grupo Menos É Mais,1,False,221988122,390117,204,0.1757,,0.94,True,3499654751.0,Pela Última Vez (Ao Vivo),Grupo Menos É Mais,BRRGE2502829,2025-08-20,162.0,0,-8.1,,899243.0,single,1.0,Som Livre,Brazilian Music,Brazilian Music,0.662,0.775,0.868,0.584,0.0,0.426,0.0405,158.057,-5.548,0.0,1.0,6B7ot6Wlqf7zt3FCkYl2FJ,BR,Group,,,2026-04-16,2025-08-20,deezer,2025.0,329.0,12,-1.7389772837890856,5.796057750765372,Brazilian Music,Brazil,0,1,2.7,4,1.3862943611198906,0.06604611134353197,0.5933745904497617,1.3576209940068715,1.130373463722083,-0.5004583277149313,1.3002692667891453,-0.15013002325136182,-13.94039283492411
217,Zero,The Smashing Pumpkins,1,False,221230174,89902,586,0.0406,,1.0,True,7753497.0,Zero,The Smashing Pumpkins,USVI29500051,2001-11-20,159.0,1,-7.8,,209134.0,album,18.0,Virgin Records,Alternative,Alternative,0.437,0.726,0.661,1.58e-05,0.518,0.0814,0.0439,127.653,-5.666,8.0,1.0,4KVfBxSDMEKHtOqbOH4Izg,US,Group,1988.0,alternative rock|dream pop|shoegaze|neo-psychedelia|grunge,1995,1995-01-01,musicbrainz,1995.0,11518.0,-369,-3.20398721237445,9.351666308066617,Alternative,US,0,1,2.65,3,1.0986122886681098,-1.372256425629862,0.33257479999333067,0.491895580381374,-1.1054760023908181,-0.46078260273361865,0.1512735943660144,-0.2604446657291275,-22.92911981942337
218,Ese Loco Soy Yo,Liberación,1,False,220786762,161838,451,0.0733,,1.0,True,1379095712.0,Ese Loco Soy Yo,Liberación,MXUM72101129,2021-05-28,289.0,0,-10.5,,94365.0,single,1.0,Universal Music Mexico,Latin Music,Latin Music,0.686,0.521,0.49,0.13,0.0,0.0717,0.0284,131.018,-7.048,7.0,1.0,4hh3iKF6LEosKaSyh6F5ws,MX,Group,,aleluya,1993,1993-01-01,musicbrainz,1993.0,12248.0,-233,-2.613194670089531,9.41311793733752,Latin Music,Mexico,0,1,4.816666666666666,2,0.6931471805599453,0.2194650486206941,-0.7585263641611245,-0.22326889174403727,-0.6078168119998579,-0.6416572313248966,0.2784401000134237,0.3145590820924635,36.965527226435114
219,morena (Bonus Track),Beéle,1,False,220743874,126932,516,0.0575,,1.0,True,3353337291.0,morena (Bonus Track),Beele,QZ7B82300079,2025-05-15,188.0,0,-9.6,,244116.0,album,26.0,5020 Records,African Music,African Music|Rap/Hip Hop,0.737,0.682,0.676,0.155,0.0,0.227,0.13,104.107,-6.149,9.0,1.0,4RPeZbmVON5ZKT5HC9wALt,CO,Person,2003.0,latin|reggaeton|trap latino,2023-11-09,2023-11-09,musicbrainz,2023.0,979.0,-297,-2.855970331178832,6.88653164253051,Other,Latin America (other),0,0,3.1333333333333333,7,1.9459101490553132,0.5454802903346629,0.09838723305286257,0.5546293060064101,-0.5121014884468876,0.5439467857637382,-0.7385518267257848,-0.08446542911868704,-8.099657441398145
220,What You Saying,Lil Uzi Vert,1,False,220395515,616206,106,0.2796,,1.0,True,3734606262.0,What You Saying,Lil Uzi Vert,NL8RL2584094,2025-12-22,131.0,0,-8.6,,773440.0,single,1.0,Cor(e),Rap/Hip Hop,Rap/Hip Hop,0.634,0.731,0.354,0.00777,0.0,0.168,0.205,133.146,-7.801,11.0,0.0,7cjoZVmWe2xsGR4wcXiV2v,US,Person,1994.0,hip hop|trap|emo rap|east coast hip hop|cloud rap,2025-12-22,2025-12-22,deezer,2025.0,205.0,114,-1.2743952686224818,5.3230099791384085,Rap/Hip Hop,US,0,0,2.183333333333333,1,0.0,-0.11294264881315717,0.359187023509293,-0.7920546707443643,-1.0757881719150404,1.4191466015279863,0.35885921562046247,-0.29022475757150523,-25.190459142551703
221,NUNCA MUDA?,Scythermane,1,False,220156384,137631,496,0.0625,,1.0,True,3721086232.0,NUNCA MUDA?,Scythermane,SGW502245352,2025-01-10,81.0,0,-5.3,,568450.0,ep,6.0,Purple Crunch Records,Dance,Dance,0.887,0.957,0.0932,0.481,0.69,0.136,0.0432,130.067,-4.03,11.0,0.0,5EIjpM1B1VsLoKvv2iwd0P,,,,,2025-01-09,2025-01-09,musicbrainz,2025.0,552.0,-275,-2.772588722239781,6.313548046277095,Dance,Unknown,0,0,1.35,1,0.0,1.5043486483169255,1.56205952643079,-1.8827850469449912,0.7360263306838454,-0.4689511343474183,0.24250091817963895,-0.5114264329158789,-40.03603772201267
222,ME POSTOU NO DAILY,MC GP,1,False,220129519,489075,156,0.2222,,0.94,True,3564655871.0,ME POSTOU NO DAILY - FESTA DO BIG G,Mc GP,BK4DA2549343,2025-09-25,177.0,1,-9.3,,772982.0,single,1.0,Legenda Records,Soul & Funk,Soul & Funk,0.837,0.518,0.496,0.497,0.0,0.0951,0.264,129.828,-6.9,0.0,0.0,3ct6yW0eVwkGC99ysl6OMa,,,,,,2025-09-25,deezer,2025.0,293.0,66,-1.5041774017766074,5.680172609017068,Other,Unknown,0,0,2.95,1,0.0,1.1847258623228376,-0.7744936982707019,-0.19817540149402282,0.7972841377577464,2.1076371232625286,0.233468884048961,-0.07432953955785582,-7.163428979846875
223,MONTAGEM BAILÃO,Repsaj,1,False,219763380,182325,421,0.083,,1.0,True,3302987911.0,MONTAGEM BAILÃO,Repsaj,QM6N22544636,2025-04-04,103.0,1,-5.5,,653704.0,ep,5.0,Repsaj,Electro,Electro,0.67,0.976,0.34,0.027,1.59e-06,0.124,0.044,130.103,-2.113,1.0,1.0,1RnPdd7EKKhKN3E4o4DRsh,BR,Person,,,2025-04-04,2025-04-04,deezer,2025.0,467.0,-198,-2.488914671185539,6.1463292576688975,Electro,Brazil,0,0,1.7166666666666666,1,0.0,0.11718575710258601,1.663185975791447,-0.8506061479943977,-1.0021639450380955,-0.45961566964593303,0.24386139193990847,-0.42800535526910144,-34.81920758174512
224,MONTAGEM TOMADA,MXZI,1,False,219537183,161554,454,0.0736,,1.0,True,3720727222.0,MONTAGEM TOMADA,MXZI,GXD7G2555879,2025-03-21,71.0,0,-4.8,,595633.0,ep,4.0,Enarma Records,Dance,Dance,0.649,0.909,0.329,0.000591,0.873,0.156,0.045,129.974,-2.523,8.0,1.0,1WusF1nfwF70ojSCSFhmLW,GB,Person,,,2025-03-21,2025-03-21,deezer,2025.0,481.0,-230,-2.6091102532473065,6.175867270105761,Dance,UK/Europe,0,0,1.1833333333333333,3,1.0986122886681098,-0.017055813014930844,1.3065821806775522,-0.8966108801194242,-1.1032737842265112,-0.44794633876907636,0.23898636096560885,-0.5111045471895377,-40.01673307168152
225,Islands,The xx,1,False,219483218,44158,679,0.0201,,1.0,True,3787858.0,Islands,The xx,GBBKS0900198,2009-08-16,160.0,0,-9.7,,636835.0,album,11.0,Young,Alternative,Alternative,0.871,0.472,0.707,0.74,0.269,0.145,0.0756,124.04,-11.077,4.0,1.0,0Rqwa6i410IwhTiugt6vXi,GB,Group,2005.0,indie pop|alternative dance|indietronica|electronic|pop,2009,2009-01-01,musicbrainz,2009.0,6404.0,-454,-3.907035463917107,8.764678074116606,Alternative,UK/Europe,0,1,2.6666666666666665,3,1.0986122886681098,1.4020693567988174,-1.0193261546175556,0.6842790056314842,1.727637082692618,-0.0908648139372631,0.01473493614785976,-0.8294046314111596,-56.369102633302894
226,Dear god,Tate McRae,1,False,219291714,211893,378,0.0966,,1.0,True,3240044381.0,Dear god,Tate McRae,USRC12403579,2025-02-21,173.0,0,-8.2,,727486.0,album,15.0,RCA Records Label,Pop,Pop,0.716,0.745,0.465,0.0538,4.31e-05,0.277,0.0293,97.966,-5.442,1.0,1.0,2eIRfeewYUjqr7gqc4tHWh,CA,Person,2003.0,pop|dance-pop|2020s|female vocals|pop rock,2025-02-21,2025-02-21,deezer,2025.0,509.0,-152,-2.3371765377636646,6.2324480165505225,Pop,Canada,0,0,2.8833333333333333,10,2.302585092994046,0.411238720217146,0.4337012493539876,-0.32782510111909724,-0.8995571181893114,-0.6311548335357257,-0.9706259756650841,-0.17010167108896823,-15.642095536390565
227,Arz Kiya Hai | Coke Studio Bharat,Anuv Jain,1,False,219128517,825033,68,0.3765,,1.0,True,3505907491.0,Arz Kiya Hai | Coke Studio Bharat,Anuv Jain,INUM72500914,2025-08-20,295.0,0,-9.4,,330826.0,single,1.0,Universal Music India Pvt Ltd.,Pop,Pop,,,,,,,,,,,,,IN,Person,1995.0,singer-songwriter|indie|indian pop,,2025-08-20,deezer,2025.0,329.0,159,-0.9768372317421887,5.796057750765372,Pop,Asia,0,0,4.916666666666667,2,0.6931471805599453,,,,,,,0.612010028795535,84.41344392516264
228,SEQUÊNCIA FEITICEIRA,PEDRO SAMPAIO,1,False,219032042,288587,291,0.1318,,1.0,True,3511049601.0,SEQUÊNCIA FEITICEIRA,PEDRO SAMPAIO,BRWMB2500962,2025-08-28,129.0,1,-6.7,,852021.0,single,1.0,WM Brazil,Brazilian Music,Brazilian Music|Soul & Funk,0.94,0.702,0.681,0.0684,0.0,0.0769,0.0439,130.007,-2.81,10.0,0.0,4Lwm0XFseZ09OBdmUJlcYp,BR,Person,1997.0,funk|pop|latin,2025-11-18,2025-08-28,deezer,2025.0,321.0,-63,-2.02646965691373,5.771441123130016,Brazilian Music,Brazil,0,0,2.15,2,0.6931471805599453,1.8431488014706578,0.20483612711671137,0.5755405478814222,-0.8436593692343767,-0.46078260273361865,0.2402334619125231,-0.4716022035733065,-37.59983108051262
230,Volver,Piso 21,1,False,216298218,208052,384,0.0962,,1.0,True,3191643301.0,Volver,Piso 21,MXF152500241,2025-02-06,232.0,0,-7.4,,569324.0,single,1.0,WM Mexico,Rap/Hip Hop,Rap/Hip Hop|Pop,0.478,0.793,0.604,0.235,0.0,0.146,0.387,92.294,-4.449,11.0,1.0,32HmbeOruVcYHIShfhMxhf,CO,Group,2007.0,latin pop|reggaeton|latin,2025-02-06,2025-02-06,deezer,2025.0,524.0,-154,-2.3413259213104762,6.261491684321042,Rap/Hip Hop,Latin America (other),0,1,3.8666666666666667,1,0.0,-1.1101657411147103,0.6891785951072261,0.25350742300623674,-0.2058124530773826,3.5429648211158957,-1.184976174783095,-0.1398905040068299,-13.054656814606847
231,Which One,Drake,1,False,215646407,518066,143,0.2402,,1.0,True,3476500411.0,Which One,Drake,USUG12506621,2025-07-25,169.0,1,-8.0,,705224.0,single,1.0,OVO/Republic,Rap/Hip Hop,Rap/Hip Hop,0.91,0.498,0.501,0.342,0.000517,0.163,0.258,120.02,-7.172,7.0,0.0,5FMyXeZ0reYloRTiCkPprT,CA,Person,1986.0,hip hop|r&b|pop rap|contemporary r&b|alternative r&b,2020-01-12,2025-07-25,deezer,2025.0,355.0,88,-1.426283369336254,5.872117789475416,Rap/Hip Hop,Canada,0,0,2.816666666666667,4,1.3862943611198906,1.6513751298742059,-0.8809425923345513,-0.1772641596190108,0.20384913172933053,2.0376211380013887,-0.13718463374889725,0.26768993074815817,30.69418347049384
232,Eu Te Seguro,Panda,1,False,215199376,1302344,33,0.6052,,1.0,True,3546914011.0,Eu Te Seguro,Panda,BX8WE2500011,2025-09-18,149.0,0,-9.7,,973194.0,single,1.0,Sony Music Entertainment,Brazilian Music,Brazilian Music,0.459,0.457,0.636,0.644,3.23e-06,0.652,0.036,173.658,-7.282,9.0,1.0,4V2rUOmaevK0C1bKAkeFf5,US,Person,1978.0,rock and indie|poggers,,2025-09-18,deezer,2025.0,300.0,199,-0.5021962970679362,5.703782474656201,Brazilian Music,US,0,0,2.4833333333333334,2,0.6931471805599453,-1.2316223997924631,-1.0991628251654424,0.38733937100631377,1.3600902402492119,-0.5529703166607862,1.8898456871770308,0.9597904284094602,161.11491933883516
233,LOS VOLTAJE,Sayfalse,1,False,214644198,205803,389,0.0959,,1.0,True,3721947282.0,LOS VOLTAJE,Sayfalse,SGW502557517,2025-04-11,99.0,0,-4.7,,466889.0,ep,5.0,PCR,Dance,Dance,0.61,0.938,0.344,0.00553,0.976,0.658,0.0972,115.974,-1.227,0.0,0.0,4LkkRLP8pldQer1YRrHwkx,US,Person,,,2025-04-11,2025-04-11,deezer,2025.0,460.0,-156,-2.3444492970927446,6.131226489483141,Dance,US,0,0,1.65,1,0.0,-0.2663615860903193,1.4609330770701332,-0.8338771544943884,-1.0843642649053866,0.1611927330028403,-0.29008676802807043,-0.3027567279450669,-26.122120125217464
234,Oro,Bronco,1,False,214551096,132337,502,0.0617,,1.0,True,13323245.0,Oro,Bronco,MXF019701354,1991-11-07,190.0,0,-11.3,112.0,453865.0,album,14.0,Ariola,Bolero,Bolero,0.653,0.577,0.584,0.256,0.0,0.315,0.0289,112.399,-8.492,7.0,1.0,1sLQ6BFucWwgT8yaAFSpAx,MX,Group,1979.0,,1991,1991-01-01,musicbrainz,1991.0,12979.0,-268,-2.785471348070795,9.471087945687758,Other,Mexico,0,1,3.1666666666666665,3,1.0986122886681098,0.008514009864596177,-0.4604694607823468,0.1698624555061886,-0.12541158129288746,-0.6358225658864683,-0.4251893706103852,0.1273061952741119,13.57647303377314
235,Make Me Feel,oskar med k,1,False,214497101,490957,154,0.2289,,1.0,True,4094689641.0,Make Me Feel,oskar med k,US3DF2575112,2025-06-20,186.0,0,-7.6,,798748.0,single,1.0,7CULT,Electro,Electro|Techno/House,0.797,0.71,0.175,0.139,0.107,0.152,0.0862,124.919,-8.008,6.0,0.0,1GfJCWGLfdev016PSsrUO8,NO,Person,,house|deep house|edm,2025-06-20,2025-06-20,deezer,2025.0,390.0,81,-1.474470052023616,5.966146739123692,Electro,UK/Europe,0,0,3.1,1,0.0,0.9290276335275682,0.24741568474225112,-1.5406771298697945,-0.5733592955207886,0.03283009335741728,0.04795317046110545,0.34855793920006883,41.70226417033811
236,Milagros,KAROL G,1,False,214401034,337984,238,0.1576,,1.0,True,3353740701.0,Milagros,KAROL G,USUG12503416,2025-05-08,235.0,0,-8.2,,596170.0,single,1.0,Bichota/Interscope Records,Latin Music,Latin Music,0.591,0.797,0.416,0.508,0.0,0.318,0.388,162.082,-5.671,2.0,1.0,1B1maIpcMpPDZ8GT0WHT0V,CO,Person,1991.0,reggaeton|spanish|latin urban|latin|r&b,2025-05-08,2025-05-08,deezer,2025.0,433.0,-2,-1.8476951015583583,6.07073772800249,Latin Music,Latin America (other),0,0,3.9166666666666665,6,1.791759469228055,-0.38781824476807264,0.7104683739199961,-0.5327552714942152,0.8393988801210533,3.5546341519927522,1.4523777913748284,0.11552409351470483,12.246155826654848
237,Eldest Daughter,Taylor Swift,1,False,214347159,186705,415,0.0871,,1.0,True,3579685471.0,Eldest Daughter,Taylor Swift,USUG12506440,2025-10-03,246.0,1,-10.4,,844613.0,album,12.0,Taylor Swift,Pop,Pop,0.473,0.315,0.323,0.806,0.0,0.128,0.0313,76.794,-7.326,7.0,1.0,62HoDY1Km6lm47haFpUn9c,US,Person,1989.0,pop|country|country pop|singer/songwriter|female vocals,2025-10-03,2025-10-03,deezer,2025.0,285.0,-178,-2.44069839512368,5.652489180268651,Pop,US,0,0,4.1,11,2.3978952727983707,-1.142128019714119,-1.8549499730187724,-0.9217043703694386,1.98032553687246,-0.6078161717820123,-1.770735710454669,-1.0482904434878961,-64.94635008783555
239,LO QUE LE PASÓ A HAWAii,Bad Bunny,1,False,213643016,332776,245,0.1558,,1.0,True,3171003111.0,LO QUE LE PASÓ A HAWAii,Bad Bunny,QMFMF2447068,2025-01-05,229.0,0,-7.5,,840628.0,album,17.0,Rimas Entertainment LLC.,Latin Music,Latin Music,0.0939,0.00174,0.0679,0.247,0.000195,0.245,0.0638,82.653,-54.341,11.0,1.0,1Hg0e997pObvZ91w1FCPFk,PR,Person,1994.0,reggaeton|trap latino|latin|latin trap|hip hop,2025-01-05,2025-01-05,deezer,2025.0,556.0,-6,-1.859182145545489,6.320768294250582,Latin Music,Latin America (other),0,0,3.816666666666667,15,2.70805020110221,-3.5655079831212904,-3.5222590007408443,-1.9885959308325518,-0.1598690977719568,-0.22856291828417155,-1.5493186059708135,0.41007753402488456,50.69346192897546
240,COMË N GO,Yeat,1,False,213116265,465646,169,0.2185,,1.0,True,3486842891.0,COMË N GO,Yeat,USUM72508238,2025-08-01,198.0,1,-8.6,,749140.0,ep,11.0,Lyfestyle Corporation/Field Trip Recordings/Capitol Records,Rap/Hip Hop,Rap/Hip Hop,0.9,0.587,0.315,0.0563,9.24e-05,0.145,0.0504,145.014,-5.692,9.0,0.0,0QzV1dTVta55DaaRtXFu56,US,Person,2000.0,hip hop|rage|trap|cloud rap|experimental hip hop,2025-08-01,2025-08-01,deezer,2025.0,348.0,71,-1.5209692644464923,5.8522024797744745,Rap/Hip Hop,US,0,0,3.3,1,0.0,1.5874505726753882,-0.4072450137504221,-0.955162357369458,-0.8899855858340143,-0.3849319520340505,0.8073620652559628,0.14549287710429382,15.660949614403453
241,NO BATIDÃO,ZXKAI,1,False,212941320,706434,90,0.3318,,1.0,True,3537531961.0,NO BATIDÃO,ZXKAI,QMFME2517989,2025-09-05,89.0,1,-3.7,,889772.0,single,3.0,ZXKAI,Electro,Electro,,,,,,,,,,,,,,Person,,brazilian phonk,2025-09-05,2025-09-05,deezer,2025.0,313.0,151,-1.103222901225793,5.746203190540153,Electro,Unknown,0,0,1.4833333333333334,2,0.6931471805599453,,,,,,,0.4168900113483398,51.72356250567158
242,Saudade De Quem Eu Sou,Henrique & Juliano,2,True,212233056,337870,239,0.1592,,0.94,True,3876592281.0,Saudade De Quem Eu Sou (Ao Vivo),Henrique & Juliano,BCVDD2400046,2025-06-27,153.0,0,-9.1,,832484.0,album,28.0,"Vida Nova Produções, sob licença exclusiva para Virgin Music Group",Brazilian Music,Brazilian Music,0.684,0.76,0.537,0.39,0.0,0.886,0.0866,100.155,-5.838,11.0,0.0,7LFYnjp9lwJYRqWiJxW1bT,BR,Group,2008.0,sertanejo,2024-11-01,2024-11-01,musicbrainz,2024.0,621.0,3,-1.8375940055718543,6.431331081933479,Brazilian Music,Brazil,1,1,2.55,1,0.0,0.2066801371809306,0.5135379199018746,-0.026703218118924114,0.3876225529510335,0.03749782570815991,-0.8879016128531435,0.5500779952470212,73.33882086367242
243,we never dated,sombr,1,False,211631262,926143,56,0.4376,,1.0,True,3421402491.0,we never dated,sombr,USWB12501938,2025-06-20,196.0,0,-6.9,,882293.0,single,1.0,Warner Records,Alternative,Alternative|Indie Rock,0.589,0.873,0.966,0.145,0.000226,0.153,0.0313,104.031,-4.509,6.0,1.0,0t1fdMrn7JOg9DDsT95bxt,US,Person,2005.0,indie pop|pop rock|2020s|gen z,2025-06-20,2025-06-20,deezer,2025.0,390.0,187,-0.8264500278743656,5.966146739123692,Alternative,US,0,0,3.2666666666666666,3,1.0986122886681098,-0.40060315620783615,1.1149741713626231,1.767481334757107,-0.5503876178680758,-0.6078161717820123,-0.7414239379974645,0.9965779633493193,170.89956662708587
244,Solcito,Miguel Bueno,1,False,211366116,220885,370,0.1045,,1.0,True,3408121131.0,Solcito,Miguel Bueno,COAF42502242,2025-03-13,144.0,0,-12.4,,606034.0,single,1.0,Sony Music Latin,Pop,Pop,0.762,0.57,0.734,0.674,0.0,0.315,0.0707,100.015,-6.598,11.0,1.0,2BE1Q5N4Enl1eRrM82uzsu,CO,Person,,,2025-03-13,2025-03-13,deezer,2025.0,489.0,-126,-2.2585682075772713,6.192362489474872,Pop,Latin America (other),0,0,2.4,1,0.0,0.7052916833317068,-0.4977265737046941,0.7971997117565492,1.4749486285127764,-0.14804453523386069,-0.8931923441430802,-0.14014500195900315,-13.07678141094688
245,NUBES,De La Rose,1,False,210125663,378361,213,0.1801,,1.0,True,3294950731.0,NUBES,De La Rose,USWL12500879,2025-04-03,271.0,1,-8.6,,550210.0,single,1.0,WEA Latina,Rap/Hip Hop,Rap/Hip Hop|Latin Music,0.657,0.666,0.19,0.243,0.0,0.101,0.0302,99.945,-3.786,7.0,1.0,31we7ZzWdSBEOKs5Ln6QVF,PR,Person,,latin|reggaeton,2025-04-03,2025-04-03,deezer,2025.0,468.0,32,-1.7142430268002267,6.148468295917647,Rap/Hip Hop,Latin America (other),0,0,4.516666666666667,1,0.0,0.034083832744123195,0.01322811780178304,-1.4779434042447583,-0.17518354954043208,-0.6206524357465546,-0.895837709788049,0.3493747434193919,41.81805446016109
246,Blancanieves,Natanael Cano,1,False,209867460,314811,266,0.15,,1.0,True,3416126361.0,Blancanieves,Natanael Cano,QZ9QQ2500334,2025-06-19,151.0,1,-6.9,,591559.0,single,1.0,WEA Latina,Rap/Hip Hop,Rap/Hip Hop|Latin Music,0.749,0.727,0.371,0.277,0.0,0.174,0.0586,97.026,-3.24,8.0,1.0,3BZUM1xojiL3TvRo3T50R9,MX,Person,2001.0,regional mexicano|trap latino|corrido tumbado,2025-06-19,2025-06-19,deezer,2025.0,391.0,-20,-1.8971199848858813,5.968707559985366,Rap/Hip Hop,Mexico,0,0,2.5166666666666666,2,0.6931471805599453,0.6221897589732439,0.3378972446965231,-0.7209564483693234,-0.04501070950839232,-0.28924343884382603,-1.006149457183231,-0.07060762395905207,-6.817255283005085
247,SOMEBODY LOVES ME,PARTYNEXTDOOR,1,False,209403805,306302,274,0.1463,,1.0,True,3232025651.0,SOMEBODY LOVES ME,PARTYNEXTDOOR,USLD91772034,2025-02-14,183.0,1,-8.4,,646590.0,album,21.0,OVO Sound,R&B,R&B,0.365,0.511,0.222,0.514,0.0,0.702,0.0905,77.029,-6.14,9.0,1.0,2kZoOj1n5vk9BuF0sih58M,CA,Person,1993.0,r&b|contemporary r&b|alternative r&b|trap soul|canadian,2025-02-14,2025-02-14,deezer,2025.0,516.0,-27,-1.9220959709560583,6.246106765481563,R&B,Canada,0,0,3.05,4,1.3862943611198906,-1.8325132374613478,-0.8117508111930493,-1.3441114562446816,0.8623705577737663,0.08300821612790082,-1.7618548400751322,0.2612312708973934,29.85279424322229
248,"Barbaad (From ""Saiyaara"")",The Rish,1,False,208064953,579053,119,0.2783,,1.0,True,3405278811.0,"Barbaad (From ""Saiyaara"")",The Rish,INY092500015,2025-06-10,357.0,0,-8.4,,371059.0,single,1.0,YRF Music,Asian Music,Asian Music,,,,,,,,,,,,,,Person,,,2025-09-10,2025-06-10,deezer,2025.0,400.0,129,-1.279055610450292,5.991464547107982,Asian Music,Unknown,0,0,5.95,1,0.0,,,,,,,0.5783239453204361,78.30474399126092
249,Kasih Aba Aba,Naykilla,1,False,207910807,144919,479,0.0697,,1.0,True,3349051701.0,Kasih Aba Aba,Naykilla,QM6P42566699,2025-04-28,176.0,0,-9.2,,236502.0,single,1.0,AntiNRML,Rap/Hip Hop,Rap/Hip Hop,0.964,0.539,0.692,0.299,0.0,0.102,0.0557,115.019,-6.095,1.0,0.0,7sY7jkMKGC5YTeUIpWX0fY,ID,Person,,,2025-10-17,2025-04-28,deezer,2025.0,443.0,-230,-2.663554961215659,6.093569770045136,Rap/Hip Hop,Asia,0,0,2.933333333333333,1,0.0,1.9965677387478198,-0.6627223595036601,0.6215452800064482,0.03921877521822143,-0.3230844983867103,-0.3261771136129964,-0.6704491400345232,-48.852119941681714
250,TODO KE VER,Jere Klein,1,False,207818013,301810,278,0.1452,,1.0,True,3503934461.0,TODO KE VER,Jere Klein,QMDA72520521,2025-08-13,158.0,0,-9.1,,519028.0,single,1.0,2025 JERE KLEIN,Latin Music,Latin Music,0.929,0.514,0.789,0.0728,0.0,0.177,0.145,96.986,-5.239,10.0,0.0,3D9mWy43zoJFWQUE6sz6ax,CL,Person,,,2026-03-04,2025-08-13,deezer,2025.0,336.0,-28,-1.9296431765914415,5.817111159963204,Latin Music,Latin America (other),0,0,2.6333333333333333,1,0.0,1.772831788551959,-0.7957834770834719,1.0272233723816817,-0.826813472289054,0.7189867489165878,-1.0076610946946414,-0.3116973578115225,-26.779690975474356
251,AURORA,Mora,1,False,207375214,292362,285,0.141,,1.0,True,3345133671.0,AURORA,Mora,QM6P42540023,2025-05-18,192.0,1,-6.9,,567393.0,album,17.0,Rimas Entertainment LLC.,Latin Music,Latin Music,,,,,,,,,,,,,SE,Group,1971.0,pop rock|children's music,2004,2025-05-18,deezer,2025.0,423.0,-34,-1.9589953886039688,6.0473721790462776,Latin Music,UK/Europe,0,1,3.2,3,1.0986122886681098,,,,,,,-0.026660673689137715,-2.630841535255346
252,Nunca Voy A Olvidarte,Bronco,1,False,207120772,82900,600,0.04,,1.0,True,13323238.0,Nunca Voy a Olvidarte,Bronco,MXF019300069,1991-11-07,140.0,0,-10.6,91.7,343836.0,album,14.0,Ariola,Bolero,Bolero,0.727,0.513,0.935,0.379,0.0,0.0286,0.083,90.878,-13.364,2.0,1.0,2jp13U7md2lDlHcklT8gIl,MX,Group,1979.0,,1991,1991-01-01,musicbrainz,1991.0,12979.0,-348,-3.2188758248682006,9.471087945687758,Other,Mexico,0,1,2.3333333333333335,3,1.0986122886681098,0.4815557331358453,-0.8011059217866643,1.6378316351320328,0.3455078105877265,-0.004511765448523912,-1.238488142687027,-0.30609828152329355,-26.36857501862354
253,Ráfagas al Viento,Victor Mendivil,1,False,206529798,223563,364,0.1082,,1.0,True,2791856712.0,Ráfagas al Viento,Victor Mendivil,US3DF2463477,2025-02-25,161.0,0,-10.3,,469266.0,single,1.0,Rico o Muerto by Baja Sound LLC,Latin Music,Latin Music,0.699,0.648,0.826,0.0456,0.0,0.16,0.563,189.628,-9.32,10.0,0.0,5GIrmSQBxO9LTunilbwMWw,,,,,2025-05-24,2025-02-25,deezer,2025.0,505.0,-111,-2.2237739125697558,6.22455842927536,Latin Music,Unknown,0,0,2.683333333333333,7,1.9459101490553132,0.3025669729791562,-0.08257588685568142,1.1819665622567703,-0.9309517443146857,5.596767055442664,2.4933669636076785,-0.06616244234659341,-6.402119065227985
254,Handlebars,JENNIE,1,False,206121504,164215,445,0.0797,,1.0,True,3262816611.0,Handlebars,JENNIE,USQX92500266,2025-03-07,184.0,1,-7.1,,591896.0,album,15.0,OA Entertainment/Columbia,Asian Music,Asian Music|Pop,0.493,0.798,0.56,0.0115,0.0,0.0607,0.0791,156.469,-3.958,7.0,1.0,5QLpW3jmvxbV9iDnSMKnv3,KR,Person,1996.0,k-pop|pop|hip hop|rock|dance,2025-03-07,2025-03-07,deezer,2025.0,495.0,-191,-2.529485693185968,6.20455776256869,Asian Music,Asia,0,0,3.066666666666667,7,1.9459101490553132,-1.014278905316484,0.7157908186231885,0.06948849450613126,-1.0615074456409372,-0.05002215586826483,1.2402572575861481,-0.39611277924923316,-32.70692009726316
255,Spring Into Summer,Lizzy McAlpine,1,False,205819873,340268,236,0.1653,,1.0,True,3023907361.0,Spring Into Summer,Lizzy McAlpine,USRC12402627,2024-10-04,262.0,0,-8.3,,581932.0,album,19.0,Indigo Blue/RCA Records,Alternative,Alternative|Pop,0.522,0.575,0.234,0.614,0.000248,0.103,0.0305,91.713,-7.294,2.0,1.0,6oCXDaFZYL7sHnowv6pdXb,US,Person,1999.0,singer-songwriter|indie pop|indie folk|folk pop|indie,2024-10-04,2024-10-04,deezer,2024.0,649.0,19,-1.7999932741551585,6.47543271670409,Alternative,US,0,0,4.366666666666666,3,1.0986122886681098,-0.828897689439913,-0.4711143501887317,-1.2939244757446526,1.2452318519856476,-0.6171516364834977,-1.2069327096363327,0.6320378061325165,88.14406868001323
256,The First Time,Damiano David,1,False,203674481,321681,253,0.1579,,1.0,True,3388915941.0,The First Time,Damiano David,ITB002500180,2025-05-15,218.0,0,-6.2,,950522.0,single,1.0,Sony Music Italy / Arista Records,Pop,Pop,,,,,,,,,,,,,IT,Person,1999.0,,2025-05-15,2025-05-15,deezer,2025.0,426.0,3,-1.8457933577205405,6.054439346269371,Pop,UK/Europe,0,0,3.6333333333333333,2,0.6931471805599453,,,,,,,0.09591294396832328,10.06632404491048
257,Saudade Burra,Lauana Prado,1,False,202123960,141894,487,0.0702,,0.94,True,3168044101.0,Saudade Burra (Ao Vivo),Lauana Prado,BRUM72400735,2025-01-10,157.0,0,-8.0,,870937.0,single,1.0,Universal Music Ltda.,Brazilian Music,Brazilian Music,0.662,0.851,0.55,0.123,0.0,0.346,0.0358,115.856,-3.708,0.0,1.0,1XrJpQUffNrqQmBn4u0ufK,BR,Person,1989.0,,,2025-01-10,deezer,2025.0,551.0,-230,-2.6564069679503715,6.311734809152915,Brazilian Music,Brazil,0,0,2.6166666666666667,1,0.0,0.06604611134353197,0.9978803878923888,0.027666010756107185,-0.6346171025946896,-0.5553041828361575,-0.2945460986867318,-0.397285304701672,-32.78577670649696
258,Deixa Eu,Murilo Huff,1,False,199934021,611817,107,0.306,,0.94,True,3486261391.0,Deixa Eu (Ao Vivo),Murilo Huff,BKMWS2500003,2025-08-14,158.0,0,-7.8,,857611.0,album,11.0,M Show,Country,Country,,,,,,,,,,,,,BR,Person,1995.0,,2025-08-14,2025-08-14,deezer,2025.0,335.0,151,-1.1841701770297564,5.814130531825066,Country,Brazil,0,0,2.6333333333333333,2,0.6931471805599453,,,,,,,0.42965481573339415,53.672697801068516
259,So Far So Fake,Pierce The Veil,1,False,199777115,378036,214,0.1892,,1.0,True,2135303897.0,So Far So Fake,Pierce The Veil,US5262224930,2023-02-10,236.0,0,-7.2,,694434.0,album,12.0,Fearless Records,Rock,Rock,0.504,0.895,0.371,0.00111,2.22e-06,0.173,0.0839,125.117,-4.295,2.0,0.0,3fWibgdtgIie6LKTZ2rUoI,US,Group,2006.0,post-hardcore|easycore|rock|melodic hardcore|millennial,2023-02-10,2023-02-10,deezer,2023.0,1251.0,45,-1.664950622364359,7.1316985104669115,Other,US,0,1,3.933333333333333,2,0.6931471805599453,-0.9439618923977846,1.2320679548328575,-0.7209564483693234,-1.1012867341095516,0.005990632340647043,0.055435776142587774,1.2504820885436303,249.20260174743532
260,LV Sandals,EsDeeKid,1,False,199559906,422016,194,0.2115,,1.0,True,3399233821.0,LV Sandals,EsDeeKid,QZES62549912,2025-06-20,111.0,1,-6.6,,726583.0,album,11.0,Lizzy Records,Rap/Hip Hop,Rap/Hip Hop,0.729,0.581,0.412,0.0318,0.0419,0.304,0.324,189.898,-4.707,2.0,1.0,5uz5v1hRZLjNGatcPtOWUv,GB,Person,,uk|liverpool|rage|jerk|hardcore hip hop,2025-02-06,2025-02-06,musicbrainz,2025.0,524.0,66,-1.5535302804958044,6.261491684321042,Rap/Hip Hop,UK/Europe,0,0,1.85,7,1.9459101490553132,0.49434064457560883,-0.4391796819695769,-0.5494842649942249,-0.9837866029159253,2.807796975873927,2.5035705168096998,0.6479051368078419,91.15322332339552
261,Priti,Danny Ocean,1,False,199548196,257761,319,0.1292,,1.0,True,3276087551.0,Priti,Danny Ocean,USWL12500813,2025-03-20,130.0,0,-8.6,,601111.0,single,1.0,Atlantic Records,Pop,Pop,0.817,0.721,0.516,0.205,0.0,0.0829,0.0546,121.936,-6.023,9.0,1.0,5IzkKOTBxlyHQIoDqFp8Ln,US,Person,1992.0,reggaeton|latin,2025-03-20,2025-03-20,deezer,2025.0,482.0,-58,-2.0463936876336355,6.1779441140506,Pop,US,0,0,2.1666666666666665,3,1.0986122886681098,1.0568767479252026,0.3059625764773683,-0.11453043399397468,-0.320670841340947,-0.33592076235125257,-0.06477719695233324,0.05419483865046093,5.56902713860532
262,ACELERADA,sma$her,1,False,199496868,272827,300,0.1368,,1.0,True,3411862951.0,ACELERADA,sma$her,GXBAV2121119,2025-06-27,61.0,0,-8.1,,720255.0,single,4.0,Tribal Trap,Dance,Dance,,,,,,,,,,,,,NL,Person,,,2025-06-27,2025-06-27,deezer,2025.0,383.0,-38,-1.989235273793687,5.948034989180646,Dance,UK/Europe,0,0,1.0166666666666666,1,0.0,,,,,,,-0.1909077742155194,-17.379121760929618
263,Nosso Primeiro Beijo,Gloria Groove,1,False,199448317,136376,498,0.0684,,0.94,True,2818478782.0,Nosso Primeiro Beijo (Ao Vivo),Gloria Groove,BXSBS2300055,2024-05-30,168.0,0,-8.9,,724130.0,album,13.0,SB Music,Pop,Pop,0.507,0.68,0.679,0.715,0.0,0.964,0.037,133.95,-6.855,7.0,0.0,7Elw15XWLpOi4qzHyAwa9e,BR,Person,1995.0,queer|drag queen,2024-05-30,2024-05-30,deezer,2024.0,776.0,-235,-2.682382454353632,6.654152520183219,Pop,Brazil,0,0,2.8,1,0.0,-0.9247845252381394,0.08774234364647762,0.5671760511314173,1.6319217591396475,-0.5413009857839295,0.3892431295998139,-0.086761727213581,-8.310445913728149
264,AMISTA,Blessd,1,False,199250121,316054,263,0.1586,,0.969,True,3321453561.0,AMISTA,Blessed,QZZ3N2500008,2025-04-24,177.0,1,-8.6,,588482.0,single,1.0,WEA Latina,Rap/Hip Hop,Rap/Hip Hop|Latin Music,0.744,0.606,0.631,0.135,0.0,0.0936,0.049,170.009,-4.472,5.0,1.0,4ikz5kIBNtwjEPsFl6eXda,CO,Person,2000.0,reggaeton|latin,2025-04-24,2025-04-24,deezer,2025.0,447.0,1,-1.8413699697813894,6.102558594613569,Rap/Hip Hop,Latin America (other),0,0,2.95,2,0.6931471805599453,0.5902274803738352,-0.30611856438976515,0.36642812913130174,-0.5886737472892638,-0.40126901526164976,1.7519465551986066,0.16341661958628584,17.75271683915911
265,"Tujhe Bhula Diya (From ""Anjaana Anjaani"")",Mohit Chauhan,1,False,198989419,147593,474,0.0742,,1.0,True,3107046001.0,"Tujhe Bhula Diya (From ""Anjaana Anjaani"")",Mohit Chauhan,INS181007761,2024-11-08,279.0,0,-10.3,,32856.0,album,50.0,Super Cassettes Industries Private Limited,,,0.644,0.423,0.509,0.464,0.0,0.11,0.0324,131.903,-8.702,11.0,0.0,2D7rj8TiQqy3Art2VhLMKN,IN,Person,1966.0,indian pop,2010-08,2010-08-01,musicbrainz,2010.0,5827.0,-209,-2.6009911288088023,8.670257567143075,Other,Asia,0,0,4.65,4,1.3862943611198906,-0.04901809161433962,-1.2801259450739864,-0.14380617261899153,0.6709399106678257,-0.5949799078174701,0.31188507995338094,0.4932087750834868,63.756236792348744
266,O Rangrez,Shankar-Ehsaan-Loy,1,False,198754991,231789,353,0.1166,,1.0,True,68093860.0,O Rangrez,Shankar Ehsaan Loy,INS171300371,2013-06-14,382.0,0,-12.3,126.05,117345.0,album,8.0,Sony Music Entertainment India Pvt. Ltd.,Films/Games,Films/Games|Film Scores|Bollywood,0.726,0.53,0.594,0.498,0.0,0.14,0.0531,126.06,-8.485,5.0,1.0,5JCDVLwteSXuwVqjCa7SwH,IN,Group,,mb_artist_credit|pop|musical|film composer|filmi,2025-01-29,2013-06-14,deezer,2013.0,4779.0,-87,-2.149006005065745,8.471986598578159,Other,Asia,0,1,6.366666666666666,1,0.0,0.4751632774159636,-0.7106243618323923,0.21168493925621265,0.8011127506998652,-0.35342475866653755,0.09107263047409056,0.9731567613630903,164.6284978088861
267,I've Seen It,Olivia Dean,1,False,198541135,434369,183,0.2188,,1.0,True,3562948151.0,I've Seen It,Olivia Dean,GBUM72503094,2025-09-26,126.0,0,-13.9,,770785.0,album,12.0,PLG - Capitol,Pop,Pop,0.392,0.148,0.218,0.902,0.000149,0.112,0.0438,181.387,-15.984,7.0,1.0,6tHVEMyRfxGgQuXRzl2yOF,GB,Person,1999.0,neo soul|pop soul|pop|female vocals|indie pop,2025-09-26,2025-09-26,deezer,2025.0,292.0,84,-1.519597208434311,5.676753802268282,Pop,UK/Europe,0,0,2.1,9,2.1972245773362196,-1.6599169330245405,-2.743798238451914,-1.3608404497446913,2.3478723793158656,-0.4619495358213043,2.181931845319328,-0.09438816099552616,-9.007050545562889
268,Vamo a Bailotear,Cris MJ,1,False,198122461,203045,394,0.1025,,1.0,True,3431746491.0,Vamo a Bailotear,Cris MJ,QMBZ92567414,2025-06-27,160.0,1,-10.4,,492094.0,album,18.0,Sonar LLC.,Latin Music,Latin Music,0.834,0.332,0.887,0.265,0.000173,0.095,0.0796,98.016,-10.982,6.0,0.0,5lCk0ZeN8h76QxNqHEGMZJ,CL,Person,2001.0,,2025-06-27,2025-06-27,deezer,2025.0,383.0,-126,-2.277892480403674,5.948034989180646,Latin Music,Latin America (other),0,0,2.6666666666666665,1,0.0,1.1655484951631925,-1.7644684130645005,1.4370837131319172,-0.09095406481381811,-0.044187490429836496,-0.9687364287758206,-0.4795649808255067,-38.09473669952694
269,Supreme,Shubh,1,False,197884741,162982,448,0.0824,,1.0,True,3325141581.0,Supreme,Shubh,QM6N22592831,2025-04-18,178.0,1,-11.9,,199527.0,single,1.0,SHUBH,Rap/Hip Hop,Rap/Hip Hop,,,,,,,,,,,,,IN,Person,,,2025-04-18,2025-04-18,deezer,2025.0,453.0,-179,-2.496169842066711,6.115892125483034,Rap/Hip Hop,Asia,0,0,2.966666666666667,1,0.0,,,,,,,-0.4741506426450801,-37.75865165084335
270,Quiero Decirte,Abraham Mateo,1,False,197465728,186121,416,0.0943,,1.0,True,1745767007.0,Quiero Decirte,Abraham Mateo,ES5022201191,2022-05-12,222.0,0,-7.2,,719436.0,single,1.0,Sony Music Entertainment,Pop,Pop,0.751,0.773,0.928,0.0401,0.0,0.102,0.0383,117.937,-3.854,4.0,1.0,4Oc1qHsjM4kM0AARvlwSs3,ES,Person,1998.0,latin pop|pop|dance-pop|latin|2010s,2022-05-12,2022-05-12,deezer,2022.0,1525.0,-146,-2.361274089342725,7.329749689041512,Pop,UK/Europe,0,0,3.7,1,0.0,0.6349746704130075,0.5827297010433767,1.608555896507016,-0.9520091154963392,-0.5261308556440158,-0.2159031571555997,0.6419060788838111,90.00991687396112
271,3 PECADOS DESPUES…,Milo j,1,False,197281483,210377,380,0.1066,,1.0,True,2864345232.0,3 PECADOS DESPUES…,Milo j,UYB282480146,2024-07-11,118.0,1,-8.7,,454144.0,album,12.0,DALE PLAY Records,Latin Music,Latin Music,0.784,0.383,0.537,0.401,1.92e-05,0.0851,0.111,110.889,-9.166,1.0,1.0,16iLGYXMiLUhvqTEIu4pKB,AR,Person,2006.0,alternative rock|latin rock|trap,2024-07-11,2024-07-11,deezer,2024.0,734.0,-109,-2.238671767250393,6.598509028614515,Latin Music,Latin America (other),0,0,1.9666666666666666,4,1.3862943611198906,0.8459257091691054,-1.4930237332016847,-0.026703218118924114,0.42973729531434046,0.32222949910346205,-0.4822536866661323,0.30874551398182337,36.171578877621656
273,The Dead Dance,Lady Gaga,1,False,196614649,197741,402,0.1006,,1.0,True,3537990861.0,The Dead Dance,Lady Gaga,USUM72407034,2025-09-03,228.0,0,-7.9,,925102.0,single,1.0,Interscope Records,Pop,Pop,0.573,0.835,0.237,0.0184,3.73e-06,0.0733,0.0536,123.005,-4.831,7.0,1.0,3NFs3XUduzBfvc5Bx1gmzh,US,Person,1986.0,pop|dance-pop|electropop|pop rock|synth-pop,2025-09-01,2025-09-01,musicbrainz,2025.0,317.0,-129,-2.296603021316498,5.75890177387728,Pop,US,0,0,3.8,5,1.6094379124341003,-0.5028824477259443,0.9127212726413093,-1.2813777306196454,-1.0350900163403174,-0.34759009322810924,-0.02437868445988769,-0.7590159519129831,-53.18731402303965
274,20 Cigarettes,Morgan Wallen,1,False,196023790,476722,163,0.2432,,1.0,True,3366676291.0,20 Cigarettes,Morgan Wallen,USUG12501608,2025-05-16,160.0,0,-7.9,,431231.0,album,37.0,Big Loud Records / Mercury Records / Republic Records,Country,Country,0.629,0.57,0.399,0.725,0.0,0.145,0.0243,98.015,-5.733,10.0,0.0,0YsIYFRoxkmEvbKCwTp0Tg,US,Person,1993.0,country|country pop|2020s|racist,2025-05-16,2025-05-16,deezer,2025.0,425.0,111,-1.4138711288901251,6.052089168924417,Country,US,0,0,2.6666666666666665,9,2.1972245773362196,-0.14490492741256594,-0.4977265737046941,-0.6038534938692559,1.6702078885608356,-0.6895014879200089,-0.968774219713606,0.5247214947185483,68.99881122160376
275,Linda Mujer,Ian Cordova,1,False,195722941,332295,248,0.1698,,1.0,True,3335539591.0,Linda Mujer,Ian Cordova,QM6P42531762,2025-05-01,234.0,0,-8.3,,467503.0,single,1.0,Lucky Music Group,Latin Music,Latin Music,0.85,0.77,0.374,0.59,0.0,0.152,0.142,100.042,-3.886,10.0,0.0,116NyTQvOVrcAWLrGwTiSA,,,,,,2025-05-01,deezer,2025.0,440.0,27,-1.77313400510489,6.0867747269123065,Latin Music,Unknown,0,0,3.9,2,0.6931471805599453,1.2678277866813006,0.5667623669337993,-0.7084097032443161,1.153345141374796,0.6839787562860178,-0.8921719888228782,0.21110913624006566,23.504713610725105
276,two,bbno$,1,False,195655278,205815,388,0.1052,,1.0,True,3174041251.0,two,bbno$,QM24S2405396,2024-10-04,136.0,1,-7.4,,630199.0,single,2.0,bbno$$,Rap/Hip Hop,Rap/Hip Hop,0.857,0.895,0.92,0.00751,7.54e-06,0.324,0.063,128.06,-4.971,1.0,1.0,02qqbVSYkDc6FTClN5gwH5,CA,Person,1995.0,hip hop|pop rap|trap|electronic|alternative hip hop,2024-10-04,2024-10-04,deezer,2024.0,649.0,-112,-2.2518919786785276,6.47543271670409,Rap/Hip Hop,Canada,0,0,2.2666666666666666,3,1.0986122886681098,1.3125749767204729,1.2320679548328575,1.5750979095069966,-1.0767836112799911,-0.2378983829856568,0.16665450604461624,0.18013910160914737,19.73839095666903
277,Será Mejor Que Te Vayas,Marco Antonio Solís,1,False,195415447,119924,530,0.0614,,1.0,True,519121452.0,Será Mejor Que Te Vayas,Marco Antonio Solís,USFI29502255,2018-06-22,300.0,0,-15.0,156.01,477610.0,album,20.0,UMLE - Fonovisa,Latin Music,Latin Music,0.691,0.448,0.682,0.238,0.00191,0.167,0.0288,77.899,-12.501,9.0,1.0,6rtHT1rKFnDZL4EksdLY0t,MX,Person,1959.0,latin|ballad|latin pop|ranchera,2005,2005-01-01,musicbrainz,2005.0,7865.0,-253,-2.79034544382904,8.970177815492379,Latin Music,Mexico,0,0,5.0,1,0.0,0.25142732722010214,-1.1470648274941746,0.5797227962564245,-0.19432661425102615,-0.636989498974154,-1.7289767242019534,0.24536566202105003,27.808857622137275
278,Forever,HUGEL,1,False,195157237,318630,257,0.1633,,0.94,True,3179670351.0,Forever (MORTEN Remix),HUGEL,DEA622404736,2025-01-17,251.0,0,-9.4,,116328.0,single,2.0,Insomniac Records,Dance,Dance,0.624,0.898,0.255,0.000171,0.194,0.0684,0.0333,126.014,-6.372,9.0,0.0,3UlFalaRMYcqcYu6jRLDu1,FR,Person,1987.0,dance|house|edm|latin house,2024-09-20,2024-09-20,musicbrainz,2024.0,663.0,21,-1.8121662790057176,6.4967749901858625,Dance,UK/Europe,0,0,4.183333333333334,2,0.6931471805599453,-0.17686720601197473,1.2480352889424349,-1.2060972598696023,-1.1048818016622013,-0.5844775100282991,0.08933424733596822,0.6407544092771671,89.79121418852718
279,Dardos,Romeo Santos,1,False,194432293,915205,57,0.4707,,1.0,True,3677908682.0,Dardos,Romeo Santos,USSD12500703,2025-11-28,243.0,0,-8.9,,815577.0,album,13.0,Sony Music Latin,Pop,Pop|Latin Music,0.741,0.725,0.659,0.217,0.0,0.138,0.0374,126.943,-5.129,5.0,1.0,5zmFbxNivLQ5FihNLrxLRb,US,Person,1981.0,bachata|latin|música tropical|bookmark,2025-11-28,2025-11-28,deezer,2025.0,229.0,222,-0.7535343305750405,5.43372200355424,Pop,US,0,0,4.05,1,0.0,0.5710501132141899,0.3272523552901382,0.48353108363136915,-0.27472748603552116,-0.5366332534331868,0.12444202853847748,0.35784094875504746,43.02381212345976
280,TWENTIES,GIVĒON,1,False,194065123,235739,347,0.1215,,1.0,True,3448595161.0,TWENTIES,Giveon,USSM12500362,2025-07-11,171.0,0,-9.5,,619156.0,album,14.0,Epic/Not So Fast,R&B,R&B,0.547,0.583,0.401,0.0512,0.0,0.302,0.0475,78.972,-7.69,7.0,1.0,1NaSrCqTnZdlusQ82SJhGN,US,Person,1990.0,pop soul|r&b|contemporary r&b,2025-02-07,2025-02-07,musicbrainz,2025.0,523.0,-67,-2.107841016201534,6.259581464064923,R&B,US,0,0,2.85,1,0.0,-0.6690862964428691,-0.428534792563192,-0.5954889971192511,-0.9095115118388204,-0.41877301157693475,-1.6884270479583665,0.09135743866445312,9.566056672435664
281,Eu Vou na Sua Casa,Felipe Amorim,1,False,193326579,182077,422,0.0942,,1.0,True,3411783221.0,Eu Vou na Sua Casa,Felipe Amorim,FRX452525383,2025-06-12,179.0,1,-10.2,,809780.0,single,1.0,One Play,Brazilian Music,Brazilian Music,0.783,0.832,0.651,0.0762,2.41e-06,0.827,0.0383,125.007,-4.019,2.0,0.0,1PNSzSydrVNFvr4wJOz4wj,BR,Person,,,2025-06-16,2025-06-12,deezer,2025.0,398.0,-141,-2.3623350973998196,5.986452005284438,Brazilian Music,Brazil,0,0,2.9833333333333334,1,0.0,0.8395332534492236,0.8967539385317319,0.4500730966313499,-0.8137961882858501,-0.5261308556440158,0.051278772986208886,-0.5117388040756916,-40.05476580924697
283,I Wanted to Leave,SYML,1,False,193078594,113291,542,0.0587,,0.94,True,1529103432.0,"I Wanted to Leave (Recorded Live at St. Mark's Cathedral, Seattle)",SYML,CAN112100774,2021-11-19,173.0,0,-14.3,,341238.0,album,14.0,Nettwerk Music Group,Alternative,Alternative,0.479,0.0276,0.152,0.979,0.906,0.115,0.0356,79.98,-22.323,0.0,0.0,0bxTNmEo5Swa650mh0Efdz,US,Person,1983.0,indie folk,2020-10-09,2020-10-09,musicbrainz,2020.0,2105.0,-259,-2.8353155521480864,7.652070746116482,Alternative,US,0,0,2.8833333333333333,1,0.0,-1.1037732853948286,-3.384620580716287,-1.6368688424948497,2.642675575859014,-0.5576380490115288,-1.6503337826708213,0.26201036642866393,29.954001394840635
284,Cero Empatía,Julión Álvarez y su Norteño Banda,1,False,191778479,265354,312,0.1384,,1.0,True,3042021581.0,Cero Empatía,Julion Alvarez Y Su Norteño Banda,QZ7HP2400108,2024-10-24,189.0,0,-9.0,,562302.0,ep,4.0,"Copar Music, Inc",,,0.68,0.429,0.589,0.342,0.0,0.241,0.0341,140.149,-4.807,2.0,0.0,18OMTIWpHGvhTcQjg83CtQ,MX,Group,,,,2024-10-24,deezer,2024.0,629.0,-28,-1.977607235798568,6.444131256700441,Other,Mexico,0,1,3.15,2,0.6931471805599453,0.18111031430140356,-1.2481912768548316,0.19077369738120062,0.20384913172933053,-0.5751420453268138,0.6235091529306587,0.423106210568575,52.66964386524615
285,Crying On The Dancefloor,Sam Feldt,1,False,191433752,48325,672,0.0252,,1.0,True,2174690427.0,Crying On The Dancefloor,Sam Feldt,NLP762300022,2023-03-17,173.0,0,-7.1,,678720.0,single,1.0,Sony Music Entertainment,Pop,Pop,0.627,0.796,0.33,0.116,0.0,0.109,0.08,125.99,-5.192,10.0,1.0,09rAJ1Q1NNJSaUKEW3X9P6,NL,Person,1993.0,house|edm|trance|electronic|pop,2023-03-17,2023-03-17,deezer,2023.0,1216.0,-387,-3.6809112844647593,7.103322062526113,Pop,UK/Europe,0,0,2.8833333333333333,1,0.0,-0.15768983885232946,0.7051459292168035,-0.8924286317444218,-0.6614173931895213,-0.03951975807909387,0.08842726482912187,-0.780075191173164,-54.16284554847366
286,Enséñame A Olvidarte,Intocable,1,False,190464377,118323,535,0.0621,,1.0,True,3495724.0,Enséñame A Olvidarte,Intocable,USEL10000219,2000-11-21,202.0,0,-9.7,171.6,220352.0,album,15.0,Capitol Latin,Latin Music,Latin Music,0.434,0.745,0.753,0.555,0.0,0.102,0.21,171.891,-8.123,5.0,1.0,1yzEn55mFwy7OjY549iKxD,US,Group,,alternative country|latin|norteño|tejano|regional mexicano,2000-11-21,2000-11-21,deezer,2000.0,9367.0,-249,-2.779009290042704,9.14494815320913,Latin Music,US,0,1,3.3666666666666667,3,1.0986122886681098,-1.391433792789507,0.4337012493539876,0.876662430881595,1.0193436884006377,1.4774932559122693,1.8230691001104715,0.21616745919045677,24.131023040316112
287,Lady Lady,Olivia Dean,1,False,189302854,412430,196,0.2179,,1.0,True,3562948051.0,Lady Lady,Olivia Dean,GBUM72503085,2025-09-26,209.0,0,-9.1,,739693.0,album,12.0,PLG - Capitol,Pop,Pop,0.626,0.6,0.516,0.816,0.0637,0.105,0.137,96.131,-8.661,11.0,1.0,1cTyjhfHUncimwNj3nmqhO,GB,Person,1999.0,neo soul|pop soul|pop|female vocals|indie pop,2025-07-10,2025-07-10,musicbrainz,2025.0,370.0,91,-1.5237190370315628,5.91350300563827,Pop,UK/Europe,0,0,3.4833333333333334,9,2.1972245773362196,-0.1640822945722112,-0.33805323260891995,-0.11453043399397468,2.0186116662936473,0.6256321019017348,-1.039972346501041,0.22727684327940034,25.517730724690878
288,4x4xU,Lainey Wilson,1,False,188571597,340156,237,0.1804,,1.0,True,3773654432.0,4x4xU,Lainey Wilson,QMRSZ2400822,2025-08-22,239.0,0,-9.3,,509412.0,album,19.0,Broken Bow Records,Country,Country,0.579,0.727,0.466,0.0989,1.74e-06,0.18,0.0281,142.129,-5.676,7.0,1.0,2j9KCM9zinVUoGLaJrEP2N,US,Person,1992.0,country,2024-07-04,2024-07-04,musicbrainz,2024.0,741.0,51,-1.7125786713536137,6.608000625296087,Country,US,0,0,3.9833333333333334,1,0.0,-0.4645277134066537,0.3378972446965231,-0.3236428527440948,-0.726886674499753,-0.6451580305879536,0.6983352097454788,0.8432330352587862,132.38679918787506
289,In My Head,Juice WRLD,1,False,188396992,56950,652,0.0302,,1.0,True,1986358987.0,In My Head,Juice WRLD,USUG12207965,2022-10-28,192.0,1,-10.2,,477640.0,single,1.0,Grade A Productions/Interscope Records,Rap/Hip Hop,Rap/Hip Hop,0.632,0.557,0.282,0.238,0.0,0.155,0.0422,159.992,-5.643,5.0,0.0,2RJAKIw6nIkgZVsAIKhmqz,US,Person,1998.0,hip hop|emo rap|rap|trap|alternative hip hop,2022-10-28,2022-10-28,deezer,2022.0,1356.0,-363,-3.499913354601313,7.212294468500341,Rap/Hip Hop,US,0,0,3.2,2,0.6931471805599453,-0.12572756025292067,-0.5669183548461956,-1.0931765537445375,-0.19432661425102615,-0.48062046522427493,1.373394731403629,-0.5458366756444812,-42.06431532623155
290,"Daddy Yankee: Bzrp Music Sessions, Vol. 0/66",Bizarrap,1,False,187791805,388937,206,0.2071,,1.0,True,3638389092.0,"Daddy Yankee: Bzrp Music Sessions, Vol. 0/66",Bizarrap,UYB282546130,2025-11-05,151.0,0,-6.7,,733799.0,single,1.0,DALE PLAY Records,Latin Music,Latin Music,0.808,0.864,0.544,0.21,1.56e-05,0.127,0.0662,113.993,-4.013,4.0,0.0,2uPMsTEKx79gJ8rB3AcT0v,AR,Person,1998.0,trap latino|pop|hip hop|latin|reggaeton,2025-11-05,2025-11-05,deezer,2025.0,252.0,84,-1.5745535105805986,5.529429087511423,Latin Music,Latin America (other),0,0,2.5166666666666666,1,0.0,0.9993446464462675,1.067072169033891,0.0025725205060927398,-0.3015277766303529,-0.20055652417971562,-0.36495061578067645,-0.3441504628919687,-29.11777314228563
291,TOXIC,Playboi Carti,1,False,187504348,254400,325,0.1357,,1.0,True,3278625271.0,TOXIC,Playboi Carti,USUM72414854,2025-03-14,135.0,1,-9.5,,627955.0,album,30.0,AWGE/Interscope Records,Rap/Hip Hop,Rap/Hip Hop,0.855,0.64,0.432,0.00418,1.9e-06,0.0948,0.204,142.0,-5.936,0.0,1.0,4evMMKc2HD6fV9slMfgkMx,US,Person,1995.0,hip hop|trap|rap|southern hip hop|cloud rap,2025-03-14,2025-03-14,deezer,2025.0,488.0,-34,-1.9973087121413138,6.1903154058531475,Rap/Hip Hop,US,0,0,2.25,5,1.6094379124341003,1.2997900652807093,-0.12515544448122118,-0.4658392974941767,-1.089532892377247,1.4074772706511296,0.6934601787711802,0.11859277756714848,12.591132857028441
292,mejikuhibiniu,Tenxi,1,False,187405584,186862,414,0.0997,,1.0,True,3506623411.0,mejikuhibiniu,TENXI,QMBZ92541118,2025-08-29,196.0,1,-9.2,,175282.0,album,13.0,AntiNRML,Rap/Hip Hop,Rap/Hip Hop,0.817,0.705,0.226,0.472,4.8e-06,0.0726,0.039,131.975,-5.663,8.0,1.0,13KXgSl4vs7h8y2G7V6GrB,ID,Person,2000.0,hip hop,2025-08-29,2025-08-29,deezer,2025.0,320.0,-122,-2.3055896020143445,5.768320995793772,Rap/Hip Hop,Asia,0,0,3.2666666666666666,3,1.0986122886681098,1.0568767479252026,0.22080346122628877,-1.327382462744672,0.701568814204776,-0.5179623240302162,0.31460602747391997,-0.7550240780680657,-53.00007020807911
293,GO!,CORTIS,1,False,187338528,598140,113,0.3193,,1.0,True,3540344801.0,GO!,CORTIS,USA2P2536188,2025-09-08,170.0,0,-9.6,,741738.0,ep,6.0,Republic Records – CORTIS,Asian Music,Asian Music,0.789,0.434,0.297,0.224,3.82e-06,0.0984,0.299,150.021,-5.652,8.0,1.0,6OWWZtNQORY1McaZmOrwhc,KR,Group,2025.0,boy group|k-pop,2025-09-08,2025-09-08,deezer,2025.0,310.0,180,-1.1416241792614008,5.736572297479192,Asian Music,Asia,0,1,2.8333333333333335,2,0.6931471805599453,0.8778879877685142,-1.221579053338869,-1.0304428281195013,-0.24792719544068947,2.516063703952511,0.9965812907467729,0.3652560270437586,44.08828659089823
294,Seoul City,JENNIE,1,False,186844982,240991,340,0.129,,1.0,True,3262816701.0,Seoul City,JENNIE,USQX92500271,2025-03-07,164.0,0,-8.8,,654530.0,album,15.0,OA Entertainment/Columbia,Asian Music,Asian Music|Pop,0.671,0.556,0.258,0.0857,1.46e-05,0.215,0.0485,76.512,-6.115,5.0,1.0,0Iz9nXuQyl4NtVwpeT8jeE,KR,Person,1996.0,k-pop|pop|hip hop|rock|dance,2025-03-07,2025-03-07,deezer,2025.0,495.0,-46,-2.047942874620465,6.20455776256869,Asian Music,Asia,0,0,2.7333333333333334,7,1.9459101490553132,0.12357821282246777,-0.5722407995493881,-1.1935505147445948,-0.7774243653357213,-0.4071036807000781,-1.781392754910113,0.08543003931626991,8.918535852610487
295,WASSUP,Young Miko,1,False,185738416,294428,284,0.1585,,1.0,True,3324627311.0,WASSUP,Young Miko,QZXD92300153,2025-04-27,162.0,1,-9.0,,589359.0,single,1.0,The Wave Music Group,Rap/Hip Hop,Rap/Hip Hop|Latin Music,0.86,0.681,0.656,0.00481,6.09e-06,0.142,0.0399,145.023,-4.757,1.0,0.0,32SJM4tQyJHsB8rgVtZURn,PR,Person,1998.0,hip hop|latin|reggaeton|trap|latin trap,2025-04-27,2025-04-27,deezer,2025.0,444.0,11,-1.8420006856648017,6.095824562432225,Rap/Hip Hop,Latin America (other),0,0,2.7,1,0.0,1.331752343880118,0.0930647883496701,0.47098433850636195,-1.0871208662237122,-0.5074599262410453,0.8077021836960296,0.15403986474487774,16.653738956694795
296,Century,EsDeeKid,1,False,185460027,465855,168,0.2512,,1.0,True,3604307492.0,Century,EsDeeKid,US39N2528419,2025-10-31,109.0,1,-7.1,,758496.0,single,1.0,Lizzy Records,Rap/Hip Hop,Rap/Hip Hop,,,,,,,,,,,,,GB,Person,,uk|liverpool|rage|jerk|hardcore hip hop,2025-10-31,2025-10-31,deezer,2025.0,257.0,128,-1.3815058443880934,5.54907608489522,Rap/Hip Hop,UK/Europe,0,0,1.8166666666666667,7,1.9459101490553132,,,,,,,-0.12582464351937195,-11.823054278420809
297,Con Otra,Cazzu,1,False,185241463,224034,363,0.1209,,1.0,True,3280475501.0,Con otra,Cazzu,UYB282522077,2025-03-19,231.0,0,-8.6,,546214.0,single,1.0,DALE PLAY Records / RIMAS Entertainment LLC,Latin Music,Latin Music,0.581,0.61,0.55,0.274,0.0,0.949,0.0492,168.162,-5.787,10.0,0.0,38EGs4h8GqgrS1HT344SCQ,AR,Person,1994.0,reggaeton|latin dance|urbano|trap latino,2025-03-19,2025-03-19,deezer,2025.0,483.0,-66,-2.11279152136139,6.180016653652572,Latin Music,Latin America (other),0,0,3.85,1,0.0,-0.4517428019668902,-0.28482878557699526,0.027666010756107185,-0.056496548334748764,-0.3989351490862785,1.682146693109227,-0.009628973263031249,-0.9582763137605199
298,Dhun,Mithoon,1,False,184901344,384415,210,0.2079,,0.94,True,3437460391.0,"Dhun (From ""Saiyaara"")",Mithoon,INY092500018,2025-07-01,276.0,0,-8.4,,367430.0,single,1.0,YRF Music,Asian Music,Asian Music,0.331,0.371,0.29,0.776,0.0,0.128,0.0308,135.137,-7.407,7.0,0.0,1GFQthxDi4Tqe3wJ5j0G5S,IN,Person,1986.0,filmi|film composer,2024-12-17,2024-12-17,musicbrainz,2024.0,575.0,88,-1.57069808411817,6.354370040797351,Asian Music,Asia,0,0,4.6,1,0.0,-2.0498567319373273,-1.5568930696399945,-1.0597185667445181,1.8654671486088954,-0.6136508372204407,0.4341009727509213,0.7356526345157106,108.68434942684257
299,Descer,Kew,1,False,184633849,120494,528,0.0653,,1.0,True,3198268161.0,Descer,Kew,BK4DA2502278,2025-01-30,111.0,1,-8.4,,637987.0,single,1.0,Legenda Records,Soul & Funk,Soul & Funk,0.84,0.72,0.828,0.143,3.36e-05,0.0587,0.0538,130.029,-4.23,9.0,1.0,2OMkXPz6pHdKJSkzxG0MwZ,,,,,,2025-01-30,deezer,2025.0,531.0,-229,-2.7287632426997517,6.274762021241939,Other,Unknown,0,0,1.85,1,0.0,1.203903229482483,0.3006401317741758,1.190331059006775,-0.5580448437523133,-0.3452562270527379,0.24106486254379855,-0.5118764264822526,-40.06301504898503
300,earthquake,JISOO,1,False,184519558,143793,482,0.0779,,1.0,True,3217601431.0,earthquake,JISOO,USWB12500140,2025-02-14,190.0,0,-6.7,,666596.0,ep,4.0,Warner Records,Asian Music,Asian Music,0.776,0.808,0.605,0.00272,0.0,0.135,0.056,127.058,-4.652,11.0,0.0,2vgQ1lGZtdlVwHu37GYJYY,KR,Person,1995.0,k-pop|2020s|3rd gen k-pop,2025-02-14,2025-02-14,deezer,2025.0,516.0,-182,-2.5523293261054345,6.246106765481563,Asian Music,Asia,0,0,3.1666666666666665,2,0.6931471805599453,0.7947860634100513,0.7690152656551131,0.25768967138123916,-1.0951226672727403,-0.3195836991236533,0.12878798638378305,-0.3690020842519828,-30.857603065297234
301,Os Anjos Cantam,Jorge & Mateus,2,True,182865077,200679,398,0.1097,,1.0,True,96568280.0,Os Anjos Cantam,Jorge & Mateus,BRRGE1500206,2015-03-16,197.0,0,-9.4,,697233.0,album,17.0,Som Livre,Brazilian Music,Brazilian Music,0.508,0.761,0.595,0.677,1.22e-05,0.0702,0.0447,180.177,-7.543,11.0,1.0,6ccKu0LwJzOhLAxBwP2PTk,BR,Group,2005.0,country|sertanejo|sertanejo universitário,2015-03-16,2015-03-16,deezer,2015.0,4139.0,-97,-2.2100059117009523,8.328209491748732,Brazilian Music,Brazil,1,1,3.283333333333333,7,1.9459101490553132,-0.9183920695182576,0.5188603646050671,0.21586718763121507,1.486434467339133,-0.4514471380321334,2.1362048105991596,0.9256705613309677,152.35598948042744
303,Ivonny Bonita,KAROL G,1,False,182454765,446803,176,0.2449,,1.0,True,3421452471.0,Ivonny Bonita,KAROL G,USUG12502630,2025-06-20,222.0,0,-8.9,,655110.0,album,20.0,Bichota/Interscope Records,Latin Music,Latin Music,0.88,0.429,0.724,0.833,1.26e-06,0.0975,0.0592,120.015,-7.992,1.0,0.0,5v0GMqvNuoC9Caf5WP8AB0,CO,Person,1991.0,reggaeton|spanish|latin urban|latin|r&b,2025-06-20,2025-06-20,deezer,2025.0,390.0,127,-1.406905315024015,5.966146739123692,Latin Music,Latin America (other),0,0,3.7,6,1.791759469228055,1.4596014582777532,-1.2481912768548316,0.7553772280065252,2.0836980863096675,-0.282241840317712,-0.1373735884378234,0.4161226761996699,51.60718433951861
304,Messy (From F1® The Movie),ROSÉ,1,False,182320233,193340,406,0.106,,1.0,True,3355094441.0,Messy (From F1® The Movie),ROSÉ,USAT22503388,2025-05-08,179.0,0,-6.4,,673587.0,single,1.0,Atlantic Records,Pop,Pop,,,,,,,,,,,,,US,Person,,,2013-06-28,2025-05-08,deezer,2025.0,433.0,-102,-2.24431618487007,6.07073772800249,Pop,US,0,0,2.9833333333333334,1,0.0,,,,,,,-0.2810969897970068,-24.50448910136158
305,Boyfriend,Karan Aujla,1,False,181976338,543323,133,0.2986,,1.0,True,3495188951.0,Boyfriend,Karan Aujla,CAW112500965,2025-08-22,160.0,0,-8.0,,343970.0,album,11.0,WM Canada,Rap/Hip Hop,Rap/Hip Hop|Pop,,,,,,,,,,,,,IN,Person,1997.0,karanaujal,2025-08-22,2025-08-22,deezer,2025.0,327.0,172,-1.2086503938770472,5.7899601708972535,Rap/Hip Hop,Asia,0,0,2.6666666666666665,3,1.0986122886681098,,,,,,,0.37177446162162475,45.030584477524684
306,Hell At Night,BigXthaPlug,1,False,181590961,723551,88,0.3985,,1.0,True,3472732981.0,Hell At Night (feat. Ella Langley),BigXthaPlug,QZNMU2589185,2025-08-08,179.0,0,-10.0,,659532.0,single,1.0,BigXthaPlug under exclusive license to UnitedMasters LLC,Rap/Hip Hop,Rap/Hip Hop,0.683,0.58,0.226,0.054,0.0,0.092,0.0419,150.048,-6.369,0.0,1.0,3pAVk6Ydn0dcGpG8gDyxSJ,US,Person,1998.0,hip hop|trap|country|southern hip hop,2025-08-08,2025-08-08,deezer,2025.0,341.0,218,-0.9200477807518672,5.831882477283517,Rap/Hip Hop,US,0,0,2.9833333333333334,2,0.6931471805599453,0.20028768146104883,-0.4445021266727694,-1.327382462744672,-0.8987913956008877,-0.48412126448733195,0.9976016460669757,0.718322211202729,105.09891955911658
307,Jealous Type,Doja Cat,1,False,181581260,371568,217,0.2046,,1.0,True,3514216471.0,Jealous Type,Doja Cat,USRC12500972,2025-08-21,163.0,1,-7.6,,751713.0,single,1.0,Kemosabe Records/RCA Records,Pop,Pop,0.662,0.857,0.546,0.0317,0.000393,0.144,0.0319,120.006,-3.236,2.0,0.0,1IfGOnXoMBkiKC9xljlSfa,US,Person,1995.0,hip hop|pop|pop rap|west coast hip hop|rock,2025-08-19,2025-08-19,musicbrainz,2025.0,330.0,90,-1.5866984254646108,5.799092654460526,Pop,US,0,0,2.716666666666667,1,0.0,0.06604611134353197,1.0298150561115436,0.010937017256097555,-0.9841694642101372,-0.6008145732558984,-0.13771370687789078,0.006341926122569674,0.6362078715602681
308,La Ciudad del Sol,Omar Camacho,1,False,181399664,365378,222,0.2014,,1.0,True,4029996601.0,La Ciudad del Sol,Omar Camacho,USANG2507195,2026-05-28,206.0,1,-12.2,,479597.0,album,19.0,WM Mexico,Rap/Hip Hop,Rap/Hip Hop,,,,,,,,,,,,,,Person,,,,2026-05-28,deezer,2026.0,48.0,86,-1.602462298697675,3.871201010907891,Rap/Hip Hop,Unknown,0,0,3.433333333333333,2,0.6931471805599453,,,,,,,0.1926048183093867,21.240357914087138
309,MONTAGEM RUGADA,cape,1,False,180853310,317420,260,0.1755,,1.0,True,3515291031.0,MONTAGEM RUGADA,cape,QT5M22560359,2025-08-27,92.0,0,-4.4,,731675.0,ep,6.0,Zime Media AB,Dance,Dance,0.514,0.975,0.663,0.0176,1.47e-05,0.136,0.0538,130.051,-0.755,2.0,1.0,7hCUHXMZknrymWCyeMx8B6,US,Person,1966.0,folk punk|alternative country|skate punk|alternative rock|punk rock,2025-08-27,2025-08-27,deezer,2025.0,322.0,49,-1.7401162360762166,5.7745515455444085,Dance,US,0,0,1.5333333333333334,1,0.0,-0.8800373351989671,1.6578635310882546,0.5002600771313788,-1.0381529066940125,-0.3452562270527379,0.241896263175074,-0.1809589619868277,-16.55303970323152
310,Sweet Dreams,j-hope,1,False,180505811,153977,463,0.0853,,1.0,True,3263142511.0,Sweet Dreams (feat. Miguel),j-hope,USA2P2500740,2025-03-07,172.0,0,-8.7,,606298.0,single,1.0,BIGHIT MUSIC,Asian Music,Asian Music,0.564,0.577,0.796,0.153,0.0,0.0726,0.0774,94.3,-6.468,4.0,0.0,3MEw4IDtZDhpEdaEWTUak0,KR,Person,1994.0,pop|hip hop|dance-pop|k-pop|r&b,2025-03-07,2025-03-07,deezer,2025.0,495.0,-153,-2.4615808244845034,6.20455776256869,Asian Music,Asia,0,0,2.8666666666666667,4,1.3862943611198906,-0.56041454920488,-0.4604694607823468,1.0564991110066986,-0.5197587143311252,-0.0698600183589212,-1.1091675535858576,-0.32820791054776866,-27.97867357963042
311,Bandida,Luis R Conriquez,1,False,180462762,145868,477,0.0808,,1.0,True,3183001701.0,Bandida,Luis R Conriquez,QMFMF2465562,2025-01-16,165.0,1,-8.2,,531605.0,single,1.0,Kartel Music,Latin Music,Latin Music|Norteño,0.753,0.732,0.682,0.413,0.0,0.253,0.0429,118.012,-6.246,5.0,0.0,4dF08DjAjgactxNnsjRod6,MX,Person,1996.0,regional mexicano|corrido|corrido belico|sierreño,2026-07-10,2025-01-16,deezer,2025.0,545.0,-166,-2.5157783134550873,6.300785794663244,Latin Music,Mexico,0,0,2.75,2,0.6931471805599453,0.6477595818527709,0.3645094682124855,0.5797227962564245,0.47568065061976605,-0.4724519336104753,-0.21306883682170488,-0.2690395088528499,-23.588693417885807
312,Niño,Milo j,1,False,180449208,559955,129,0.3103,,1.0,True,3567647211.0,Niño,Milo j,ARZA12500012,2025-09-25,210.0,0,-10.1,,648459.0,album,15.0,Sony Music Latin,Alternative,Alternative,,,,,,,,,,,,,AR,Person,2006.0,alternative rock|latin rock|trap,2025-09-25,2025-09-25,deezer,2025.0,293.0,183,-1.1702157075278026,5.680172609017068,Alternative,Latin America (other),0,0,3.5,4,1.3862943611198906,,,,,,,0.259632154690949,29.64531047503831
313,On & On,Armin van Buuren,1,False,180370282,74442,614,0.0413,,0.94,True,2391685405.0,On & On (Mixed),Armin van Buuren,NLF712306053,2023-07-29,177.0,0,-11.4,,420305.0,album,18.0,Armada Music Albums,Dance,Dance|Trance,0.665,0.794,0.296,0.01,0.144,0.283,0.0807,130.006,-9.345,0.0,1.0,4XmDuyVGdUZskDjYk5ZIVf,NL,Person,1976.0,trance|progressive trance|uplifting trance|dance|vocal trance,,2023-07-29,deezer,2023.0,1082.0,-301,-3.18689277901515,6.9865664594064265,Dance,UK/Europe,0,0,2.95,2,0.6931471805599453,0.08522347850317724,0.6945010398104186,-1.0346250764945037,-1.0672503650541154,-0.03135122646529431,0.24019567097473765,-0.35171778011190646,-29.652137037625103
314,15 Minutes,Sabrina Carpenter,1,False,180254924,154824,462,0.0859,,1.0,True,3228090941.0,15 Minutes,Sabrina Carpenter,USUM72413904,2025-02-14,191.0,1,-6.9,,590103.0,album,17.0,Island Records,Pop,Pop,0.578,0.897,0.715,0.00693,0.0,0.284,0.0673,131.978,-3.828,7.0,1.0,1axsn4AyDbmGKoBDMrMLF7,US,Person,1999.0,pop|electropop|dance-pop|2020s|american,2025-02-14,2025-02-14,deezer,2025.0,516.0,-148,-2.4545714499919273,6.246106765481563,Pop,US,0,0,3.183333333333333,14,2.6390573296152584,-0.47092016912653545,1.2427128442392423,0.7177369926315035,-1.0790042067864203,-0.18772026021517327,0.3147194002872763,-0.2712442081384756,-23.7569718011429
315,Mi Entorno,Virlan Garcia,1,False,180199716,623212,105,0.3458,,1.0,True,3553955451.0,Mi Entorno,Virlan Garcia,USANG2521344,2025-10-09,172.0,0,-9.8,,526909.0,album,12.0,La Cima Records,Latin Music,Latin Music,,,,,,,,,,,,,MX,Person,1997.0,,,2025-10-09,deezer,2025.0,279.0,210,-1.0618947057329469,5.631211781821365,Latin Music,Mexico,0,0,2.8666666666666667,1,0.0,,,,,,,0.30194501951756303,35.24868642849719
316,Tiramisu,Don Toliver,1,False,179769297,437947,181,0.2436,,1.0,True,3532574951.0,Tiramisu,Don Toliver,USAT22506317,2025-09-05,138.0,1,-8.4,,679190.0,single,1.0,Cactus Jack / Atlantic,Rap/Hip Hop,Rap/Hip Hop,0.809,0.707,0.329,0.0484,6.31e-06,0.129,0.0393,133.012,-5.749,11.0,0.0,6pDt1F76BKy3ywWg4t8wee,US,Person,1994.0,hip hop|alternative r&b|trap,2025-09-05,2025-09-05,deezer,2025.0,313.0,135,-1.412227743146395,5.746203190540153,Rap/Hip Hop,US,0,0,2.3,2,0.6931471805599453,1.0057371021661492,0.23144835063267372,-0.8966108801194242,-0.9202316280767531,-0.5144615247671592,0.3537952299572378,0.10788516942773785,11.39198259910068
317,SE VOLVIERON LOCOS,Kane Rodriguez,1,False,179690819,344510,234,0.1917,,1.0,True,3020228581.0,Se Volvieron Locos,Kane Rodriguez,QZNFJ2404702,2024-10-11,175.0,1,-11.8,,486017.0,ep,5.0,"La Empresa Music, Inc.",Latin Music,Latin Music|Corridos,0.78,0.46,0.671,0.054,0.0,0.138,0.0329,129.964,-8.331,10.0,1.0,0elyegsqzW6UHenMeIJiOR,US,Person,,,,2024-10-11,deezer,2024.0,642.0,83,-1.6518236289305381,6.464588303689961,Latin Music,US,0,0,2.9166666666666665,1,0.0,0.8203558862895783,-1.083195491055865,0.5337180641313981,-0.8987913956008877,-0.5891452423790418,0.23860845158775656,0.7694493166286436,115.85772338397425
318,My Man on Willpower,Sabrina Carpenter,1,False,179574067,336677,241,0.1875,,1.0,True,3529873501.0,My Man on Willpower,Sabrina Carpenter,USUM72504356,2025-08-29,197.0,1,-6.1,,640995.0,album,12.0,Island Records,Pop,Pop,0.612,0.776,0.431,0.0865,0.0,0.105,0.0357,120.085,-3.122,10.0,1.0,3EMfeKtNK4q4k3sVjwg5Yy,US,Person,1999.0,pop|electropop|dance-pop|2020s|american,2025-08-29,2025-08-29,deezer,2025.0,320.0,77,-1.6739764335716716,5.768320995793772,Pop,US,0,0,3.283333333333333,14,2.6390573296152584,-0.2535766746505558,0.5986970351529541,-0.4700215458691791,-0.7743614749820262,-0.5564711159238431,-0.13472822279285526,-0.1234109096253928,-11.60996152472249
320,THIS IS FOR,TWICE,1,False,178946896,308639,272,0.1725,,1.0,True,3451046521.0,THIS IS FOR,TWICE,US5TA2500103,2025-07-11,131.0,0,-8.1,,657212.0,album,14.0,Republic Records - TWICE,Asian Music,Asian Music,0.796,0.742,0.919,0.149,0.0,0.609,0.058,127.962,-5.113,6.0,0.0,1GMGVYS12lGWK9UWMJ2iZP,KR,Group,2015.0,k-pop|girl group|pop|dance|3rd gen k-pop,2025-07-11,2025-07-11,deezer,2025.0,369.0,48,-1.7573580425107227,5.910796644040527,Asian Music,Asia,0,1,2.183333333333333,2,0.6931471805599453,0.9226351778076864,0.41773391524441017,1.5709156611319943,-0.5350731660996004,-0.29624503736993996,0.16295099414166053,-0.010082698135854606,-1.0032038141113198
321,NOT CUTE ANYMORE,ILLIT,1,False,178584550,543202,134,0.3042,,1.0,True,3667806702.0,NOT CUTE ANYMORE,ILLIT,USA2P2551249,2025-11-24,131.0,0,-8.8,,726284.0,single,2.0,BELIFT LAB,Asian Music,Asian Music,0.94,0.736,0.949,0.243,7.45e-05,0.117,0.0443,98.986,-5.978,1.0,1.0,1k0JAiH11gHL9dc5dfQjQr,KR,Group,2023.0,k-pop|girl group|5th gen k-pop,2025-11-24,2025-11-24,deezer,2025.0,233.0,187,-1.1900698991569445,5.4510384535657,Asian Music,Asia,0,1,2.183333333333333,1,0.0,1.8431488014706578,0.38579924702525537,1.696383112382066,-0.17518354954043208,-0.456114870382876,-0.9320792191241156,-0.057715014737355075,-5.608108791142574
322,GBP,Central Cee,1,False,177792702,109007,552,0.0613,,1.0,True,3185132481.0,GBP,Central Cee,USSM12408428,2025-01-16,154.0,1,-9.2,,616667.0,single,1.0,Columbia,Rap/Hip Hop,Rap/Hip Hop,0.834,0.683,0.67,0.0905,0.0,0.205,0.223,142.121,-4.254,1.0,1.0,5emD8K39MmotlCLOx9qzCH,GB,Person,1998.0,hip hop|uk drill|grime|drill|trap,2025-01-16,2025-01-16,deezer,2025.0,545.0,-230,-2.791975436039971,6.300785794663244,Rap/Hip Hop,UK/Europe,0,0,2.566666666666667,3,1.0986122886681098,1.1655484951631925,0.10370967775605502,0.5295358157563956,-0.759047023213551,1.6291945573114057,0.6980328822431974,-0.5452366314377337,-42.02954092223267
323,HOT,LE SSERAFIM,1,False,177511432,201353,395,0.1134,,1.0,True,3256605631.0,HOT,LE SSERAFIM,USA2P2506404,2025-03-14,143.0,0,-6.3,,637710.0,ep,5.0,SOURCE MUSIC,Asian Music,Asian Music,0.763,0.63,0.968,0.0883,0.0,0.42,0.0558,127.957,-3.406,0.0,1.0,406IpEtZPvbxApWTGM3twY,KR,Group,2022.0,k-pop|girl group|4th gen k-pop,2024-08-30,2024-08-30,musicbrainz,2024.0,684.0,-72,-2.176833887688485,6.52795791762255,Asian Music,Asia,0,1,2.3833333333333333,2,0.6931471805599453,0.7116841390515886,-0.17837989151314587,1.7758458315071117,-0.7674699716862124,-0.3219175652990246,0.16276203945273385,0.30593861370568787,35.78989476049266
324,On the Nature of Daylight,Max Richter,1,False,177490904,114951,540,0.0648,,0.94,True,497150662.0,Richter: On the Nature of Daylight,Max Richter,GBDCA0300279,2018-05-11,371.0,0,-14.4,117.45,681603.0,album,18.0,Deutsche Grammophon (DG),Classical,Classical,0.0652,0.342,0.0335,0.154,0.857,0.11,0.0483,65.602,-12.742,10.0,0.0,56oReVXIfUO9xkX7pHmEU0,GB,Person,1966.0,classical|modern classical|ambient|composer|soundtrack,2004,2004-01-01,musicbrainz,2004.0,8231.0,-216,-2.7364496756239083,9.015662792972645,Other,UK/Europe,0,0,6.183333333333334,1,0.0,-3.748971462281896,-1.7112439660325758,-2.1324652749326347,-0.5159301013890064,-0.4094375468754494,-2.1936918861473305,0.2890771165366539,33.51946901486986
325,Hammer to the Heart,Teddy Swims,1,False,177240279,121089,527,0.0683,,1.0,True,2749322351.0,Hammer to the Heart,Teddy Swims,USWB12401481,2024-04-26,192.0,0,-8.1,,619758.0,album,14.0,Warner Records,Pop,Pop,0.619,0.61,0.6,0.0508,0.0,0.0658,0.0298,107.941,-5.552,6.0,0.0,0IdwfnHFfyb7zc7GFs75QQ,US,Person,1992.0,soul|pop|pop soul|rock|alternative rock,2024-04-26,2024-04-26,deezer,2024.0,810.0,-202,-2.6838455124053926,6.697034247666484,Pop,US,0,0,3.2,2,0.6931471805599453,-0.20882948461138348,-0.28482878557699526,0.2367784295062271,-0.9110429570156678,-0.6253201680972973,-0.593661371257087,-0.05271798113022541,-5.135248874038623
326,P*RNSTAR,Nessa Barrett,1,False,176862350,129322,511,0.0731,,1.0,True,3049313501.0,P*RNSTAR,Nessa Barrett,USWB12404159,2024-11-15,149.0,1,-7.0,,692648.0,album,15.0,Warner Records,Pop,Pop,0.588,0.819,0.159,0.125,0.0138,0.361,0.149,100.001,-5.417,9.0,1.0,120mpXRD6WPCf67bMeWJeg,US,Person,2002.0,alternative pop|singer-songwriter|emo,2024-11-15,2024-11-15,deezer,2024.0,607.0,-185,-2.615926912226404,6.408528791059498,Pop,US,0,0,2.4833333333333334,1,0.0,-0.4069956119277179,0.8275621573902298,-1.6075931038698328,-0.626959876710452,0.7656640724240144,-0.8937214172720738,-0.25182693087863317,-22.262073322610267
327,4X4,Travis Scott,1,False,176753745,127445,514,0.0721,,1.0,True,3200805881.0,4X4,Travis Scott,USSM12410202,2025-01-28,191.0,1,0.0,,687359.0,single,1.0,Cactus Jack / Epic,Rap/Hip Hop,Rap/Hip Hop,0.625,0.847,0.221,0.0392,0.000108,0.788,0.0454,143.023,-2.95,6.0,0.0,6s8WSX1MxNThrot8ThI6fG,US,Person,1991.0,hip hop|trap|rap|southern hip hop|pop rap,2025-01-24,2025-01-24,musicbrainz,2025.0,537.0,-187,-2.629701234691234,6.285998094508865,Rap/Hip Hop,US,0,0,3.183333333333333,1,0.0,-0.17047475029209297,0.9765906090796189,-1.3482937046196841,-0.9554548671442461,-0.44327860641833366,0.732120308125504,-0.3998527041335431,-32.95812113203633
328,The Abyss,The Weeknd,1,False,176626442,221550,369,0.1254,,1.0,True,3210598561.0,The Abyss,The Weeknd,USUG12501144,2025-01-31,283.0,0,-11.4,,864121.0,album,22.0,XO / Republic Records,R&B,R&B,0.192,0.401,0.0571,0.231,3.69e-06,0.177,0.0325,84.501,-8.553,0.0,0.0,5ZDKPFRZC6QlJpf8bCIXTs,CA,Person,1990.0,r&b|dance-pop|contemporary r&b|alternative r&b|synth-pop,2025-01-31,2025-01-31,deezer,2025.0,530.0,-41,-2.076246650783317,6.272877006546167,R&B,Canada,0,0,4.716666666666667,4,1.3862943611198906,-2.9384080770008905,-1.3972197285442203,-2.033764213282578,-0.22112690484585776,-0.5938129747297843,-1.479480952943648,0.1384547865742083,14.84977528783289
329,Pushing It Down and Praying,Lizzy McAlpine,1,False,176239656,275894,299,0.1565,,1.0,True,2990785051.0,Pushing It Down and Praying,Lizzy McAlpine,USRC12402570,2024-09-20,234.0,0,-9.7,,582797.0,single,1.0,Indigo Blue/RCA Records,Alternative,Alternative|Pop,0.404,0.251,0.198,0.797,1.47e-05,0.112,0.0359,131.692,-10.293,1.0,1.0,0Exki6SgSuYfWQDP0npFlF,US,Person,1999.0,singer-songwriter|indie pop|indie folk|folk pop|indie,2024-09-20,2024-09-20,deezer,2024.0,663.0,30,-1.854699269001929,6.4967749901858625,Alternative,US,0,0,3.9,3,1.0986122886681098,-1.5832074643859595,-2.1955864340230904,-1.4444854172447392,1.9458680203933902,-0.5541372497484718,0.30391119208069106,0.5982214192809556,81.88808953156463
330,Miss possessive,Tate McRae,1,False,176098790,145222,478,0.0825,,1.0,True,3240044341.0,Miss possessive,Tate McRae,USRC12403576,2025-02-21,137.0,1,-8.2,,660404.0,album,15.0,RCA Records Label,Pop,Pop,0.794,0.739,0.36,0.254,7.57e-05,0.103,0.0413,101.977,-4.451,0.0,0.0,4eVeuJ3a4bBlQWwfRutxwJ,CA,Person,2003.0,pop|dance-pop|2020s|female vocals|pop rock,2025-02-21,2025-02-21,deezer,2025.0,509.0,-148,-2.494956985641502,6.2324480165505225,Pop,Canada,0,0,2.283333333333333,10,2.302585092994046,0.9098502663679229,0.40176658113483277,-0.7669611804943498,-0.13306880717712508,-0.4911228630134459,-0.8190465242083945,-0.3278821189668055,-27.955205815240415
331,El Mayor de los Ranas (En Vivo),Grupo Marca Registrada,1,False,176017576,175628,434,0.0998,,1.0,True,3252296481.0,El Mayor de los Ranas (En Vivo),Grupo Marca Registrada,USA2P2509050,2025-02-27,174.0,1,-11.4,,551985.0,single,1.0,"RB Music, Inc. (RB Music/Grupo Marca Registrada)",,,0.747,0.809,0.922,0.332,0.0,0.199,0.0603,91.017,-7.721,10.0,0.0,7mEPibyVIOAjjHcSD0K0vn,MX,Group,2014.0,,,2025-02-27,deezer,2025.0,503.0,-103,-2.304587095664719,6.220590170099739,Other,Mexico,0,1,2.9,1,0.0,0.6094048475334805,0.7743377103583057,1.5834624062570015,0.16556300230814236,-0.26940557635316975,-1.2332352023348756,-0.15175647010337467,-14.080250445766984
332,No Me Enseñaste,Thalia,1,False,175694949,88802,590,0.0505,,1.0,True,3255147.0,No Me Enseñaste,Thalia,MXF060200328,2002-05-21,266.0,0,-9.8,135.1,542454.0,album,15.0,Capitol Latin,Latin Music,Latin Music,0.669,0.719,0.817,0.411,0.0,0.0876,0.0603,134.897,-7.035,8.0,0.0,2ddRXsKI5dGKSMRc0B6VrC,MX,Person,1971.0,latin pop|latin,2002-05-21,2002-05-21,deezer,2002.0,8821.0,-258,-2.985781942700823,9.084890521258767,Latin Music,Mexico,0,0,4.433333333333334,3,1.0986122886681098,0.11079330138270425,0.2953176870709834,1.1443263268817487,0.46802342473552844,-0.26940557635316975,0.4250311476824579,0.0237298495976761,2.4013642822769965
333,I know love,Tate McRae,1,False,175661681,117821,536,0.0671,,1.0,True,3240044421.0,I know love (feat. The Kid LAROI),Tate McRae,USRC12403582,2025-02-21,156.0,1,-6.9,,657446.0,album,15.0,RCA Records Label,Pop,Pop,0.566,0.729,0.541,0.0132,0.0,0.351,0.131,179.948,-4.486,1.0,0.0,4WjjHDBuJL9g5wAkQbIa8X,CA,Person,2003.0,pop|dance-pop|2020s|female vocals|pop rock,2025-02-14,2025-02-14,musicbrainz,2025.0,516.0,-203,-2.7015712350045007,6.246106765481563,Pop,Canada,0,0,2.6,10,2.302585092994046,-0.5476296377651165,0.3485421341029081,-0.009974224618914484,-1.0549988036393352,0.555616116640595,2.127550685846335,-0.518243993151049,-40.44345527190556
334,Staying,Lizzy McAlpine,1,False,175344623,315207,264,0.1798,,1.0,True,2722020152.0,Staying,Lizzy McAlpine,USRC12301894,2024-04-05,151.0,0,-10.1,,521272.0,album,14.0,Indigo Blue/RCA Records,Alternative,Alternative|Pop,0.496,0.214,0.334,0.844,5.3e-05,0.119,0.0303,135.631,-10.707,4.0,1.0,3tcCT8WhAIeRW2Ey9M4bL5,US,Person,1999.0,singer-songwriter|indie pop|indie folk|folk pop|indie,2024-04-05,2024-04-05,deezer,2024.0,831.0,70,-1.7159101569446171,6.7226297948554485,Alternative,US,0,0,2.5166666666666666,3,1.0986122886681098,-0.9951015381568387,-2.3925168880412118,-0.8756996382444122,2.125812828672974,-0.619485502658869,0.45276969601684114,0.9357399438167773,154.9098950080245
335,git,BLOK3,1,False,175009805,181619,423,0.1038,,1.0,True,3451496401.0,git,BLOK3,FRX762513550,2025-07-18,158.0,0,-11.7,,624419.0,ep,4.0,Mundo Music,Rap/Hip Hop,Rap/Hip Hop,0.709,0.519,0.295,0.713,1.28e-05,0.092,0.038,86.037,-8.63,6.0,0.0,1RwVkonL4anIGeNZo0OPp1,,Person,2002.0,,2026-06-05,2025-07-18,deezer,2025.0,362.0,-88,-2.265289308250349,5.8916442118257715,Rap/Hip Hop,Unknown,0,0,2.6333333333333333,4,1.3862943611198906,0.36649153017797376,-0.7691712535675095,-1.038807324869506,1.6242645332554098,-0.5296316549070729,-1.4214340725054841,-0.5443803321043319,-41.97987959732218
336,Me Mareo,Kidd Voodoo,1,False,174809009,256805,323,0.1469,,1.0,True,3422751531.0,Me Mareo,Kidd Voodoo,QMBZ92544193,2025-06-19,168.0,1,-8.3,,623279.0,single,1.0,Kidd Voodoo,Latin Music,Latin Music,,,,,,,,,,,,,CL,Person,,,2025-06-19,2025-06-19,deezer,2025.0,391.0,13,-1.9180031958023054,5.968707559985366,Latin Music,Latin America (other),0,0,2.8,1,0.0,,,,,,,-0.09149083487547616,-8.743032007156316
337,I Ain't Comin' Back,Morgan Wallen,1,False,174701783,226315,359,0.1295,,1.0,True,3326163551.0,I Ain't Comin' Back,Morgan Wallen,USUG12501623,2025-04-18,175.0,0,-7.2,,639931.0,single,1.0,Big Loud Records / Mercury Records / Republic Records,Country,Country,0.372,0.727,0.741,0.566,0.0,0.298,0.0358,200.363,-4.9,11.0,1.0,1BDLD4c07q0bmq2VCRsXoE,US,Person,1993.0,country|country pop|2020s|racist,2025-04-18,2025-04-18,deezer,2025.0,453.0,-22,-2.0440743978425444,6.115892125483034,Country,US,0,0,2.9166666666666665,9,2.1972245773362196,-1.7877660474221755,0.3378972446965231,0.8264754503815661,1.0614584307639443,-0.5553041828361575,2.8990526807324755,-0.022055198420913413,-2.181376077478292
338,Caramel,Sleep Token,1,False,174573303,208538,382,0.1195,,1.0,True,3330723971.0,Caramel,Sleep Token,USRC12500017,2025-05-09,290.0,0,-8.7,,655673.0,album,10.0,Sleep Token/RCA Records,Alternative,Alternative|Rock|Metal,0.631,0.775,0.29,0.00432,9.17e-06,0.061,0.0331,94.01,-5.385,5.0,0.0,3AdXwuFn7j21HNiFMXvZXt,GB,Group,2016.0,progressive metal|alternative metal|alternative pop|djent|progressive rock,2025-04-04,2025-04-04,musicbrainz,2025.0,467.0,-44,-2.1244389076105716,6.1463292576688975,Alternative,UK/Europe,0,1,4.833333333333333,3,1.0986122886681098,-0.13212001597280243,0.5933745904497617,-1.0597185667445181,-1.0889968865653503,-0.5868113762036704,-1.1201269255435835,-0.06352959169413408,-6.155365132753509
339,MON BÉBÉ,RnBoi,1,False,174202141,502149,152,0.2883,,1.0,True,3602108062.0,MON BÉBÉ,RnBoi,FR9W12555806,2025-10-24,130.0,0,-9.5,,997284.0,single,1.0,DOUBLE JEU RECORDS,R&B,R&B,0.607,0.611,0.367,0.388,0.0,0.0923,0.177,113.789,-7.287,6.0,0.0,3uPm5zOkpzhtWg5ZsuX7xi,FR,Person,2006.0,hip hop|r&b,2025-10-24,2025-10-24,deezer,2025.0,264.0,187,-1.2437536743377806,5.575949103146316,R&B,UK/Europe,0,0,2.1666666666666665,1,0.0,-0.28553895324996453,-0.2795063408738028,-0.7376854418693329,0.37996532706679587,1.0924053369760003,-0.37265996708886984,0.04690027184195866,4.801748701427067
340,Ba Ba Bad Remix,Kybba,1,False,174130253,279412,297,0.1605,,1.0,True,3410085001.0,Ba Ba Bad Remix,Kybba,GXBNP2508981,2025-06-27,146.0,0,-10.3,,701616.0,single,1.0,Basshall,Reggae,Reggae|Dancehall/Ragga,0.68,0.591,0.509,0.0287,0.0,0.302,0.468,98.003,-6.088,9.0,1.0,0lMafSfME2iJEE972bsQaK,NL,Person,,dancehall,2025-06-27,2025-06-27,deezer,2025.0,383.0,43,-1.8294613364120664,5.948034989180646,Other,UK/Europe,0,0,2.433333333333333,1,0.0,0.18111031430140356,-0.3859552349376522,-0.14380617261899153,-0.9956553030364936,4.488180622141284,-0.9692277109670292,-0.03113383683389892,-3.0654169782836527
341,CIEL,GIMS,1,False,173099491,126965,515,0.0733,,1.0,True,3045169941.0,CIEL,GIMS,FR8FB2415600,2024-09-13,186.0,0,-11.1,,982484.0,single,1.0,Play Two,Rap/Hip Hop,Rap/Hip Hop,0.797,0.605,0.874,0.129,0.0,0.13,0.0769,129.933,-9.587,4.0,0.0,3wnBCskNyzzYwT3rcrv0Hb,FR,Person,1986.0,pop rap|french hip hop|pop|hardcore hip hop|sapés comme jamais,2024-09-13,2024-09-13,deezer,2024.0,670.0,-174,-2.613194670089531,6.507277712385012,Rap/Hip Hop,UK/Europe,0,0,3.1,4,1.3862943611198906,0.9290276335275682,-0.31144100909295763,1.382714484256886,-0.6116454249419767,-0.07569468379734952,0.23743693251641318,-0.15013109451472095,-13.94048502737858
342,FaSHioN,CORTIS,1,False,173093828,508956,148,0.294,,1.0,True,3540344821.0,FaSHioN,CORTIS,USA2P2536189,2025-09-08,174.0,0,-8.1,,743012.0,ep,6.0,Republic Records – CORTIS,Asian Music,Asian Music,0.627,0.85,0.25,0.00973,0.0,0.319,0.111,77.494,-4.24,7.0,0.0,4ecdsGz3Hg6TKPwQ0ZOdJz,KR,Group,2025.0,boy group|k-pop,2025-09-08,2025-09-08,deezer,2025.0,310.0,194,-1.2241755116434554,5.736572297479192,Asian Music,Asia,0,1,2.9,2,0.6931471805599453,-0.15768983885232946,0.9925579431891963,-1.2270085017446142,-1.0682840905484874,0.32222949910346205,-1.7442820540049848,0.282704694661704,32.67133184379607
343,Thodi Si Daaru,AP Dhillon,1,False,173081124,302406,277,0.1747,,1.0,True,3459718291.0,Thodi Si Daaru,AP Dhillon,USUG12505772,2025-07-17,180.0,0,-8.4,,189483.0,single,1.0,AP Dhillon,Pop,Pop,0.772,0.714,0.81,0.227,0.0,0.115,0.102,159.888,-6.358,0.0,1.0,3JiLQJmVW7d4O8AQDFB3oj,CA,Person,,hip hop|punjabi|indian pop,2025-07-16,2025-07-16,musicbrainz,2025.0,364.0,66,-1.7446850618421261,5.8971538676367405,Pop,Canada,0,0,3.0,1,0.0,0.7692162405305243,0.268705463555021,1.1150505882567323,-0.23644135661433302,0.21720552121175216,1.369464473873962,-0.01618502966169011,-1.6054755844564172
344,La Pantera,Marcos Villalobos,1,False,172997296,235971,346,0.1364,,1.0,True,4185597852.0,La Pantera,Marcos Villalobos,GXD7V2512796,2025-02-28,223.0,1,-10.3,,527123.0,single,1.0,Gheef,Rap/Hip Hop,Rap/Hip Hop|Latin Music,,,,,,,,,,,,,,,,,,2025-02-28,deezer,2025.0,502.0,-2,-1.9921635335727754,6.218600119691729,Rap/Hip Hop,Unknown,0,0,3.716666666666667,1,0.0,,,,,,,0.1582642371924705,17.14757012646464
345,Hiekka,Nicky Jam,1,False,172807157,157775,459,0.0913,,1.0,True,3335572111.0,Hiekka,Nicky Jam,USA2P2519394,2025-05-02,213.0,0,-9.2,,651514.0,single,1.0,Nicky Jam,Rap/Hip Hop,Rap/Hip Hop,0.724,0.726,0.332,0.0451,0.0,0.12,0.0416,107.865,-4.077,4.0,0.0,4PNo8pt5fmvNyTheIqavsH,PR,Person,1980.0,reggaeton|latin|latin urban,2025-05-02,2025-05-02,deezer,2025.0,439.0,-114,-2.3936044913812142,6.0844994130751715,Rap/Hip Hop,Latin America (other),0,0,3.55,1,0.0,0.4623783659762001,0.33257479999333067,-0.884064134994417,-0.9328660507857451,-0.48762206375038897,-0.5965334825287671,-0.41233515592313363,-33.78976686569123
346,JETSKI,PEDRO SAMPAIO,1,False,172385668,454319,174,0.2635,,1.0,True,3708173892.0,JETSKI,PEDRO SAMPAIO,BRSME2501833,2025-12-18,152.0,1,-6.6,,900543.0,single,1.0,Sony Music Entertainment,Soul & Funk,Soul & Funk,0.78,0.756,0.915,0.3,0.0,0.0585,0.0845,155.052,-4.289,3.0,0.0,3jhyw60F61gc7nC4dblqtC,BR,Person,1997.0,funk|pop|latin,2025-12-18,2025-12-18,deezer,2025.0,209.0,172,-1.33370191100072,5.342334251964811,Other,Brazil,0,0,2.533333333333333,2,0.6931471805599453,0.8203558862895783,0.49224814108910475,1.5541866676319847,0.04304738816034025,0.012992230866761068,1.1867074987444306,-0.328264905094549,-27.982778285514232
347,tau mich auf,Zartmann,1,False,171566297,88496,591,0.0516,,1.0,True,3198385821.0,tau mich auf,Zartmann,DE1FB2400558,2025-02-10,110.0,0,-9.3,,695897.0,single,1.0,Bamboo Artists/Epic,Pop,Pop,0.884,0.807,0.881,0.243,3.77e-06,0.279,0.126,124.961,-6.898,2.0,1.0,5M5CCI3zRRnVpMzNiwrGaJ,DE,Person,,,2025-01-31,2025-01-31,musicbrainz,2025.0,530.0,-244,-2.96423360649462,6.272877006546167,Pop,UK/Europe,0,0,1.8333333333333333,1,0.0,1.4851712811572801,0.7636928209519207,1.4119902228819028,-0.17518354954043208,0.49726946225631163,0.04954038984808655,-0.7495321691370949,-52.7412407906525
348,"Tum Ho (From ""Rockstar"")",Mohit Chauhan,1,False,171498763,143978,481,0.084,,1.0,True,3271891041.0,"Tum Ho (From ""Rockstar"")",Mohit Chauhan,INS181103509,2025-03-10,316.0,0,-11.4,,157169.0,album,25.0,Super Cassettes Industries Private Limited,Indian Music,Indian Music,0.356,0.47,0.167,0.518,1e-05,0.0807,0.0278,93.895,-8.929,5.0,1.0,7uNnlVit5qDvfOje0pqICF,IN,Person,1966.0,indian pop,2011-09-30,2011-09-30,musicbrainz,2011.0,5402.0,-133,-2.4769384801388235,8.59452453435256,Other,Asia,0,0,5.266666666666667,4,1.3862943611198906,-1.8900453389402836,-1.0299710440239405,-1.5741351168698137,0.8776850095422416,-0.6486588298510106,-1.124472883388889,0.6291063194457931,87.59333447688371
349,melodrama,disiz,1,False,170422881,351033,230,0.206,,1.0,True,3558373981.0,melodrama,disiz,FR9W12550711,2025-09-26,176.0,0,-7.0,,996934.0,single,1.0,Carré Bleu Production,Pop,Pop,,,,,,,,,,,,,FR,Person,1978.0,hip hop|todo-works,2025-09-26,2025-09-26,deezer,2025.0,292.0,119,-1.579879110192556,5.676753802268282,Pop,UK/Europe,0,0,2.933333333333333,1,0.0,,,,,,,-0.15467006275377115,-14.330221263189912
350,Keşke,BLOK3,1,False,170105022,133049,501,0.0782,,1.0,True,3287580111.0,Keşke,BLOK3,QM6MZ2585378,2025-03-28,207.0,0,-8.1,,529863.0,single,1.0,Lais Records,Rap/Hip Hop,Rap/Hip Hop,0.755,0.423,0.389,0.603,4.28e-06,0.292,0.12,94.99,-9.967,5.0,1.0,1horGWxHKfwctCKdHwrO0n,,Person,2002.0,,,2025-03-28,deezer,2025.0,474.0,-151,-2.5484856314308715,6.161207321695077,Rap/Hip Hop,Unknown,0,0,3.45,4,1.3862943611198906,0.6605444932925345,-1.2801259450739864,-0.64567597761928,1.2031171096223405,0.42725347699517174,-1.0830918065140263,-0.4688079770206719,-37.425227043615536
351,Jamaican (Bam Bam),HUGEL,1,False,170051919,1666834,24,0.9802,,1.0,True,3889748961.0,Jamaican (Bam Bam),HUGEL,ITFGO2500099,2026-03-09,156.0,0,-9.9,,979664.0,single,1.0,MoBlack Records,,,0.869,0.942,0.58,0.41,0.2,0.0388,0.0673,121.969,-4.737,9.0,1.0,2TImDFpre8a6p8v7kcUVbQ,FR,Person,1987.0,dance|house|edm|latin house,2026-03-27,2026-03-09,deezer,2026.0,128.0,327,-0.01999864650668997,4.852030263919617,Other,UK/Europe,0,0,2.6,2,0.6931471805599453,1.3892844453590538,1.482222855882903,0.15313346200617894,0.4641948117934096,-0.18772026021517327,-0.06353009600542005,0.6196740796503941,85.83222780897812
352,Aquele Lugar,Grupo Menos É Mais,1,False,169977296,197797,401,0.1164,,0.94,True,3215895861.0,Aquele Lugar (Ao Vivo),Grupo Menos É Mais,BRRGE2500043,2025-02-13,167.0,0,-9.7,,781779.0,single,2.0,Som Livre,Brazilian Music,Brazilian Music,0.628,0.59,0.785,0.46,0.0,0.771,0.0493,176.017,-8.309,1.0,1.0,6IFF888dQ0P6ilbj4kL6G8,BR,Group,,,2026-04-16,2025-02-13,deezer,2025.0,517.0,-49,-2.1507227436847995,6.248042874508429,Brazilian Music,Brazil,0,1,2.783333333333333,4,1.3862943611198906,-0.1512973831324477,-0.3912776796408447,1.010494378881672,0.6556254588993504,-0.39776821599859286,1.9789945094124661,0.03489484254627673,3.551081139380763
353,King of Watches,Victor Mendivil,1,False,169801178,290866,288,0.1713,,1.0,True,3456139211.0,King of Watches,Victor Mendivil,US3DF2586868,2025-07-24,147.0,0,-7.4,,507998.0,album,18.0,Rico o Muerto by Baja Sound LLC,Latin Music,Latin Music,0.897,0.682,0.744,0.000811,8.74e-05,0.098,0.239,94.933,-5.056,1.0,1.0,3QJXJACwdZ3EaIqdF5ZiXh,,,,,2025-05-24,2025-05-24,musicbrainz,2025.0,417.0,65,-1.7643388736520629,6.0330862217988015,Latin Music,Unknown,0,0,2.45,7,1.9459101490553132,1.568273205515743,0.09838723305286257,0.8390221955065733,-1.1024314893792453,1.8159038513411123,-1.085245889967786,0.14897591934750887,16.06450397826982
354,Survivor,2WEI,1,False,169648196,51558,665,0.0304,,1.0,True,452203652.0,Survivor,2WEI,US43C1608185,2018-01-19,195.0,0,-10.5,,651285.0,single,1.0,Position Music,Electro,Electro,0.352,0.542,0.0969,0.104,0.274,0.1,0.0606,132.988,-10.297,7.0,1.0,5RcVBnQcTDrqgGwvtT8WLz,DE,Group,2016.0,production music|electronic|trailer music|alternative|film score,2018-09-20,2018-01-19,deezer,2018.0,3099.0,-311,-3.493312670569961,8.038834757787749,Electro,UK/Europe,0,1,3.25,1,0.0,-1.9156151618198107,-0.6467550253940827,-1.8673107279574823,-0.7073607484949471,-0.26590477709011273,0.35288824745039143,-0.3512738293620066,-29.620899117573153
355,Somethin' 'Bout A Woman,Thomas Rhett,1,False,169110238,192051,409,0.1136,,1.0,True,3080915821.0,Somethin' 'Bout A Woman,Thomas Rhett,QZRD92406327,2024-11-15,207.0,0,-7.6,,571382.0,single,1.0,The Valory Music Co.,Pop,Pop,0.71,0.79,0.465,0.0173,0.000202,0.092,0.0269,107.006,-4.616,5.0,0.0,1dHUB7GIbSk3MdL6a6KGvc,US,Person,1990.0,country|contemporary country|country pop,2024-08-23,2024-08-23,musicbrainz,2024.0,691.0,-54,-2.175071772695086,6.53813982376767,Pop,US,0,0,3.45,3,1.0986122886681098,0.3728839858978555,0.6732112609976487,-0.32782510111909724,-1.0393014905766482,-0.6591612276401816,-0.6289958980863077,0.3172769804809503,37.33829195101737
356,Take My Mind,WizTheMc,1,False,168712328,431729,185,0.2559,,1.0,True,3417456681.0,Take My Mind,WizTheMc,DE1FB2500191,2025-07-04,171.0,0,-8.8,,768353.0,single,3.0,Bamboo Artists,Pop,Pop,0.611,0.727,0.197,0.0681,2.04e-05,0.423,0.0479,114.121,-7.554,1.0,1.0,6pgd8JI5kxG99W9kHHXxRA,DE,Person,,pop rap,2025-07-04,2025-07-04,deezer,2025.0,376.0,171,-1.3629685358163939,5.929589143389895,Pop,UK/Europe,0,0,2.85,3,1.0986122886681098,-0.25996913037043756,0.3378972446965231,-1.4486676656197415,-0.8448079531170124,-0.4141052792261921,-0.3601133757441628,0.41011059248733805,50.698443705473096
357,O Que É Que Tem,Jorge & Mateus,2,True,168677341,114682,541,0.068,,0.94,True,61025820.0,O Que É Que Tem (Ao Vivo),Jorge & Mateus,BR3PJ1200029,2012-10-15,207.0,0,-8.2,,623514.0,album,18.0,Som Livre,Brazilian Music,Brazilian Music|Latin Music,0.462,0.68,0.526,0.832,0.0,0.979,0.0289,95.761,-4.703,7.0,1.0,0kdCkZ3ccB2bSRZIajtmCv,BR,Group,2005.0,country|sertanejo|sertanejo universitário,2012,2012-01-01,musicbrainz,2012.0,5309.0,-184,-2.6882475738060303,8.57715877258367,Brazilian Music,Brazil,1,1,3.45,7,1.9459101490553132,-1.212445032632818,0.08774234364647762,-0.0727079502439506,2.0798694733675482,-0.6358225658864683,-1.0539549934815886,0.4203182327976198,52.24459707766555
359,napıyosun mesela ?,BLOK3,1,False,167959716,239727,342,0.1427,,1.0,True,3451496391.0,napıyosun mesela ?,BLOK3,FRX762513549,2025-07-18,185.0,0,-11.9,,646313.0,ep,4.0,Mundo Music,Rap/Hip Hop,Rap/Hip Hop,0.741,0.521,0.488,0.386,6.32e-05,0.238,0.0282,91.987,-8.13,7.0,0.0,4PA0CfHSeg5yYx7PCyGeMb,,Person,2002.0,,2026-06-05,2025-07-18,deezer,2025.0,362.0,17,-1.9470107544993465,5.8916442118257715,Rap/Hip Hop,Unknown,0,0,3.0833333333333335,4,1.3862943611198906,0.5710501132141899,-0.7585263641611245,-0.23163338849404208,0.37230810118255825,-0.643991097500268,-1.1965779926831706,-0.22610177835332945,-20.236308463756014
360,Everybody Here Wants You,Jeff Buckley,1,False,167728650,303809,275,0.1811,,1.0,True,733720842.0,Everybody Here Wants You,Jeff Buckley,USSM19703796,1998-05-26,285.0,0,-11.0,120.54,700555.0,album,22.0,Columbia/Legacy,Rock,Rock,0.725,0.387,0.606,0.527,0.00013,0.0982,0.0368,120.689,-7.359,9.0,0.0,2bcvooA6HEmVUneEGJnNZD,US,Person,1966.0,alternative rock|singer-songwriter|rock|american|folk rock,1998,1998-01-01,musicbrainz,1998.0,10422.0,85,-1.7087059140927694,9.25167423546916,Other,US,0,0,4.75,1,0.0,0.4687708216960818,-1.471733954388915,0.2618719197562416,0.9121425260213109,-0.5436348519593008,-0.11190249637055653,1.2601755541401067,252.60404440317234
361,DETRÁS DE TU ALMA,Mora,1,False,167549792,223130,365,0.1332,,1.0,True,3345133761.0,DETRÁS DE TU ALMA,Mora,QM6P42540032,2025-05-18,237.0,1,-10.2,,515243.0,album,17.0,Rimas Entertainment LLC.,Latin Music,Latin Music,,,,,,,,,,,,,SE,Group,1971.0,pop rock|children's music,2025-05-18,2025-05-18,deezer,2025.0,423.0,-4,-2.015903520875848,6.0473721790462776,Latin Music,UK/Europe,0,1,3.95,3,1.0986122886681098,,,,,,,-0.0835688059610169,-8.017220514156087
362,Garden Of Eden,Lady Gaga,1,False,167264389,122195,526,0.0731,,1.0,True,3262333871.0,Garden Of Eden,Lady Gaga,USUM72407011,2025-03-07,240.0,0,-6.9,,674480.0,album,14.0,Interscope Records,Pop,Pop,0.672,0.906,0.562,0.00163,3.54e-06,0.14,0.0357,124.964,-3.996,1.0,1.0,4iKIF8qI3dq6fntHeIdcAw,US,Person,1986.0,pop|dance-pop|electropop|pop rock|synth-pop,2025-03-07,2025-03-07,deezer,2025.0,495.0,-164,-2.615926912226404,6.20455776256869,Pop,US,0,0,4.0,5,1.6094379124341003,0.1299706685423495,1.2906148465679745,0.07785299125613608,-1.09929585537965,-0.5564711159238431,0.04965376266144234,-0.4825539982896694,-38.279496350187394
363,Lanterna Dos Afogados,Os Paralamas Do Sucesso,1,False,167223542,76888,609,0.046,,1.0,True,3419859231.0,Lanterna Dos Afogados,Os Paralamas Do Sucesso,BREMI8900093,2025-06-25,190.0,0,-12.0,,364486.0,album,15.0,UME - Global Clearing House,Pop,Pop,0.719,0.594,0.498,0.132,0.0015,0.0897,0.0258,113.247,-8.612,11.0,1.0,4farzKk6j904UdmdcfpIXI,BR,Group,1977.0,rock|brazilian|ska|new wave|brasil,1989,1989-01-01,musicbrainz,1989.0,13709.0,-246,-3.079113882493042,9.5258078304359,Pop,Brazil,0,1,3.1666666666666665,2,0.6931471805599453,0.4304160873767913,-0.3699879008280748,-0.18981090474401802,-0.6001595861156203,-0.6719974916047239,-0.39314265536848236,-0.1804970835454105,-16.514488448957376
364,Go Go Juice,Sabrina Carpenter,1,False,167122700,311334,270,0.1863,,1.0,True,3529873561.0,Go Go Juice,Sabrina Carpenter,USUM72504447,2025-08-29,193.0,1,-6.8,,657914.0,album,12.0,Island Records,Pop,Pop,0.657,0.753,0.713,0.302,0.0,0.098,0.046,131.962,-4.075,10.0,1.0,1qyw5wSUkEvH8DtaCdx7Lg,US,Person,1999.0,pop|electropop|dance-pop|2020s|american,2025-08-29,2025-08-29,deezer,2025.0,320.0,94,-1.6803970013745944,5.768320995793772,Pop,US,0,0,3.216666666666667,14,2.6390573296152584,0.034083832744123195,0.47628080697952735,0.7093724958814988,0.05070461404457788,-0.43627700789221974,0.3141147452827114,-0.12983147742831558,-12.175657770964277
365,Arruma Um Bão,Israel & Rodolffo,2,True,167041127,79603,607,0.0477,,1.0,True,3005433031.0,Arruma Um Bão,Israel & Rodolffo,BRRGE2400716,2024-10-03,175.0,0,-7.2,,789364.0,album,8.0,Som Livre,Brazilian Music,Brazilian Music,0.731,0.796,0.602,0.435,0.0,0.16,0.0356,95.018,-4.478,5.0,1.0,07K8Bdua0yyb0m4RBd3Vf0,BR,Group,1999.0,,2024-10-03,2024-10-03,deezer,2024.0,650.0,-242,-3.0428238810878416,6.476972362889683,Brazilian Music,Brazil,1,1,2.9166666666666665,1,0.0,0.5071255560153723,0.7051459292168035,0.24514292625623194,0.55991013534638,-0.5576380490115288,-1.0820336602560388,-0.6092732726350185,-45.62541194647232
366,KUSURA BAKMA,BLOK3,1,False,167026632,355885,226,0.2131,,1.0,True,3674591422.0,KUSURA BAKMA,BLOK3,DGA072577331,2025-11-28,157.0,0,-14.7,,677779.0,single,1.0,Mundo Music,Rap/Hip Hop,Rap/Hip Hop,,,,,,,,,,,,,,Person,2002.0,,2025-11-28,2025-11-28,deezer,2025.0,229.0,140,-1.5459937398775656,5.43372200355424,Rap/Hip Hop,Unknown,0,0,2.6166666666666667,4,1.3862943611198906,,,,,,,-0.43461846054747766,-35.24883287973386
367,Running Around,Ely Oaks,1,False,166594859,207733,385,0.1247,,1.0,True,3256148621.0,Running Around,Ely Oaks,DE1N12500007,2025-03-07,125.0,0,-7.4,,625598.0,single,2.0,JINX Music,Dance,Dance,0.703,0.904,0.427,0.0163,0.00187,0.331,0.0778,158.061,-4.735,0.0,1.0,6EnbYYoc8MrJNiY47hcwG5,AT,Person,,edm,2025-01-31,2025-01-31,musicbrainz,2025.0,530.0,-18,-2.081844426296146,6.272877006546167,Dance,Other,0,0,2.0833333333333335,2,0.6931471805599453,0.3281367958586832,1.2799699571615897,-0.4867505393691887,-1.043130103518767,-0.06519228600817857,1.300420430540287,0.13285701106137893,14.208668089256493
368,YOUR WAY'S BETTER,Forrest Frank,1,False,166271009,263332,314,0.1584,,1.0,True,3057507191.0,YOUR WAY'S BETTER,Forrest Frank,QZJ842403434,2024-10-25,198.0,0,-9.1,,615744.0,single,2.0,river house records,,,0.695,0.641,0.533,0.292,0.0,0.0561,0.0742,146.008,-7.014,7.0,1.0,5ILp0DwmnSnYaOI3lS7irI,US,Person,1996.0,contemporary christian|kingdom over culture,2024-07-26,2024-07-26,musicbrainz,2024.0,719.0,54,-1.8426317996018116,6.577861357721047,Other,US,0,0,3.3,1,0.0,0.27699715009962916,-0.1198329997780287,-0.04343221161893374,0.012418484623389715,-0.10720187716486239,0.8449262574145141,0.686278135952598,98.63089867085786
369,Vem Vem,Jmilton,1,False,165992966,161523,455,0.0973,,1.0,True,3387190591.0,Vem Vem,Jmilton,QM7282585143,2025-05-30,83.0,1,-4.4,,595425.0,ep,4.0,Jmilton,Electro,Electro,,,,,,,,,,,,,,,,,,2025-05-30,deezer,2025.0,411.0,-86,-2.3299562897901778,6.018593214496234,Electro,Unknown,0,0,1.3833333333333333,1,0.0,,,,,,,-0.4360348469909927,-35.34048063540383
370,Up From the Bottom,Linkin Park,1,False,165491280,281343,294,0.17,,1.0,True,3275882161.0,Up From the Bottom,Linkin Park,USWB12500290,2025-03-27,183.0,0,-6.0,,895599.0,single,1.0,Warner Records,Alternative,Alternative,0.615,0.937,0.601,0.00698,0.0,0.242,0.044,107.018,-3.362,5.0,0.0,5IL3VPDy5siXiptYHF2aLS,US,Group,1996.0,nu metal|rock|rap rock|metal|alternative rock,2025-03-27,2025-03-27,deezer,2025.0,475.0,76,-1.7719568419318752,6.163314804034641,Alternative,US,0,1,3.05,1,0.0,-0.2343993074909105,1.4556106323669413,0.24096067788122952,-1.0788127761393143,-0.45961566964593303,-0.6285424068328845,0.3103658737298929,36.39240468317331
371,The Giver,Chappell Roan,1,False,165474351,112579,544,0.068,,1.0,True,3273194641.0,The Giver,Chappell Roan,USUG12501598,2025-03-14,203.0,0,-6.8,,615725.0,single,1.0,Chappell Roan PS/ Island,Country,Country,0.565,0.906,0.725,0.0767,0.0,0.333,0.0514,93.025,-3.2,4.0,1.0,4Ze52WL5rP9biTowaDGdXc,US,Person,1998.0,pop|synth-pop|dance-pop|queer|indie pop,2025-03-14,2025-03-14,deezer,2025.0,488.0,-173,-2.6882475738060303,6.1903154058531475,Country,US,0,0,3.3833333333333333,2,0.6931471805599453,-0.5540220934849983,1.2906148465679745,0.7595594763815277,-0.8118818818147907,-0.37326262115719383,-1.1573509992620674,-0.572346084097568,-43.579977639808874
372,Sadrah,For Revenge,1,False,165462472,458432,171,0.2771,,1.0,True,2698840402.0,Sadrah,For Revenge,IDAC52400036,2024-03-18,247.0,0,-5.3,,137838.0,single,1.0,Sony Music Entertainment,Pop,Pop,0.422,0.737,0.336,0.00723,0.0,0.107,0.0289,145.085,-3.158,2.0,1.0,0G274Cn7Z8olJVHBqG4wpL,FI,Group,2001.0,black metal|experimental black metal|darkness|evil|satan,2025-12-11,2024-03-18,deezer,2024.0,849.0,201,-1.2833768271132042,6.744059186311348,Pop,Other,0,1,4.116666666666666,2,0.6931471805599453,-1.4681432614280883,0.3911216917284478,-0.8673351414944074,-1.0778556229037846,-0.6358225658864683,0.8100452218387164,1.3850737494818643,299.51205320214194
373,Backup Plan,Bailey Zimmerman,1,False,165329955,439754,178,0.266,,1.0,True,3329785911.0,Backup Plan,Bailey Zimmerman,USWB12500998,2025-05-02,181.0,0,-8.0,,574824.0,single,1.0,Atlantic Records/Warner Records Nashville,Country,Country,0.572,0.867,0.67,0.237,2.84e-05,0.109,0.045,158.057,-4.784,8.0,1.0,3UXggE8uNiNGfyqIDr6Xep,US,Person,2000.0,country|country pop|contemporary country,2025-05-02,2025-05-02,deezer,2025.0,439.0,195,-1.324258970200438,6.0844994130751715,Country,US,0,0,3.0166666666666666,1,0.0,-0.5092749034458259,1.0830395031434683,0.5295358157563956,-0.19815522719314496,-0.44794633876907636,1.3002692667891453,0.6570103652576427,92.9016649915239
374,Te Lloré Un Río,Maná,1,False,165031790,110442,548,0.0669,,1.0,True,7505032.0,Te Lloré Un Río,Mana,MXF159200068,1994-04-12,292.0,0,-9.9,118.1,507486.0,album,12.0,WM Mexico,Pop,Pop,0.852,0.742,0.942,0.208,0.0157,0.172,0.036,117.978,-5.727,4.0,1.0,4HrX1xb0RsnmmJqN52hhHj,MX,Group,1986.0,latin|rock|pop|pop rock|latin pop,1992-10-27,1992-10-27,musicbrainz,1992.0,12314.0,-174,-2.7045563118479543,9.418492105471156,Pop,Mexico,0,1,4.866666666666666,3,1.0986122886681098,1.280612698121064,0.41773391524441017,1.6671073737570492,-0.3091850025145905,-0.5529703166607862,-0.21435372870640404,0.2218115431722576,24.8336098233924
375,La Guitarra (Remasterizado 2025),Los Auténticos Decadentes,1,False,164933484,69160,623,0.0419,,1.0,True,3617482362.0,La Guitarra (Remasterizado 2025),Los Autenticos Decadentes,ARF102500254,2025-11-07,219.0,0,-9.4,,88311.0,album,19.0,Sony Music Argentina,Pop,Pop,,,,,,,,,,,,,AR,Group,1986.0,,1995,1995-01-01,musicbrainz,1995.0,11518.0,-248,-3.172469452054045,9.351666308066617,Pop,Latin America (other),0,1,3.65,1,0.0,,,,,,,-0.22892690540872218,-20.461333015611782
376,CORAZÓN PARTÍO,Tito Double P,1,False,164715814,245742,336,0.1492,,1.0,True,3429760541.0,CORAZÓN PARTÍO,Tito Double P,QMFME2412416,2025-06-26,186.0,0,-10.4,,503003.0,single,1.0,Double P Records,,,0.685,0.466,0.568,0.412,0.0,0.132,0.156,74.123,-8.946,3.0,1.0,2qo9LSOvqq5yFxETD8XMaj,MX,Person,1997.0,latin|regional mexicano|corrido,2025-02-06,2025-02-06,musicbrainz,2025.0,524.0,40,-1.9024675912124767,6.261491684321042,Other,Mexico,0,0,3.1,4,1.3862943611198906,0.21307259290081235,-1.05126082283671,0.10294648150615006,0.4718520376776472,0.8473493885620109,-1.8716753052791057,0.2989678260911697,34.84662373451825
377,What Was That,Lorde,1,False,164714194,137878,494,0.0837,,1.0,True,3428522581.0,What Was That,Lorde,NZUM72500008,2025-06-27,209.0,0,-6.6,,678464.0,album,11.0,Universal Music New Zealand Limited,Pop,Pop,0.44,0.615,0.161,0.321,3.38e-05,0.102,0.347,168.152,-6.768,0.0,1.0,4sj4I2swfRbB13E4JkR2af,NZ,Person,1996.0,pop|synth-pop|alternative pop|indie pop|art pop,2025-04-24,2025-04-24,musicbrainz,2025.0,447.0,-117,-2.4805163014867073,6.102558594613569,Pop,Other,0,0,3.4833333333333334,1,0.0,-1.3530790584702166,-0.25821656206103294,-1.599228607119828,0.12344825994483538,3.0761915860416296,1.6817687837313735,-0.47572971211903203,-37.8568575066985
378,Papasito,KAROL G,1,False,164177548,256092,324,0.156,,1.0,True,3421452481.0,Papasito,KAROL G,USUG12502628,2025-06-20,167.0,0,-6.9,,699207.0,album,20.0,Bichota/Interscope Records,Latin Music,Latin Music,0.9,0.785,0.765,0.222,0.0,0.33,0.0405,116.973,-2.632,4.0,0.0,1BwGIn3DEJopvVcUcNKrEc,CO,Person,1991.0,reggaeton|spanish|latin urban|latin|r&b,2025-06-20,2025-06-20,deezer,2025.0,390.0,54,-1.8578992717326,5.966146739123692,Latin Music,Latin America (other),0,0,2.783333333333333,6,1.791759469228055,1.5874505726753882,0.6465990374816863,0.9268494113816239,-0.2555844213249271,-0.5004583277149313,-0.25233362118059305,-0.03487128050891508,-3.427028350490402
379,I Got No Time,The Living Tombstone,1,False,163999755,65571,629,0.04,,1.0,True,936960642.0,I Got No Time,The Living Tombstone,USDHM1603917,2016-02-20,166.0,0,-5.1,,523651.0,single,1.0,Ghost Pixel Records,Electro,Electro,0.353,0.903,0.354,0.00216,7.44e-05,0.252,0.0682,180.024,-2.341,8.0,1.0,4benBk2m4tVaXVxgMBk3Zw,IL,Group,2011.0,electronic|edm|pop|dance|songs based on games,2016-02-20,2016-02-20,deezer,2016.0,3798.0,-250,-3.2188758248682006,8.242229891372231,Electro,Other,0,1,2.7666666666666666,3,1.0986122886681098,-1.909222706099929,1.2746475124583971,-0.7920546707443643,-1.097266690520327,-0.1772178624260023,2.1304227971180145,-0.07821927374398552,-7.5238371634351875
380,You Stole The Show,SIENNA SPIRO,1,False,163721262,470136,165,0.2872,,1.0,True,3466173081.0,You Stole The Show,SIENNA SPIRO,USUG12504860,2025-07-25,207.0,0,-11.3,,850047.0,single,1.0,Capitol Records,Pop,Pop,0.471,0.234,0.25,0.711,0.0,0.0972,0.0404,124.787,-8.28,1.0,1.0,0MIVnBr1aNTHbIggDklqqG,GB,Person,2005.0,pop soul|pop|singer-songwriter|adult contemporary|alternative pop,2025-06-24,2025-06-24,musicbrainz,2025.0,386.0,215,-1.247576441808068,5.955837369464831,Pop,UK/Europe,0,0,3.45,2,0.6931471805599453,-1.1549129311538826,-2.2860679939773623,-1.2270085017446142,1.6166073073711722,-0.5016252608026169,0.0429647666734511,0.561403619907596,75.31315044190505
381,12 Horas / Pra Você Acreditar,Panda,1,False,163539396,201300,396,0.1231,,0.94,True,3189103081.0,12 Horas / Pra Você Acreditar (Ao Vivo),Panda,US7VG2555139,2025-01-25,250.0,0,-7.9,,835830.0,ep,5.0,MJ Records.,Brazilian Music,Brazilian Music|Latin Music,,,,,,,,,,,,,US,Person,1978.0,rock and indie|poggers,2025-02-20,2025-01-25,deezer,2025.0,536.0,-15,-2.0947582457917293,6.284134161070802,Brazilian Music,US,0,0,4.166666666666667,2,0.6931471805599453,,,,,,,0.1329477509709407,14.21903184366602
382,Escondendo o Ouro,Zé Neto & Cristiano,2,True,163055332,144661,480,0.0887,,0.94,True,3766489962.0,Escondendo o Ouro (Ao Vivo),Zé Neto & Cristiano,BRRGE2500280,2026-01-22,171.0,0,-7.7,,807877.0,album,23.0,Som Livre,Brazilian Music,Brazilian Music,0.659,0.59,0.629,0.81,0.0,0.105,0.0378,109.695,-6.268,10.0,1.0,3oLc1X2zwneztOt2xSGMPy,BR,Group,2011.0,sertanejo|sertanejo universitário,2025-05-22,2025-05-22,musicbrainz,2025.0,419.0,-98,-2.422495389666603,6.037870919922137,Brazilian Music,Brazil,1,1,2.85,2,0.6931471805599453,0.04686874418388671,-0.3912776796408447,0.35806363238129696,1.9956399886409353,-0.5319655210824442,-0.5273760663817363,-0.5027993929179082,-39.51648835674607
383,Saudade Proibida,Simone Mendes,1,False,163035666,167014,440,0.1024,,0.94,True,3298437061.0,Saudade Proibida (Ao Vivo),Simone Mendes,BRUM72402694,2025-04-04,161.0,0,-7.5,,825848.0,single,1.0,Universal Music Ltda.,Brazilian Music,Brazilian Music,0.639,0.856,0.668,0.0746,0.0,0.911,0.0448,131.974,-3.599,5.0,1.0,3lKOC96UdjCG47HZDJVyih,BR,Person,1984.0,,,2025-04-04,deezer,2025.0,467.0,-57,-2.2788685663767296,6.1463292576688975,Brazilian Music,Brazil,0,0,2.683333333333333,2,0.6931471805599453,-0.08098037021374839,1.0244926114083512,0.5211713190063908,-0.8199219689932401,-0.4502802049444477,0.3145682365361345,-0.21795925046029208,-19.584178992418078
384,Fancy,Reba McEntire,1,False,162918423,70589,621,0.0433,,1.0,True,1234174792.0,Fancy,Reba McEntire,USMC19032543,2021-02-11,297.0,0,-11.3,,400484.0,single,3.0,UME - Global Clearing House,Country,Country,0.672,0.616,0.443,0.146,0.0,0.0829,0.0619,94.969,-8.056,4.0,1.0,7wmtnPR9u6GRBsZRlMZxxM,US,Person,1955.0,country|pop|2008 universal fire victim,1992,1992-01-01,musicbrainz,1992.0,12614.0,-237,-3.139602643973693,9.442562587223597,Country,US,0,0,4.95,2,0.6931471805599453,0.1299706685423495,-0.25289411735784045,-0.4198345653691502,-0.5465590049259569,-0.25073464695019915,-1.0838854162075169,-0.21944927061302666,-19.70391096264178
385,EYES CLOSED,JISOO,1,False,162894290,203925,391,0.1252,,1.0,True,3582847281.0,EYES CLOSED,JISOO,USWB12503603,2025-10-10,181.0,0,-7.8,,648517.0,single,1.0,Warner Records,Asian Music,Asian Music,,,,,,,,,,,,,KR,Person,1995.0,k-pop|2020s|3rd gen k-pop,2025-10-10,2025-10-10,deezer,2025.0,278.0,-6,-2.077842820316139,5.627621113690637,Asian Music,Asia,0,0,3.0166666666666666,2,0.6931471805599453,,,,,,,-0.7188045067182729,-51.26654870153291
386,Ngapain Repot,Toton Caribo,1,False,162482431,307429,273,0.1892,,1.0,True,3325480761.0,Ngapain Repot,Toton Caribo,IDA832501739,2025-04-13,254.0,0,-11.4,,199326.0,single,1.0,Toton Caribo,Electro,Electro,,,,,,,,,,,,,,,,,,2025-04-13,deezer,2025.0,458.0,113,-1.664950622364359,6.126869184114185,Electro,Unknown,0,0,4.233333333333333,1,0.0,,,,,,,0.3711679395824261,44.942646902415696
387,Dior,MK,1,False,162314687,230370,355,0.1419,,0.96,True,3005579361.0,Dior,AMK,TCAGE2294367,2024-09-20,222.0,1,-8.8,,305250.0,album,15.0,Blood Brother's Records,Rap/Hip Hop,Rap/Hip Hop,0.619,0.569,0.401,0.609,5.51e-06,0.11,0.217,141.101,-7.108,5.0,0.0,36cBmpQk26m4gvzQNbdxN5,US,Person,1972.0,house|edm,2025-06-06,2024-09-20,deezer,2024.0,663.0,32,-1.95263269481614,6.4967749901858625,Rap/Hip Hop,US,0,0,3.7,1,0.0,-0.20882948461138348,-0.5030490184078865,-0.5954889971192511,1.2260887872750534,1.559178572050266,0.6594861257022289,0.5002879934667446,64.9196160033803
388,Montagem Supersonic,KHAOS,1,False,161960428,348508,231,0.2152,,1.0,True,3448586821.0,Montagem Supersonic,Khaos,QMDA62527740,2025-07-04,87.0,1,-7.8,,638129.0,ep,5.0,KHAOS,Electro,Electro,,,,,,,,,,,,,HN,Group,1980.0,heavy metal,,2025-07-04,deezer,2025.0,376.0,157,-1.5361874506945077,5.929589143389895,Electro,Other,0,1,1.45,1,0.0,,,,,,,0.23689167760922425,26.73038329588828
389,Nocaute,Jorge & Mateus,2,True,161829033,153084,464,0.0946,,1.0,True,89399401.0,Nocaute,Jorge & Mateus,BRUXD1400194,2014-11-03,168.0,0,-8.5,93.5,652002.0,single,1.0,Som Livre,Brazilian Music,Brazilian Music,0.621,0.602,0.719,0.17,0.0,0.07,0.0454,93.511,-6.193,0.0,1.0,4uZvMzLesJdtQ1ZJoMtdG7,BR,Group,2005.0,country|sertanejo|sertanejo universitário,2014-11-03,2014-11-03,deezer,2014.0,4272.0,-75,-2.3580978029243043,8.35983738064003,Brazilian Music,Brazil,1,1,2.8,7,1.9459101490553132,-0.19604457317162,-0.32740834320253503,0.7344659861315131,-0.45467229431510536,-0.44327860641833366,-1.1389846034984301,0.7751438258509062,117.09043368944805
390,Pretty Little Baby,Connie Francis,1,False,161771536,132066,505,0.0816,,1.0,True,130105720.0,Pretty Little Baby,Connie Francis,ZA42A1537055,2001-09-20,144.0,0,0.0,,613695.0,album,12.0,TP4 Music,,,,,,,,,,,,,,,US,Person,1937.0,pop|american|vocal jazz|traditional pop|brill building,1962,1962-01-01,musicbrainz,1962.0,23571.0,-115,-2.505926017012076,10.067772421843932,Other,US,0,0,2.4,2,0.6931471805599453,,,,,,,0.2607920025915398,29.79576655243026
391,Berghain,ROSALÍA,1,False,161596477,217187,372,0.1344,,1.0,True,3640140942.0,Berghain,ROSALÍA,USSM12504034,2025-11-07,178.0,1,-8.0,,803674.0,album,15.0,Columbia,Alternative,Alternative,0.423,0.442,0.221,0.294,0.0,0.217,0.0441,124.854,-6.297,9.0,0.0,2T8yuUKl1nhmtaIocqWo4i,ES,Person,1992.0,flamenco|reggaeton|spanish|female vocals|latin pop,2025-10-27,2025-10-27,musicbrainz,2025.0,261.0,19,-2.0069348508930878,5.564520407322694,Alternative,UK/Europe,0,0,2.966666666666667,3,1.0986122886681098,-1.4617508057082065,-1.1789994957133294,-1.3482937046196841,0.020075710507627346,-0.45844873655824736,0.04549675950506345,-0.7312080459660464,-51.867282661985534
392,Sugar Talking,Sabrina Carpenter,1,False,161337176,382101,211,0.2368,,1.0,True,3529873511.0,Sugar Talking,Sabrina Carpenter,USUM72504441,2025-08-29,183.0,1,-7.6,,682435.0,album,12.0,Island Records,Pop,Pop,0.482,0.777,0.396,0.0489,0.0,0.115,0.0338,151.967,-4.812,2.0,0.0,5B3GZOZYXNzWpUXQC42hxZ,US,Person,1999.0,pop|electropop|dance-pop|2020s|american,2025-08-29,2025-08-29,deezer,2025.0,320.0,181,-1.4405393759722864,5.768320995793772,Pop,US,0,0,3.05,14,2.6390573296152584,-1.0845959182351832,0.6040194798561466,-0.6164002389942631,-0.9183173216056936,-0.5786428445898708,1.0701224556768956,0.11002614797399235,11.630725925043816
393,Me bloqueia,Ferrugem,1,False,161103937,161786,452,0.1004,,0.94,True,2656431662.0,Me Bloqueia (Ao Vivo),Ferrugem,BXG3O2400023,2024-02-29,197.0,0,-10.1,,772688.0,single,1.0,WM Brazil,Brazilian Music,Brazilian Music,0.553,0.715,0.474,0.466,0.0,0.319,0.0584,148.2,-7.33,4.0,1.0,0rosNwHC9T8YNu3EvXLPfX,BR,Person,1988.0,,2024-01-18,2024-01-18,musicbrainz,2024.0,909.0,-59,-2.298593071724508,6.812345094177479,Brazilian Music,Brazil,0,0,3.283333333333333,2,0.6931471805599453,-0.6307315621235786,0.2740279082582135,-0.2901848657440758,0.6785971365520633,-0.2915773050191974,0.9277639930398094,0.42110497429121274,52.36442134854424
394,Opa cadê eu,Clayton & Romário,2,True,161102006,57337,649,0.0356,,0.94,True,3198382131.0,Opa Cadê Eu (Ao Vivo),Clayton & Romário,BCYWS2400003,2025-02-06,154.0,0,-7.4,,753985.0,album,9.0,WM Brazil,Brazilian Music,Brazilian Music,,,,,,,,,,,,,,Group,,,2025-02-06,2025-02-06,deezer,2025.0,524.0,-255,-3.3354096411241523,6.261491684321042,Brazilian Music,Unknown,1,1,2.566666666666667,3,1.0986122886681098,,,,,,,-1.133974223820506,-67.82480023492727
395,blackout 🧊,Emilia,1,False,160146891,130167,508,0.0813,,1.0,True,3288087861.0,blackout ?,Emilia,USSD12500117,2025-03-25,180.0,1,-7.1,,583053.0,single,1.0,Sony Music Latin,Latin Music,Latin Music,0.778,0.787,0.957,0.245,0.000106,0.111,0.0478,137.994,-2.447,9.0,0.0,2efbgTtEGNpsUZaOfgRTR6,SE,Person,1978.0,pop,2025-03-25,2025-03-25,deezer,2025.0,477.0,-113,-2.509609262428372,6.1675164908883415,Latin Music,UK/Europe,0,0,3.0,2,0.6931471805599453,0.8075709748498149,0.6572439268880713,1.7298410993820852,-0.16752632365619444,-0.41527221231387773,0.5420696820034172,-0.4220232860796589,-34.42812299038529
396,Dalangin,Earl Agustin,1,False,160122790,162917,449,0.1017,,1.0,True,2152565237.0,Dalangin,Earl Agustin,PHV022310119,2023-02-24,252.0,0,-10.6,,150428.0,single,1.0,Vicor Music,Pop,Pop,0.445,0.562,0.538,0.0414,0.0,0.217,0.0314,147.887,-8.336,9.0,1.0,2cIxxsxXNvOXNFVvDJpF3x,PH,Person,,,2023-02-24,2023-02-24,deezer,2023.0,1237.0,-53,-2.285727975927623,7.1204443723924875,Pop,Asia,0,0,4.2,1,0.0,-1.321116779870808,-0.5403061313302332,-0.022520969743921707,-0.9470319186715848,-0.6066492386943267,0.9159354295130225,0.6239782401090506,86.6338033532536
397,3,Neton Vega,1,False,159843465,248669,335,0.1556,,1.0,True,3214287511.0,3,Neton Vega,US3DF2514821,2025-02-14,174.0,0,-9.3,,403929.0,album,21.0,Josa Records,Latin Music,Latin Music,0.665,0.763,0.695,0.181,0.056,0.168,0.0418,124.067,-7.375,10.0,0.0,44tGQHHdm4JhCbMugPr2Vd,MX,Person,2003.0,regional mexicano|corrido tumbado,2025-02-14,2025-02-14,deezer,2025.0,516.0,62,-1.8604666672378458,6.246106765481563,Latin Music,Mexico,0,0,2.9,10,2.302585092994046,0.08522347850317724,0.529505254011452,0.6340920251314554,-0.41255755195179844,-0.4852881975750177,0.015755291468061358,0.3228605746156059,38.107278087801674
398,PARISIENNE,GIMS,1,False,159809365,244165,338,0.1528,,1.0,True,3484365861.0,PARISIENNE,GIMS,FR8FB2513800,2025-08-01,158.0,0,-9.0,,998975.0,single,1.0,Play Two,Rap/Hip Hop,Rap/Hip Hop,0.807,0.566,0.795,0.146,3.28e-05,0.203,0.171,122.954,-8.367,6.0,1.0,3igbfkHq3s5wGMvC8iAscj,FR,Person,1986.0,pop rap|french hip hop|pop|hardcore hip hop|sapés comme jamais,2025-02-20,2025-02-20,musicbrainz,2025.0,510.0,60,-1.878625402249717,6.234410725718371,Rap/Hip Hop,UK/Europe,0,0,2.6333333333333333,4,1.3862943611198906,0.9929521907263857,-0.5190163525174639,1.052316862631696,-0.5465590049259569,1.0223893517148608,-0.02630602228693617,0.29079507562279394,33.749047146294544
399,Emergence,Sleep Token,1,False,159362554,173377,436,0.1088,,1.0,True,3271607031.0,Emergence,Sleep Token,USRC12500014,2025-03-13,386.0,0,-9.4,,638308.0,single,1.0,Sleep Token/RCA Records,Alternative,Alternative|Rock|Metal,0.517,0.584,0.162,0.0225,7.57e-05,0.0826,0.035,126.106,-6.729,4.0,0.0,5NRpxJxtR6JkUhQS4F0um6,GB,Group,2016.0,progressive metal|alternative metal|alternative pop|djent|progressive rock,2025-03-13,2025-03-13,deezer,2025.0,489.0,-37,-2.218243944560295,6.192362489474872,Alternative,UK/Europe,0,1,6.433333333333334,3,1.0986122886681098,-0.8608599680393217,-0.4232123478599995,-1.5950463587448256,-1.0193927032776302,-0.5646396475376427,0.09281101361221235,-0.09982073894202692,-9.500036531205968
400,Goodbye,Sabrina Carpenter,1,False,159325384,332701,246,0.2088,,1.0,True,3529873591.0,Goodbye,Sabrina Carpenter,USUM72504450,2025-08-29,225.0,1,-8.5,,612740.0,album,12.0,Island Records,Pop,Pop,0.567,0.616,0.523,0.185,0.0,0.101,0.0483,120.121,-5.871,9.0,1.0,4tVVmShMF2PYdLqcejrsy2,US,Person,1999.0,pop|electropop|dance-pop|2020s|american,2025-08-29,2025-08-29,deezer,2025.0,320.0,154,-1.5663784229736533,5.768320995793772,Pop,US,0,0,3.75,14,2.6390573296152584,-0.5412371820452347,-0.25289411735784045,-0.08525469536895783,-0.3972431001833232,-0.4094375468754494,-0.13336774903258575,-0.015812899027374483,-1.5688531539309492
401,Stecu Stecu,Faris Adam,1,False,159154742,107164,554,0.0673,,1.0,True,3449631021.0,Stecu Stecu,FARIS ADAM,IDB832501871,2025-07-10,223.0,0,-8.7,,167114.0,single,1.0,Alfatih Record,Pop,Pop,0.832,0.825,0.915,0.119,0.0,0.133,0.0601,103.011,-4.951,8.0,1.0,2ECbN3xQ7M6B7AI9BhhCy7,,,,,,2025-07-10,deezer,2025.0,370.0,-153,-2.698595042331455,5.91350300563827,Pop,Unknown,0,0,3.716666666666667,1,0.0,1.152763583723429,0.8594968256093846,1.5541866676319847,-0.6499315543631649,-0.27173944252854104,-0.779970694538433,-0.9475991620204918,-61.23293585235569
402,Ave Cautiva,Conjunto Primavera,1,False,159025726,94147,579,0.0592,,1.0,True,4839013.0,Ave Cautiva,Conjunto Primavera,USA560998712,2009-07-01,210.0,0,-13.8,157.2,21041.0,compile,120.0,Silverphonic Records,Latin Music,Latin Music,0.618,0.383,0.633,0.311,0.877,0.285,0.024,78.505,-10.195,0.0,1.0,19lv65Jaa9ZPgmGM7zzwJx,MX,Group,1978.0,norteño|regional mexicano|norteño-sax,2003-08-19,2003-08-19,musicbrainz,2003.0,8366.0,-177,-2.8268337370921772,9.031931152002144,Latin Music,Mexico,0,1,3.5,4,1.3862943611198906,-0.21522194033126524,-1.4930237332016847,0.3747926258813066,0.08516213052364723,-0.6930022871830659,-1.7060754159040843,0.194982974071364,21.529029486775176
403,Borderline,Ely Oaks,1,False,158601915,271484,303,0.1712,,1.0,True,3720727272.0,Borderline,Ely Oaks,DE1N22500024,2025-04-25,118.0,0,-7.9,,682632.0,single,1.0,JINX Music,Dance,Dance,0.567,0.876,0.333,0.00109,0.0949,0.406,0.049,154.039,-5.558,9.0,1.0,5LrWZ8K4SPr1Qe0ZBqJGTq,AT,Person,,edm,2025-04-22,2025-04-22,musicbrainz,2025.0,449.0,100,-1.7649228152744953,6.1070228877422545,Dance,Other,0,0,1.9666666666666666,2,0.6931471805599453,-0.5412371820452347,1.1309415054722005,-0.8798818866194146,-1.101363306368394,-0.40126901526164976,1.1484252787679592,0.2456462542941371,27.84472483181375
404,Small Town,John Mellencamp,1,False,158257161,61425,641,0.0388,,1.0,True,80000918.0,Small Town,John Mellencamp,USJM18500005,2008-07-17,222.0,0,-8.1,,409370.0,album,13.0,John Mellencamp 2023 (Island),Rock,Rock,0.659,0.919,0.631,0.155,0.0054,0.312,0.0333,123.135,-2.658,11.0,1.0,56JG2tE2m09KQxH2ohvO5q,US,Person,1951.0,rock|heartland rock|roots rock|folk rock|pop,1992,1992-01-01,musicbrainz,1992.0,12614.0,-237,-3.249335032352909,9.442562587223597,Other,US,0,0,3.7,1,0.0,0.04686874418388671,1.3598066277094767,0.36642812913130174,-0.5121014884468876,-0.5844775100282991,-0.019465862547803157,-0.3291816589922427,-28.04877010047344
405,Relapse,Warren Zeiders,1,False,158030382,118615,534,0.0751,,1.0,True,2816140502.0,Relapse,Warren Zeiders,USWB12402402,2024-06-07,158.0,0,-6.2,,427073.0,single,3.0,Warner Records,Country,Country,0.566,0.752,0.395,0.000212,0.0,0.0753,0.0335,140.953,-4.102,1.0,1.0,4sPikGP8zrOIHs5qjltAkG,US,Person,,,2024-08-01,2024-06-07,deezer,2024.0,768.0,-129,-2.588934720212048,6.643789733147672,Country,US,0,0,2.6333333333333333,1,0.0,-0.5476296377651165,0.47095836227633486,-0.6205824873692656,-1.1047248285315745,-0.5821436438529277,0.6538930669100101,-0.002107763130299478,-0.21055433574517224
406,Sueña,Intocable,1,False,157645529,112442,545,0.0713,,1.0,True,5533143.0,Sueña,Intocable,USEL10200062,2010-04-09,256.0,0,-10.5,172.3,492102.0,album,16.0,Capitol Latin,Latin Music,Latin Music,0.378,0.666,0.398,0.298,0.0,0.0966,0.0944,173.427,-6.568,2.0,1.0,7EjNvqolyU8YKutApPPwXe,US,Group,,alternative country|latin|norteño|tejano|regional mexicano,2002-04-09,2002-04-09,musicbrainz,2002.0,8863.0,-139,-2.6408589515618868,9.089640586738398,Latin Music,US,0,1,4.266666666666667,3,1.0986122886681098,-1.749411313102885,0.01322811780178304,-0.6080357422442583,0.035390162276102616,0.12851860654764174,1.8811159805486353,0.36753310912483217,44.4167612863773
407,I love you,Dadju,1,False,157618168,79809,606,0.0506,,1.0,True,2570360062.0,I love you,Dadju,FR8FB2328300,2023-12-08,237.0,0,-9.8,,907669.0,single,1.0,Play Two,Pop,Pop|R&B,0.447,0.61,0.718,0.316,0.000175,0.0984,0.188,138.266,-6.161,1.0,0.0,6jDe94y1dbLDU53Q1NPxLH,FR,Person,1991.0,pop rap|r&b|contemporary r&b,2023-12-08,2023-12-08,deezer,2023.0,950.0,-199,-2.9838037026887174,6.856461984594587,Pop,UK/Europe,0,0,3.95,1,0.0,-1.3083318684310443,-0.28482878557699526,0.7302837377565108,0.10430519523424131,1.2207679766214234,0.5523488170810084,-0.23281859812767625,-20.770271529993668
408,Me Ama Ou Me Larga,Simone Mendes,1,False,157433687,83804,598,0.0532,,0.94,True,3200844201.0,Me Ama Ou Me Larga (Ao Vivo),Simone Mendes,BRUM72402693,2025-01-31,149.0,0,-7.7,,786629.0,single,1.0,Universal Music Ltda.,Brazilian Music,Brazilian Music,0.622,0.86,0.611,0.393,1.05e-06,0.375,0.0415,118.057,-4.107,1.0,0.0,1gftPqMrQEkdJh2WbVRA1f,BR,Person,1984.0,,,2025-01-31,deezer,2025.0,530.0,-190,-2.933696882634538,6.272877006546167,Brazilian Music,Brazil,0,0,2.4833333333333334,2,0.6931471805599453,-0.18965211745173824,1.045782390221121,0.2827831616312536,0.39910839177738994,-0.4887889968380746,-0.211368244621368,-0.7189954452770131,-51.2758529081921
409,3 AM,Jimmy Guzman,1,False,157279424,292150,286,0.1858,,1.0,True,3483153891.0,3 AM,Jimmy Guzman,QMDA72517956,2025-07-31,196.0,1,-12.6,,453906.0,single,1.0,Lumbre Music,,,0.763,0.456,0.643,0.48,0.000195,0.128,0.285,173.853,-9.811,8.0,1.0,4B3cGux5Dy2VRYUbsqDj4M,,,,,,2025-07-31,deezer,2025.0,349.0,123,-1.683084452602399,5.855071922202427,Other,Unknown,0,0,3.2666666666666666,1,0.0,0.7116841390515886,-1.1044852698686347,0.41661510963133064,0.7321977177417265,2.3526930716765175,1.897214920045158,-0.012656695135834894,-1.2576936020168294
410,Should Have Known Better,Sufjan Stevens,1,False,157203488,36577,695,0.0233,,1.0,True,96861532.0,Should Have Known Better,Sufjan Stevens,US64G1509902,2015-03-31,308.0,0,-17.0,90.9,687204.0,album,11.0,Asthmatic Kitty,Alternative,Alternative,0.493,0.171,0.296,0.98,0.263,0.126,0.0317,90.928,-20.696,7.0,1.0,3AyuigFWbuirWHvidbMz8O,US,Person,1975.0,indie folk|chamber pop|art pop|singer-songwriter|indietronica,2015-03-12,2015-03-12,musicbrainz,2015.0,4143.0,-285,-3.759301918410482,8.329175442077402,Alternative,US,0,0,5.133333333333334,3,1.0986122886681098,-1.014278905316484,-2.621382010278487,-1.0346250764945037,2.646504188801133,-0.6031484394312697,-1.2365985957977639,-0.6236951246000721,-46.4039666117366
412,Diário de um Cafajeste,DJ Oreia,1,False,156438334,908689,59,0.5809,,1.0,True,3640608352.0,Diário de um Cafajeste,DJ Oreia,BCGWP2500085,2025-11-06,357.0,0,-9.7,,919707.0,single,1.0,GRINGOS WORLD PRODUTORA,Brazilian Music,Brazilian Music|Soul & Funk,,,,,,,,,,,,,BR,Person,,,,2025-11-06,deezer,2025.0,251.0,353,-0.5431766539836503,5.5254529391317835,Brazilian Music,Brazil,0,0,5.95,1,0.0,,,,,,,0.6821422929825226,97.81108893569879
413,Si Te Vuelves A Enamorar,Bronco,1,False,156157308,84030,596,0.0538,,1.0,True,782894262.0,Si Te Vuelves a Enamorar,Bronco,MX1721901101,2019-11-01,197.0,0,-8.5,,140040.0,single,2.0,OCESA Seitrack,,,0.786,0.774,0.85,0.146,3.98e-06,0.0814,0.0295,119.004,-5.104,2.0,1.0,1K8JzetC0y8JAiW3ynrkMt,MX,Group,1979.0,,1990,1990-01-01,musicbrainz,1990.0,13344.0,-183,-2.9224818118143983,9.498822124598528,Other,Mexico,0,1,3.283333333333333,3,1.0986122886681098,0.8587106206088689,0.5880521457465692,1.2823405232568281,-0.5465590049259569,-0.6288209673603543,-0.175580226538724,-0.01688146787747291,-1.6739774350611025
414,1-800,bbno$,1,False,155583143,265600,309,0.1707,,1.0,True,3412086261.0,1-800,bbno$,CA5KR2538047,2025-06-27,210.0,1,-6.5,,700892.0,single,1.0,bbno$$,Dance,Dance|Pop,0.66,0.959,0.883,0.0228,0.00503,0.0794,0.0485,131.975,-3.602,8.0,0.0,3mPAhyYswPqr9dCTAdCqyV,CA,Person,1995.0,hip hop|pop rap|trap|electronic|alternative hip hop,2025-06-27,2025-06-27,deezer,2025.0,383.0,105,-1.767847649181742,5.948034989180646,Dance,Canada,0,0,3.5,3,1.0986122886681098,0.053261199903768465,1.572704415837175,1.4203547196319075,-1.0182441193949947,-0.4071036807000781,0.31460602747391997,0.030479850396425423,3.094911662348787
415,Oorum Blood,Sai Abhyankkar,1,False,155378296,298854,279,0.1923,,0.94,True,3529736781.0,"Oorum Blood (From ""Dude"")",Sai Abhyankkar,INT202506147,2025-08-28,240.0,0,-12.2,,300898.0,single,1.0,Think Music,Asian Music,Asian Music,0.698,0.631,0.515,0.356,0.0,0.16,0.0522,129.987,-8.706,10.0,0.0,6EzB9lIW27iSTd0c2V4t3K,IN,Person,2004.0,,2025-10-17,2025-08-28,deezer,2025.0,321.0,136,-1.648698626387403,5.771441123130016,Asian Music,Asia,0,0,4.0,1,0.0,0.29617451725927446,-0.1730574468099534,-0.11871268236897708,0.25744971291899377,-0.3639271564557085,0.23947764315681747,-0.09383117304697941,-8.956354452068126
416,Purple lace bra,Tate McRae,1,False,154825157,123456,521,0.0797,,1.0,True,3240044391.0,Purple lace bra,Tate McRae,USRC12403552,2025-02-21,191.0,0,-6.6,,637212.0,album,15.0,RCA Records Label,Pop,Pop,0.501,0.763,0.393,0.357,8.71e-06,0.191,0.0315,144.973,-3.448,5.0,0.0,2AO3eTcub4Gh8epdyYoZEv,CA,Person,2003.0,pop|dance-pop|2020s|female vocals|pop rock,2025-02-21,2025-02-21,deezer,2025.0,509.0,-105,-2.529485693185968,6.2324480165505225,Pop,Canada,0,0,3.183333333333333,10,2.302585092994046,-0.9631392595574298,0.529505254011452,-0.6289469841192704,0.26127832586111255,-0.6054823056066411,0.8058126368067672,-0.36241082651127154,-30.40036246635953
417,Me Ha Costado,Neton Vega,1,False,154796345,151437,469,0.0978,,1.0,True,3214287541.0,Me Ha Costado,Neton Vega,US3DF2514824,2025-02-14,216.0,0,-8.8,,418190.0,album,21.0,Josa Records,Latin Music,Latin Music,0.792,0.779,0.756,0.31,5.8e-06,0.515,0.223,89.943,-3.248,2.0,1.0,1V14rt4SEpMU1wCdmGz6eB,MX,Person,2003.0,regional mexicano|corrido tumbado,2025-02-14,2025-02-14,deezer,2025.0,516.0,-52,-2.3248307019413654,6.246106765481563,Latin Music,Mexico,0,0,3.6,10,2.302585092994046,0.8970653549281594,0.6146643692625315,0.8892091760066022,0.0813335175815284,1.6291945573114057,-1.2738226695162478,-0.1415034600879137,-13.194782795713344
418,PONTE LOKITA,Katteyes,1,False,154782258,101617,563,0.0657,,1.0,True,3221491501.0,PONTE LOKITA,Katteyes,QM4TX2509249,2025-02-14,183.0,1,-7.6,,464557.0,single,1.0,Jak Entertainment LLC,Latin Music,Latin Music,0.771,0.725,0.791,0.274,3.38e-05,0.0745,0.0592,98.019,-3.574,7.0,0.0,0Lahr7sUDdtYnX3n3KobR6,CL,Person,2004.0,,2025-02-14,2025-02-14,deezer,2025.0,516.0,-145,-2.722656353491572,6.246106765481563,Latin Music,Latin America (other),0,0,3.05,1,0.0,0.7628237848106426,0.3272523552901382,1.0355878691316864,-0.056496548334748764,-0.282241840317712,-0.9686230559624648,-0.5393291116381205,-41.68606574313258
419,Humsafar,Sachet-Parampara,1,False,154538003,363196,223,0.235,,1.0,True,3442813111.0,Humsafar,Sachet-Parampara,INY092500017,2025-07-04,322.0,0,-9.7,,186874.0,album,7.0,YRF Music,Asian Music,Asian Music,0.368,0.774,0.534,0.445,0.0,0.241,0.0874,160.044,-5.628,9.0,0.0,0OLTYqD8FpjkLsxJmdWmgi,IN,Group,2015.0,filmi,2025-09-10,2025-07-04,deezer,2025.0,376.0,196,-1.448169764837978,5.929589143389895,Asian Music,Asia,0,1,5.366666666666666,1,0.0,-1.8133358703017026,0.5880521457465692,-0.03924996324393134,0.5981962647675682,0.046833290409645324,1.3753598601684633,0.32490936346575383,38.39052079244305
420,MUTT,Leon Thomas,1,False,154316877,167588,439,0.1086,,1.0,True,2929833161.0,MUTT,Leon Thomas,USUM72409025,2024-08-09,193.0,1,-10.0,,694495.0,single,1.0,EZMNY Records/Motown Records,R&B,R&B,0.641,0.451,0.601,0.195,6.92e-06,0.0684,0.123,179.976,-8.102,1.0,1.0,1ZWCDMKlV6FxgBesm4Iw09,US,Person,1937.0,jazz|vocal jazz|free jazz,2024-08-09,2024-08-09,deezer,2024.0,705.0,-19,-2.220083871482302,6.558197802812269,R&B,US,0,0,3.216666666666667,1,0.0,-0.06819545877398489,-1.1310974933845972,0.24096067788122952,-0.358956970762135,0.4622614696257417,2.128608832104322,0.290885148442138,33.76109484263243
421,Te Amo y Me Amas,Ian Cordova,1,False,153433364,424410,192,0.2766,,1.0,True,3521686331.0,Te Amo y Me Amas,Ian Cordova,QMDA72577276,2025-08-28,211.0,0,-9.0,,470451.0,ep,4.0,Lucky Music Group,Latin Music,Latin Music,,,,,,,,,,,,,,,,,,2025-08-28,deezer,2025.0,321.0,229,-1.2851828597514792,5.771441123130016,Latin Music,Unknown,0,0,3.5166666666666666,2,0.6931471805599453,,,,,,,0.2696845935889445,30.955134469880186
422,Carol Of The Bells,Lindsey Stirling,1,False,153172830,52527,664,0.0343,,1.0,True,568148612.0,Carol Of The Bells,Lindsey Stirling,USC4R1706214,2018-10-19,166.0,0,-9.0,168.06,745631.0,album,18.0,Concord Records,,,0.227,0.66,0.27,0.0274,0.000538,0.0787,0.0759,167.956,-5.993,4.0,0.0,0byPyCPX9mfGMiAGVZxasq,US,Person,1986.0,classical crossover|violin|dubstep|classical|american,2017-10-10,2017-10-10,musicbrainz,2017.0,3200.0,-242,-3.372609924810243,8.070906088787819,Other,US,0,0,2.7666666666666666,3,1.0986122886681098,-2.7146721268050293,-0.01870655041737178,-1.143363534244566,-1.0006324998612481,-0.08736401467420618,1.674361759925462,-0.22975402290583835,-20.527093639141658
423,CHAMPAGNE,Tito Double P,1,False,153064394,268973,306,0.1757,,1.0,True,3365547941.0,CHAMPAGNE,Tito Double P,QM6P42595475,2025-05-15,195.0,1,-8.1,,451475.0,single,1.0,Double P Records,,,,,,,,,,,,,,,MX,Person,1997.0,latin|regional mexicano|corrido,,2025-05-15,deezer,2025.0,426.0,117,-1.7389772837890856,6.054439346269371,Other,Mexico,0,0,3.25,4,1.3862943611198906,,,,,,,0.20272901789977826,22.47405405123981
424,Parte & Choke,Jombriel,1,False,152819079,111185,547,0.0728,,1.0,True,3151318851.0,Parte & Choke,Jombriel,QZW9K2470856,2024-11-05,205.0,0,-8.2,,494104.0,single,1.0,WEA Latina,Rap/Hip Hop,Rap/Hip Hop|Latin Music,0.728,0.654,0.884,0.00581,0.0,0.131,0.365,117.337,-3.976,5.0,0.0,0STW8nw4lNN4TEQ8KmNer6,EC,Person,,,2025-01-23,2024-11-05,deezer,2024.0,617.0,-123,-2.6200393237794968,6.424869023905388,Rap/Hip Hop,Latin America (other),0,0,3.4166666666666665,2,0.6931471805599453,0.4879481888557271,-0.0506412186365266,1.42453696800691,-1.0832922532815934,3.2862395418250494,-0.2385777198267572,-0.2390032121474155,-21.258764691592912
425,Cracklin' Rosie,Neil Diamond,1,False,152747541,55000,656,0.036,,1.0,True,529949701.0,Cracklin' Rosie,Neil Diamond,USMC17046641,2018-07-18,178.0,0,-11.1,127.21,504771.0,album,23.0,Neil Diamond,Pop,Pop,0.597,0.669,0.839,0.24,0.0,0.0957,0.0331,127.308,-7.993,1.0,1.0,4eSbbfLKdnG4pMBZZi2SV9,US,Person,1941.0,singer-songwriter|pop|soft rock|pop rock|rock,1970-09-04,1970-09-04,musicbrainz,1970.0,20403.0,-231,-3.3242363405260273,9.923437227843749,Pop,US,0,0,2.966666666666667,3,1.0986122886681098,-0.3494635104487821,0.02919545191136045,1.2363357911318016,-0.1866693883667885,-0.5868113762036704,0.13823572083009877,-0.525053880491706,-40.847650806842935
426,Come Play (from the series Arcane League of Legends),Stray Kids,1,False,152576814,81314,603,0.0533,,1.0,True,3288874521.0,Come Play (from the series Arcane League of Legends),Stray Kids,USA2P2459606,2025-04-04,161.0,0,-7.2,,685525.0,single,2.0,Riot Games,Electro,Electro,0.565,0.867,0.424,0.00304,0.0,0.257,0.0964,95.004,-5.465,7.0,1.0,37ozVDmL5b6NNVWFYgAlkz,KR,Group,2017.0,k-pop|boy group|boy band|electropop|pop rap,2024-10-16,2024-10-16,musicbrainz,2024.0,637.0,-177,-2.931818947810338,6.456769655572163,Electro,Asia,0,1,2.683333333333333,3,1.0986122886681098,-0.5540220934849983,1.0830395031434683,-0.49929728449419597,-1.0938975111312623,0.15185726830135504,-1.0825627333850323,-0.5183627971583467,-40.450530407794496
427,Ay Mamita,Alan Arrieta,1,False,152504045,171866,438,0.1127,,1.0,True,3375160521.0,Ay Mamita,Alan Arrieta,USLD91777227,2025-05-22,164.0,0,-7.4,,504715.0,single,1.0,Alan Arrieta/Del Norte Music,Latin Music,Latin Music,,,,,,,,,,,,,,,,,,2025-05-22,deezer,2025.0,419.0,-11,-2.1830258579364066,6.037870919922137,Latin Music,Unknown,0,0,2.7333333333333334,1,0.0,,,,,,,-0.26332986118771173,-23.151163898593964
428,Amo Minha Favela,DJ Japa NK,1,False,152194819,518605,142,0.3408,,1.0,True,3871188191.0,Amo Minha Favela,DJ Japa NK,BKUNW2500036,2025-12-11,119.0,0,-9.5,,782565.0,single,1.0,BOLOLO REC,Soul & Funk,Soul & Funk,0.925,0.572,0.788,0.37,0.0,0.129,0.19,129.964,-5.355,6.0,0.0,4S1SaaCxQ87nXpA2EfYFj4,,Person,,,,2025-12-11,deezer,2025.0,216.0,286,-1.0764594840269763,5.375278407684165,Other,Unknown,0,0,1.9833333333333334,2,0.6931471805599453,1.7472619656724322,-0.4870816842983091,1.0230411240066792,0.31105029410865714,1.2441066383751367,0.23860845158775656,-0.03381558610406743,-3.3250229708799095
429,DROGA,Mora,1,False,150850352,220135,371,0.1459,,1.0,True,3345133651.0,DROGA,Mora,QM6P42540021,2025-05-18,222.0,1,-8.1,,653233.0,album,17.0,Rimas Entertainment LLC.,Latin Music,Latin Music,,,,,,,,,,,,,SE,Group,1971.0,pop rock|children's music,2025-05-18,2025-05-18,deezer,2025.0,423.0,58,-1.924833823453397,6.0473721790462776,Latin Music,UK/Europe,0,1,3.7,3,1.0986122886681098,,,,,,,0.007500891461434067,0.7529093617464344
430,One Thing,Lola Young,1,False,150829815,142082,486,0.0942,,1.0,True,3359134191.0,One Thing,Lola Young,GBUM72502092,2025-05-16,208.0,1,-9.0,,671376.0,single,1.0,Universal-Island Records Ltd.,Pop,Pop,0.75,0.665,0.888,0.0856,0.0305,0.144,0.0439,97.999,-6.571,5.0,0.0,4x4pzInO5rUivQWMkWY56l,GB,Person,2001.0,pop|neo soul|alternative pop|pop rock|r&b,2025-05-16,2025-05-16,deezer,2025.0,425.0,-56,-2.3623350973998196,6.052089168924417,Pop,UK/Europe,0,0,3.466666666666667,1,0.0,0.6285822146931257,0.00790567309859057,1.4412659615069197,-0.7778072266299332,-0.46078260273361865,-0.9693788747181704,-0.42374247379114616,-34.54075650873736
431,Are You Even Real,Teddy Swims,1,False,150705108,119153,533,0.0791,,1.0,True,3167895991.0,Are You Even Real,Teddy Swims,USWB12404265,2025-01-24,147.0,0,-9.4,,652584.0,album,13.0,Warner Records,Pop,Pop,,,,,,,,,,,,,US,Person,1992.0,soul|pop|pop soul|rock|alternative rock,2025-01-10,2025-01-10,musicbrainz,2025.0,551.0,-102,-2.537042404208529,6.311734809152915,Pop,US,0,0,2.45,2,0.6931471805599453,,,,,,,-0.27792074095982944,-24.264315348773657
432,Papaoutai,mikeeysmind,1,False,150227682,565533,123,0.3765,,0.94,True,3837950551.0,Papaoutai (Afro Soul),mikeeysmind,QT6G42596182,2026-02-11,279.0,0,-14.9,,840461.0,single,1.0,Unjaps AB,Pop,Pop,0.559,0.47,0.492,0.506,0.00415,0.108,0.0596,101.741,-12.466,8.0,0.0,2f3XI8zo1JAnN1BRNAJlmP,SE,Person,2000.0,eletronic,2025-12-20,2025-12-20,musicbrainz,2025.0,207.0,309,-0.9768372317421887,5.332718793265369,Pop,UK/Europe,0,0,4.65,1,0.0,-0.5923768278042881,-1.0299710440239405,-0.21490439499403247,0.8317416542368158,-0.2775741079669694,-0.8279651855257166,0.017964784647924392,1.8127122053425149
433,Seu Astral,Jorge & Mateus,2,True,149828338,152219,465,0.1016,,0.94,True,72926478.0,Seu Astral (Ao Vivo),Jorge & Mateus,BRUXD1300003,2013-11-25,195.0,0,-7.2,,652933.0,album,20.0,Som Livre,Brazilian Music,Brazilian Music,0.579,0.861,0.684,0.309,0.0,0.881,0.0391,137.947,-4.197,11.0,0.0,2TE9rkhJYDctxgzak0AnSb,BR,Group,2005.0,country|sertanejo|sertanejo universitário,2010,2010-01-01,musicbrainz,2010.0,6039.0,-32,-2.2867117438377558,8.705993714307901,Brazilian Music,Brazil,1,1,3.25,7,1.9459101490553132,-0.4645277134066537,1.0511048349243135,0.5880872930064294,0.0775049046394096,-0.5167953909425306,0.54029350792751,0.8014416373023723,122.87516651157028
434,Never Walk Alone,BLOND:ISH,1,False,149516556,253686,326,0.1697,,1.0,True,2871918512.0,Never Walk Alone,BLOND:ISH,NL8RL2429546,2024-08-02,188.0,0,-10.1,,628138.0,single,1.0,Insomniac Records,Dance,Dance|Pop,0.853,0.594,0.83,0.052,0.134,0.0469,0.0371,129.995,-6.823,6.0,0.0,4HB7ECLzrbgapiZyLlFbxz,XE,Group,2008.0,house|deep house|dance,2024-08-02,2024-08-02,deezer,2024.0,712.0,108,-1.7737231067419565,6.568077911411976,Dance,Other,0,1,3.1333333333333333,1,0.0,1.2870051538409457,-0.3699879008280748,1.19869555575678,-0.9064486214851253,-0.5401340526962438,0.23977997065909992,0.7462990966479528,110.91796842281276
435,SONBAHAR,Era7capone,1,False,149066437,103021,561,0.0691,,1.0,True,3386414441.0,SONBAHAR,Era7capone,QM7282586311,2025-05-30,150.0,0,-8.8,,438908.0,single,1.0,ZUNA,Rap/Hip Hop,Rap/Hip Hop|R&B,,,,,,,,,,,,,TR,Person,,,,2025-05-30,deezer,2025.0,411.0,-126,-2.672200548208513,6.018593214496234,Rap/Hip Hop,Other,0,0,2.5,1,0.0,,,,,,,-0.7782791054093279,-54.08044411003499
437,MONTAGEM TOMADA,MXZI,1,False,148708414,89711,587,0.0603,,1.0,True,3720727222.0,MONTAGEM TOMADA,MXZI,GXD7G2555879,2025-03-21,71.0,0,-4.8,,595633.0,ep,4.0,Enarma Records,Dance,Dance,0.649,0.909,0.329,0.000591,0.873,0.156,0.045,129.974,-2.523,8.0,1.0,1WusF1nfwF70ojSCSFhmLW,GB,Person,,,2025-03-21,2025-03-21,deezer,2025.0,481.0,-150,-2.8084231752489974,6.175867270105761,Dance,UK/Europe,0,0,1.1833333333333333,3,1.0986122886681098,-0.017055813014930844,1.3065821806775522,-0.8966108801194242,-1.1032737842265112,-0.44794633876907636,0.23898636096560885,-0.7104174691912286,-50.856100600847775
439,Aku Dah Lupa,MikkyZia,1,False,148518417,82940,599,0.0558,,1.0,True,3294641081.0,Aku Dah Lupa,MikkyZia,FR2X42568986,2025-03-27,182.0,0,-12.1,,177742.0,single,1.0,Sony Music Entertainment,Pop,Pop,0.684,0.57,0.358,0.123,0.0217,0.0673,0.153,205.943,-10.095,6.0,0.0,3wHU5wfyf0uw6TpiE98Jxn,,,,,,2025-03-27,deezer,2025.0,475.0,-160,-2.885981409594872,6.163314804034641,Pop,Unknown,0,0,3.033333333333333,1,0.0,0.2066801371809306,-0.4977265737046941,-0.7753256772443546,-0.6346171025946896,0.812341395931441,3.1099261135742426,-0.8036586939331039,-55.23119893340548
440,The Only Thing,Sufjan Stevens,1,False,147626617,18525,722,0.0125,,1.0,True,96861542.0,The Only Thing,Sufjan Stevens,US64G1509907,2015-03-31,284.0,0,-17.8,159.0,507360.0,album,11.0,Asthmatic Kitty,Alternative,Alternative,0.51,0.146,0.498,0.987,0.0688,0.107,0.0389,159.034,-19.585,3.0,1.0,17UVxL0MYEmKzXppfUL5in,US,Person,1975.0,indie folk|chamber pop|art pop|singer-songwriter|indietronica,2015-03-31,2015-03-31,deezer,2015.0,4124.0,-282,-4.382026634673881,8.32457884513685,Alternative,US,0,0,4.733333333333333,3,1.0986122886681098,-0.9056071580784941,-2.754443127858299,-0.18981090474401802,2.6733044793959646,-0.5191292571179019,1.3371910130053473,-1.246090929241697,-71.23730437450126
441,tu con el,Peso Pluma,1,False,147596912,746693,80,0.5059,,1.0,True,3729422392.0,tu con el,Peso Pluma,QMFMG2587019,2025-12-25,165.0,1,-7.9,,594072.0,album,15.0,Double P Records,,,0.72,0.794,0.683,0.604,0.0,0.126,0.128,103.074,-4.978,4.0,0.0,3a1adRvecuvtoHzuj0pFaV,MX,Person,1999.0,regional mexicano|corrido tumbado,2026-02-26,2025-12-25,deezer,2025.0,202.0,361,-0.6814162576842466,5.308267697401205,Other,Mexico,0,0,2.75,8,2.0794415416798357,0.43680854309667305,0.6945010398104186,0.5839050446314269,1.2069457225644593,0.520608124010025,-0.7775898654579614,0.28682068799722493,33.21853152407122
442,Enamorado De Un Fantasma,Liberación,1,False,147485808,92524,581,0.0627,,1.0,True,1303346282.0,Enamorado De Un Fantasma,Liberación,MXUM72101130,2021-04-09,267.0,0,-6.8,,58459.0,single,1.0,Universal Music Mexico,Latin Music,Latin Music,0.66,0.72,0.669,0.121,0.0,0.138,0.0258,97.022,-2.065,2.0,1.0,6D22SHV12hh3NG8qh5cfOL,MX,Group,,aleluya,1995-11-29,1995-11-29,musicbrainz,1995.0,11186.0,-139,-2.769393831343262,9.322418275381533,Latin Music,Mexico,0,1,4.45,2,0.6931471805599453,0.053261199903768465,0.3006401317741758,0.5253535673813933,-0.6422743284789272,-0.6719974916047239,-1.006300620934372,0.18161409725236677,19.91513487786922
443,Edge of Desire,Jonas Blue,1,False,147362427,736863,83,0.5,,1.0,True,3410703621.0,Edge of Desire,Jonas Blue,GBCPZ2524512,2025-07-18,134.0,0,-9.1,,868129.0,single,2.0,Defected Records,Electro,Electro|Techno/House|Dance,0.779,0.787,0.818,0.139,0.827,0.0904,0.0459,123.019,-6.636,0.0,1.0,3hRyyC0GkQULygQwpdbuOx,GB,Person,1989.0,house|tropical house|electronic|dance|electronica,2025-07-18,2025-07-18,deezer,2025.0,362.0,360,-0.6931471805599453,5.8916442118257715,Electro,UK/Europe,0,0,2.2333333333333334,1,0.0,0.8139634305696966,0.6572439268880713,1.148508575256751,-0.5733592955207886,-0.43744394097990535,-0.023849611330893635,1.0277617955860716,179.48034876049053
444,End of the World,Miley Cyrus,1,False,147209307,122230,525,0.083,,1.0,True,3304567421.0,End of the World,Miley Cyrus,USSM12501019,2025-04-04,250.0,0,-6.0,,763680.0,single,1.0,Columbia,Pop,Pop,0.586,0.823,0.485,0.0268,0.0,0.477,0.0322,121.492,-3.46,1.0,1.0,0hJx21PieFkFrT1F5uJvfz,,,,party in the usa,2025-04-04,2025-04-04,deezer,2025.0,467.0,-81,-2.488914671185539,6.1463292576688975,Pop,Unknown,0,0,4.166666666666667,1,0.0,-0.4197805233674814,0.8488519362029996,-0.2441801336190493,-1.0029296676265194,-0.5973137739928414,-0.08155637332899003,-0.42800535526910144,-34.81920758174512
445,How Bad Do U Want Me,Lady Gaga,1,False,147204216,122872,523,0.0835,,1.0,True,3262333931.0,How Bad Do U Want Me,Lady Gaga,USUM72412588,2025-03-07,239.0,1,-6.9,,642659.0,album,14.0,Interscope Records,Pop,Pop,0.513,0.733,0.429,0.00246,0.0,0.0707,0.0605,188.07,-4.356,8.0,1.0,6AWldBTJJWOv0VbrNZXFEw,US,Person,1986.0,pop|dance-pop|electropop|pop rock|synth-pop,2025-03-07,2025-03-07,deezer,2025.0,495.0,-78,-2.482908647125327,6.20455776256869,Pop,US,0,0,3.9833333333333334,5,1.6094379124341003,-0.8864297909188488,0.36983191291567796,-0.47838604261918394,-1.0961181066376913,-0.2670717101777984,2.4344886825382392,-0.34953573318859243,-29.498467103155235
446,ni pedo,Peso Pluma,1,False,146987348,537504,137,0.3657,,1.0,True,3729422282.0,ni pedo,Peso Pluma,QMFMG2586998,2025-12-25,187.0,1,-7.0,,568366.0,album,15.0,Double P Records,,,0.77,0.768,0.739,0.503,1.11e-05,0.211,0.033,104.994,-4.607,1.0,0.0,5Wf6fC4fO4SikmnjEvA1P7,MX,Person,1999.0,regional mexicano|corrido tumbado,2025-12-26,2025-12-25,deezer,2025.0,202.0,309,-1.0059419538268015,5.308267697401205,Other,Mexico,0,0,3.1166666666666667,8,2.0794415416798357,0.7564313290907608,0.5561174775274144,0.8181109536315613,0.8202558154104593,-0.5879783092913561,-0.7050312649102566,-0.037705008145329955,-3.700302474099937
447,The Sick,Bella Kay,1,False,146537679,395516,202,0.2699,,1.0,True,3484880961.0,The Sick,Bella Kay,USAT22505801,2025-08-04,195.0,1,-12.1,,662526.0,single,1.0,Atlantic Records,Alternative,Alternative|Indie Pop,0.476,0.279,0.189,0.466,5.77e-05,0.283,0.0322,121.381,-12.728,5.0,0.0,1Qj9sKtIhVDTY2G5JmflK8,US,Person,,indie pop,2025-08-04,2025-08-04,deezer,2025.0,345.0,245,-1.3097037589581781,5.84354441703136,Alternative,US,0,0,3.25,1,0.0,-1.1229506525544737,-2.046557982333701,-1.4821256526197608,0.6785971365520633,-0.5973137739928414,-0.08575116742315438,0.3447903261182179,41.1693893295749
448,PICA PICA,Juan Reza,1,False,146503274,84052,595,0.0574,,1.0,True,3281633361.0,PICA PICA,Juan Reza,IDA832403740,2025-03-17,204.0,0,-11.4,,221192.0,single,1.0,JRZ Record,Alternative,Alternative|Rap/Hip Hop,0.864,0.921,0.969,0.0487,0.0,0.193,0.0311,105.004,-7.17,9.0,1.0,7lulQZKlbZzBKsK4rfP8h5,,,,,,2025-03-17,deezer,2025.0,485.0,-147,-2.8577109756566164,6.184148890937483,Alternative,Unknown,0,0,3.4,1,0.0,1.3573221667596451,1.3704515171158618,1.7800280798821142,-0.9190830441941175,-0.6101500379573837,-0.7046533555324038,-0.7494266865994281,-52.736255553881016
449,Killin' It Girl (Solo Version),j-hope,1,False,145587621,321662,254,0.2209,,1.0,True,3409046461.0,Killin' It Girl (Solo Version),j-hope,USA2P2518921,2025-06-13,138.0,0,-7.7,,694619.0,single,2.0,BIGHIT MUSIC,Asian Music,Asian Music,,,,,,,,,,,,,KR,Person,1994.0,pop|hip hop|dance-pop|k-pop|r&b,2025-06-13,2025-06-13,deezer,2025.0,397.0,195,-1.5100451685560654,5.983936280687191,Asian Music,Asia,0,0,2.3,4,1.3862943611198906,,,,,,,0.3371432544297708,40.09397401879207
450,Endless Love,Luther Vandross,1,False,145540852,48274,673,0.0332,,1.0,True,545122.0,Endless Love (with Mariah Carey),Luther Vandross,USSM19400684,1997-09-17,258.0,0,-10.4,,345584.0,album,15.0,LV Records/Epic,R&B,R&B,0.421,0.459,0.274,0.722,1.06e-06,0.114,0.0261,96.127,-8.41,10.0,1.0,72G5KDi35qUGjc8SmvIQFm,US,Person,1951.0,soul|r&b|quiet storm|queer|pop,1994-09-15,1994-09-15,musicbrainz,1994.0,11626.0,-223,-3.405205403059694,9.360999248261296,R&B,US,0,0,4.3,2,0.6931471805599453,-1.4745357171479698,-1.0885179357590573,-1.1266345407445564,1.6587220497344792,-0.668496692341667,-1.0401235102521824,-0.46405258097732327,-37.12695056659261
451,Cukup,Ziva Magnolya,1,False,145517942,112881,543,0.0776,,1.0,True,2444067605.0,Cukup,Ziva Magnolya,IDUM72300150,2023-09-14,220.0,0,-8.6,,94076.0,single,1.0,PT. Universal Music Indonesia,Pop,Pop,0.546,0.379,0.182,0.867,1.07e-05,0.0693,0.0313,121.797,-6.535,6.0,1.0,5zSJzkLYPRtqJvnnPuEc8V,,Person,2001.0,pop,,2023-09-14,deezer,2023.0,1035.0,-92,-2.556187851792964,6.942156705699469,Pop,Unknown,0,0,3.6666666666666665,1,0.0,-0.6754787521627509,-1.5143135120144546,-1.5114013912447777,2.2138709263417073,-0.6078161717820123,-0.07003013730448515,0.25158369497788025,28.60605323675067
452,Asquerosamente Rico,Oscar Maydon,1,False,145047488,175108,435,0.1207,,1.0,True,3392792901.0,Asquerosamente Rico,Óscar Maydon,QZ9QQ2500290,2025-06-06,195.0,1,-8.3,,474277.0,album,12.0,Rancho Humilde/Sony Music Latin,,,,,,,,,,,,,,,MX,Person,1999.0,,2025-06-06,2025-06-06,deezer,2025.0,404.0,17,-2.114447150878651,6.0014148779611505,Other,Mexico,0,0,3.25,3,1.0986122886681098,,,,,,,-0.24363031381563327,-21.622266763773524
453,Thought It Was Love,Ty Myers,1,False,144963729,248984,334,0.1718,,1.0,True,3191618601.0,Thought It Was Love,Ty Myers,USQX92406153,2025-01-24,246.0,0,-9.3,,444588.0,album,16.0,RECORDS Nashville / Columbia / Outlier Recordings,Country,Country,0.543,0.484,0.308,0.148,1.97e-06,0.112,0.0258,131.89,-7.131,4.0,1.0,6Vr1jAqOKBXBepPF6Mb69m,US,Person,2007.0,country|americana,2025-01-24,2025-01-24,deezer,2025.0,537.0,119,-1.761424269431982,6.285998094508865,Country,US,0,0,4.1,3,1.0986122886681098,-0.6946561193223961,-0.9554568181792459,-0.9844380959944747,-0.5389017790417193,-0.6719974916047239,0.31139379776217235,0.4684242611257088,59.74750054807436
454,Don't Lie,Black Eyed Peas,1,False,144946655,71578,617,0.0494,,0.96,True,7375559.0,Don't Lie,The Black Eyed Peas,USIR10500766,2014-07-23,219.0,0,-8.0,179.8,711847.0,album,16.0,Interscope,Rap/Hip Hop,Rap/Hip Hop,0.63,0.777,0.613,0.17,0.0,0.0597,0.196,89.81,-5.252,9.0,1.0,46tfXvcHlLtjFC2RvJTLA7,US,Group,1995.0,hip hop|pop rap|pop|dance-pop|west coast hip hop,2005,2005-01-01,musicbrainz,2005.0,7865.0,-163,-3.0078048547882603,8.970177815492379,Rap/Hip Hop,US,0,1,3.65,1,0.0,-0.13851247169268419,0.6040194798561466,0.2911476583812584,-0.45467229431510536,1.3141226236362766,-1.2788488642416875,0.027906251061829757,2.8299277937064993
455,ayy weyy,Fuerza Regida,1,False,144736276,233695,350,0.1615,,1.0,True,3345439141.0,ayy weyy,Fuerza Regida,QZ9QQ2500152,2025-05-02,148.0,1,-8.4,,451539.0,album,12.0,Rancho Humilde/Street Mob Records/Sony Music Latin,,,0.738,0.872,0.78,0.652,4.97e-05,0.114,0.0638,123.892,-6.595,11.0,0.0,7obbjnrA9Z81q3F592aabg,MX,Group,2015.0,regional mexicano,2025-05-02,2025-05-02,deezer,2025.0,439.0,105,-1.8232501363194258,6.0844994130751715,Other,Mexico,0,1,2.466666666666667,9,2.1972245773362196,0.5518727460545446,1.1096517266594306,0.98958313700666,1.3907191437861626,-0.22856291828417155,0.009141877355640466,0.1580191991386548,17.11886803056808
456,bad feeling (oompa loompa),Jagwar Twin,1,False,144638864,64537,633,0.0446,,1.0,True,2851404182.0,Bad Feeling (Oompa Loompa),Jagwar Twin,QZ22S2300261,2023-12-15,133.0,1,-7.4,,629253.0,single,3.0,Big Loud,Alternative,Alternative,0.702,0.808,0.91,0.0849,0.0,0.081,0.122,189.816,-3.905,11.0,0.0,1qAFyf50bDGt1PNyVBBgC4,US,Person,1988.0,,2023-12-15,2023-12-15,deezer,2023.0,943.0,-177,-3.1100214199561185,6.849066282633458,Alternative,US,0,0,2.216666666666667,1,0.0,0.3217443401388015,0.7690152656551131,1.5332754257569725,-0.7804872556894163,0.45059213874888504,2.5004716599113084,-0.3641827542670395,-30.523578798438578
457,Gula,Neton Vega,1,False,144424881,265449,311,0.1838,,1.0,True,3214287591.0,Gula,Neton Vega,US3DF2514829,2025-02-14,184.0,0,-8.3,,477360.0,album,21.0,Josa Records,Latin Music,Latin Music,0.767,0.808,0.555,0.375,0.00814,0.115,0.0359,123.023,-6.869,2.0,0.0,4k1oaXf7i7KGHYniA8n4ul,MX,Person,2003.0,regional mexicano|corrido tumbado,2025-02-14,2025-02-14,deezer,2025.0,516.0,146,-1.6939070690605504,6.246106765481563,Latin Music,Mexico,0,0,3.066666666666667,10,2.302585092994046,0.7372539619311156,0.7690152656551131,0.04857725263111923,0.33019335881925127,-0.5541372497484718,-0.023698447579752938,0.4894201727929013,63.13700329394567
458,Jacobo Grinberg,Victor Mendivil,1,False,144345919,196976,403,0.1365,,1.0,True,3294789921.0,Jacobo Grinberg,Victor Mendivil,US3DF2536528,2025-04-08,281.0,0,-8.5,,482483.0,single,1.0,Rico o Muerto by Baja Sound LLC,Latin Music,Latin Music,0.905,0.675,0.823,0.138,0.000157,0.0531,0.373,92.066,-5.676,1.0,1.0,3Iy1j4bzpaFhAb4Jh63R7q,,,,,2025-05-24,2025-04-08,deezer,2025.0,463.0,55,-1.9914306643571225,6.137727054086234,Latin Music,Unknown,0,0,4.683333333333334,7,1.9459101490553132,1.619412851274797,0.06113012013051527,1.1694198171317631,-0.5771879084629074,3.3795941888399024,-1.1935925085981345,0.058553085416896966,6.030127073562008
459,PLAK,Victor Mendivil,1,False,144154354,200266,399,0.1389,,1.0,True,3456139001.0,PLAK,Victor Mendivil,US3DF2586858,2025-07-24,170.0,1,-7.7,,391191.0,album,18.0,Rico o Muerto by Baja Sound LLC,Latin Music,Latin Music,0.915,0.92,0.772,0.00665,0.000105,0.049,0.163,140.027,-4.412,9.0,1.0,1lqSiPVISxVO0MC3b4l9ce,,,,,2025-05-24,2025-05-24,musicbrainz,2025.0,417.0,60,-1.974001029221839,6.0330862217988015,Latin Music,Unknown,0,0,2.8333333333333335,7,1.9459101490553132,1.6833374084736146,1.3651290724126692,0.9561251500066408,-1.0800762184102135,0.9290347047000075,0.6188986585208561,-0.06068623622226732,-5.88815176543096
460,Balorda nostalgia,Olly,1,False,144122816,92156,582,0.0639,,1.0,True,3229863571.0,Balorda nostalgia,Olly,ITB002500028,2025-02-12,197.0,0,-8.6,,538506.0,single,1.0,Epic,Pop,Pop,0.541,0.562,0.156,0.0963,0.0,0.119,0.0496,109.902,-7.457,1.0,1.0,5pNm9cYzWaAtoihxILG3cw,GB,Person,1984.0,pop|electro|dance-pop|europop,2025-02-11,2025-02-11,musicbrainz,2025.0,519.0,-122,-2.750435917598648,6.251903883165888,Pop,UK/Europe,0,0,3.283333333333333,1,0.0,-0.7074410307621597,-0.5403061313302332,-1.62013984899484,-0.7368410681492619,-0.39426741673553584,-0.5195533422601866,-0.5602608223667613,-42.893990082363
461,RUINART,R2,1,False,143875729,249715,332,0.1736,,1.0,True,3401257811.0,RUINART,R2,FR9W12530574,2025-06-13,174.0,1,-9.5,,992151.0,single,1.0,360 OTG /LABEL BLUE SKY,Rap/Hip Hop,Rap/Hip Hop,0.776,0.567,0.915,0.588,0.00806,0.105,0.054,91.47,-7.146,10.0,0.0,4ffqxU54Ll4YRz5NVBe77w,,,,hip hop,2025-06-13,2025-06-13,deezer,2025.0,397.0,129,-1.7510014767558872,5.983936280687191,Rap/Hip Hop,Unknown,0,0,2.9,1,0.0,0.7947860634100513,-0.5136939078142715,1.5541866676319847,1.1456879154905584,-0.3429223608773666,-1.2161159075181514,0.09618694622994894,10.096486598742871
462,Seni Düşündüm,Çağla,1,False,143856943,253074,328,0.1759,,1.0,True,3457584501.0,Seni Düşündüm,Çağla,FRX762524077,2025-07-25,196.0,0,-7.1,,509592.0,single,1.0,Eva Records,Pop,Pop,,,,,,,,,,,,,,Person,,,,2025-07-25,deezer,2025.0,355.0,134,-1.7378396272386245,5.872117789475416,Pop,Unknown,0,0,3.2666666666666666,1,0.0,,,,,,,-0.04386632715421235,-4.291811521815692
463,Tweaker,GELO,1,False,143570674,55700,655,0.0388,,1.0,True,3181689671.0,Tweaker,GELO,QT3F42457524,2025-01-12,189.0,1,-9.0,,483776.0,single,1.0,LiAngelo Ball (G3) PS/Def Jam,Rap/Hip Hop,Rap/Hip Hop,0.584,0.817,0.814,0.156,0.0,0.0736,0.383,111.242,-6.504,8.0,1.0,7HDq8aEtkBeZq7gfzYjW28,US,Person,,,2025-01-03,2025-01-03,musicbrainz,2025.0,558.0,-192,-3.249335032352909,6.324358962381311,Rap/Hip Hop,US,0,0,3.15,1,0.0,-0.4325654348072449,0.8169172679838448,1.1317795817567415,-0.5082728755047687,3.496287497608469,-0.46891348562793417,-0.9760653052777877,-62.320925748466905
464,Bongos,Cardi B,1,False,143439312,53016,660,0.037,,1.0,True,2443928265.0,Bongos (feat. Megan Thee Stallion),Cardi B,USAT22309427,2023-09-08,175.0,1,-7.5,,528090.0,single,1.0,Atlantic Records,Rap/Hip Hop,Rap/Hip Hop,0.726,0.747,0.891,0.0935,0.0,0.0312,0.377,121.928,-4.644,4.0,0.0,4sHr2AqOwXKZIEyK6rXJhp,US,Person,1992.0,hip hop|pop|east coast hip hop|alternative pop|hardcore hip hop,2023-09-08,2023-09-08,deezer,2023.0,1041.0,-196,-3.2968373663379125,6.947937068614969,Rap/Hip Hop,US,0,0,2.9166666666666665,2,0.6931471805599453,0.4751632774159636,0.4443461387603725,1.4538127066319269,-0.7475611843871945,3.426271512347329,-0.0650795244546157,-0.4854216594179901,-38.45623630305989
466,Vibra Perfecta,Julión Álvarez y su Norteño Banda,1,False,143069315,120297,529,0.0841,,1.0,True,3042021591.0,Vibra Perfecta,Julion Alvarez Y Su Norteño Banda,QZ7HP2400109,2024-10-24,183.0,0,-10.2,,520507.0,ep,4.0,"Copar Music, Inc",,,0.723,0.351,0.758,0.65,0.0,0.103,0.029,93.481,-6.352,5.0,1.0,1VvYHOnT8CdfpN0EYTELB2,MX,Group,,,,2024-10-24,deezer,2024.0,629.0,-63,-2.475748712003235,6.444131256700441,Other,Mexico,0,1,3.05,2,0.6931471805599453,0.4559859102563183,-1.6633419637038438,0.897573672756607,1.3830619179019248,-0.6346556327987827,-1.1401183316319878,-0.07503526563609197,-7.228923055872838
467,Location,Zerb,1,False,143031597,157707,460,0.1103,,1.0,True,3140488501.0,Location,Zerb,NL3M12406570,2025-01-03,148.0,0,-8.6,,702769.0,single,1.0,TH3RD BRAIN; Ty Dolla $ign appears courtesy of Atlantic Recording Corporation; Wiz Khalifa appears courtesy of Taylor Ga,Dance,Dance,0.781,0.773,0.402,0.129,0.0,0.102,0.0525,119.993,-5.812,11.0,0.0,6Ilomcr9iLplsgAvZjHkJP,BR,Person,1997.0,,2025-01-03,2025-01-03,deezer,2025.0,558.0,7,-2.2045513527226803,6.324358962381311,Dance,Brazil,0,0,2.466666666666667,1,0.0,0.8267483420094601,0.5827297010433767,-0.5913067487442487,-0.6116454249419767,-0.3604263571926516,-0.1382049890690994,0.0687183743524411,7.113450771755114
468,Baptized In Fear,The Weeknd,1,False,142897668,137798,495,0.0964,,1.0,True,3210598431.0,Baptized In Fear,The Weeknd,USUG12501132,2025-01-31,232.0,0,-9.2,,777611.0,album,22.0,XO / Republic Records,R&B,R&B,0.571,0.516,0.456,0.138,0.0,0.435,0.0296,123.666,-7.567,7.0,0.0,5rzI6Jnlhx8DgVgsOLorfW,CA,Person,1990.0,r&b|dance-pop|contemporary r&b|alternative r&b|synth-pop,2025-01-31,2025-01-31,deezer,2025.0,530.0,-27,-2.339249077365637,6.272877006546167,R&B,Canada,0,0,3.8666666666666667,4,1.3862943611198906,-0.5156673591657077,-0.7851385876770869,-0.3654653364941189,-0.5771879084629074,-0.6276540342726686,0.0006011254161710987,-0.12454764000811203,-11.71038008176164
469,In And Out Of Love,Armin van Buuren,1,False,142474209,159116,458,0.1117,,1.0,True,6180078.0,In And Out Of Love,Armin van Buuren,NLF710801024,2008-08-04,181.0,0,-9.7,,749170.0,album,5.0,Armada Music Albums,Electro,Electro|Dance,0.526,0.705,0.413,0.067,6.4e-05,0.125,0.0301,134.947,-6.777,5.0,0.0,19BJGLAAmlZq7nMgeeJB6g,NL,Person,1976.0,trance|progressive trance|uplifting trance|dance|vocal trance,2008,2008-01-01,musicbrainz,2008.0,6770.0,11,-2.1919385729069822,8.820256365906321,Electro,UK/Europe,0,0,3.0166666666666666,2,0.6931471805599453,-0.803327866560386,0.22080346122628877,-0.5453020166192224,-0.8490194273533431,-0.6218193688342403,0.4269206945717215,0.8750900743092771,139.90913807340308
470,"Vaarayo Vaarayo (From ""Aadhavan"")",Harris Jayaraj,1,False,142116084,109306,551,0.0769,,1.0,True,3445101461.0,"Vaarayo Vaarayo (From ""Aadhavan"")",Harris Jayaraj,INS171100708,2025-07-05,320.0,0,-11.4,,6532.0,album,17.0,Sony Music Entertainment India Pvt. Ltd.,Indian Music,Indian Music|Films/Games|Film Scores,0.718,0.361,0.446,0.565,0.119,0.151,0.0298,103.0,-9.74,5.0,0.0,1TsJLOMtQukZnkoVyYOU3e,IN,Person,1975.0,film composer|filmi,2009,2009-01-01,musicbrainz,2009.0,6404.0,-81,-2.565249402470539,8.764678074116606,Other,Asia,0,0,5.333333333333333,4,1.3862943611198906,0.42402363165690954,-1.610117516671919,-0.407287820244143,1.0576298178218255,-0.6253201680972973,-0.7803863948540707,0.5123814300354086,66.9261695273138
471,Veneno,Murilo Huff,1,False,141925727,147330,476,0.1038,,0.94,True,3281449141.0,Veneno (Ao Vivo),Murilo Huff,BKMWS2500013,2025-03-13,178.0,0,-7.2,,744649.0,single,1.0,M Show,Brazilian Music,Brazilian Music,0.476,0.681,0.643,0.672,0.0,0.383,0.103,104.716,-3.926,7.0,1.0,4VkclT6KzIyM3VIru8YTQx,BR,Person,1995.0,,2025-08-14,2025-03-13,deezer,2025.0,489.0,-5,-2.265289308250349,6.192362489474872,Brazilian Music,Brazil,0,0,2.966666666666667,2,0.6931471805599453,-1.1229506525544737,0.0930647883496701,0.41661510963133064,1.4672914026285389,0.2288748520886088,-0.7155371456145599,-0.14686610263208077,-13.659042205323335
472,Orula,Victor Mendivil,1,False,141923255,333563,243,0.235,,1.0,True,3569508271.0,Orula,Victor Mendivil,USANG2527536,2025-10-03,185.0,0,-10.9,,430333.0,single,1.0,Rico o Muerto by Baja Sound LLC,Latin Music,Latin Music,0.88,0.495,0.334,0.145,0.000217,0.108,0.467,89.819,-9.379,11.0,0.0,0ejwu6GH5TeXx82YvO6XSN,,,,,,2025-10-03,deezer,2025.0,285.0,229,-1.448169764837978,5.652489180268651,Latin Music,Unknown,0,0,3.0833333333333335,7,1.9459101490553132,1.4596014582777532,-0.8969099264441287,-0.8756996382444122,-0.5503876178680758,4.476511291264427,-1.2785087458016202,-0.05576181320219442,-5.423562234688395
475,OWA OWA,Lil Tecca,1,False,140934436,123468,520,0.0876,,1.0,True,3403092601.0,OWA OWA,Lil Tecca,USUM72505592,2025-06-13,130.0,1,-7.0,,604555.0,album,17.0,Galactic / Republic Records,Rap/Hip Hop,Rap/Hip Hop,0.712,0.732,0.457,0.023,1.96e-06,0.0973,0.0796,125.997,-7.922,1.0,1.0,5KxcqdmmJKGXwwAl8dD7nP,US,Person,2002.0,hip hop|east coast hip hop|trap|pop rap,2025-05-30,2025-05-30,musicbrainz,2025.0,411.0,-45,-2.4349742810397914,6.018593214496234,Rap/Hip Hop,US,0,0,2.1666666666666665,2,0.6931471805599453,0.385668897337619,0.3645094682124855,-0.3612830881191165,-1.0174783968065708,-0.044187490429836496,0.0886918013936189,-0.5410528382406063,-41.78649644050745
476,Open Hearts,The Weeknd,1,False,140511407,151485,468,0.1078,,1.0,True,3210598441.0,Open Hearts,The Weeknd,USUG12501133,2025-01-31,235.0,0,-7.6,,821986.0,album,22.0,XO / Republic Records,R&B,R&B,0.656,0.753,0.375,0.00353,0.000368,0.199,0.122,123.972,-5.947,7.0,0.0,0sTBOp1hdayTjw6UOyPyi6,CA,Person,1990.0,r&b|dance-pop|contemporary r&b|alternative r&b|synth-pop,2025-01-31,2025-01-31,deezer,2025.0,530.0,8,-2.22747762050724,6.272877006546167,R&B,Canada,0,0,3.9166666666666665,4,1.3862943611198906,0.027691377024241442,0.47628080697952735,-0.7042274548693137,-1.0920214907896242,0.45059213874888504,0.01216515237846143,-0.01277618314971507,-1.269491419231361
477,No Capea,Xavi,1,False,139337421,287602,292,0.2064,,1.0,True,3516036611.0,No Capea,Xavi,USA2P2541994,2025-08-25,194.0,0,-7.7,,578551.0,single,1.0,Interscope Records,,,0.79,0.942,0.751,0.164,0.0,0.14,0.0886,104.003,-3.781,7.0,1.0,3IcaWsnVb6NOsjtcuedsM8,US,Person,,,2025-08-25,2025-08-25,deezer,2025.0,324.0,185,-1.5779392453747294,5.780743515792329,Other,US,0,0,3.2333333333333334,2,0.6931471805599453,0.8842804434883959,1.482222855882903,0.8682979341315902,-0.4776439719678182,0.060836487461873215,-0.742482084255452,-0.01023864533181551,-1.0186408831705185
478,Call Me When You Break Up,Selena Gomez,1,False,139229837,81778,601,0.0587,,1.0,True,3239843321.0,Call Me When You Break Up,Selena Gomez,USUG12408958,2025-02-21,127.0,0,-7.7,,680446.0,single,1.0,SMG Music LLC & Friends Keep Secrets under exclusive license to Interscope Records,Pop,Pop,0.791,0.698,0.853,0.373,4.27e-05,0.0535,0.129,148.008,-5.006,0.0,1.0,4yFPKNzjkCS0PpRzhcvy1d,US,Person,1992.0,pop|dance-pop|electropop|teen pop|rock,2025-02-20,2025-02-20,musicbrainz,2025.0,510.0,-123,-2.8353155521480864,6.234410725718371,Pop,US,0,0,2.1166666666666667,3,1.0986122886681098,0.8906728992082776,0.18354634830394148,1.2948872683818353,0.3225361329350136,0.5322774548868816,0.9205081329850398,-0.6658950742755754,-48.61865793529129
479,Meant to Be Yours,Kevin Murphy,1,False,139137314,70676,619,0.0508,,1.0,True,3376090901.0,Meant to Be Yours,Kevin Murphy,US6W61422238,2025-06-06,203.0,0,-11.0,,431067.0,album,27.0,Yellow Sound Label,Films/Games,Films/Games|Film Scores,0.505,0.589,0.585,0.514,0.0,0.058,0.0852,99.648,-6.916,6.0,1.0,6YYeBYEpkiR84eCDNPBDoF,US,Person,1967.0,,,2025-06-06,deezer,2025.0,404.0,-140,-2.9798589243977007,6.0014148779611505,Other,US,0,0,3.3833333333333333,2,0.6931471805599453,-0.9375694366779028,-0.39660012434403713,0.174044703881191,0.8623705577737663,0.021160762480560626,-0.9070616183102719,-1.109042087334683,-67.01251989726342
480,Kupu,Tiara Andini,1,False,139086508,34111,700,0.0245,,0.94,True,2747412871.0,Kupu - Kupu,Tiara Andini,IDUM72400029,2024-04-18,242.0,0,-7.5,,102366.0,single,1.0,PT. Universal Music Indonesia,Pop,Pop,0.69,0.749,0.567,0.469,0.0,0.3,0.0404,122.013,-5.243,7.0,0.0,2FDHRhKLuTOQZVvJQoY38T,ID,Person,2001.0,pop,2025-10-16,2024-04-18,deezer,2024.0,818.0,-220,-3.7090821614314557,6.706862336602747,Pop,Asia,0,0,4.033333333333333,1,0.0,0.2450348715002204,0.45499102816675746,0.09876423313114766,0.6900829753784196,-0.5016252608026169,-0.06186729474286806,-1.0700154927610694,-65.69967966891332
481,KYKY2BONDY,Hamza,1,False,139058708,127940,512,0.092,,1.0,True,3330178491.0,KYKY2BONDY,Hamza,BE6GM2500005,2025-05-02,137.0,1,-10.9,,968136.0,single,1.0,Just Woke Up,Rap/Hip Hop,Rap/Hip Hop|French Rap,0.906,0.402,0.746,0.075,0.0,0.118,0.474,140.103,-8.708,0.0,0.0,2t5LPLptBemV0W8IGLBLju,BE,Person,1994.0,trap|french hip hop|rap|hip hop|french rap,2025-05-02,2025-05-02,deezer,2025.0,439.0,-31,-2.385966701933097,6.0844994130751715,Rap/Hip Hop,Other,0,0,2.283333333333333,1,0.0,1.6258053069946787,-1.391897283841028,0.8473866922565781,-0.8183905238163925,4.558196607402423,0.6217707697925369,-0.4046973664750162,-33.28213090518722
482,him all along,Gunna,1,False,138782542,147610,473,0.1064,,1.0,True,3047808531.0,him all along,Gunna,USAT22409580,2024-10-18,158.0,1,-8.9,,567886.0,single,1.0,300 Entertainment,Rap/Hip Hop,Rap/Hip Hop,0.872,0.507,0.506,0.195,0.0,0.111,0.072,130.007,-6.323,4.0,0.0,2EKL77lwxvo615Ga7VjEUl,US,Person,1993.0,hip hop|trap|pop rap|southern hip hop,2024-10-18,2024-10-18,deezer,2024.0,635.0,9,-2.2405497020745933,6.453624998892692,Rap/Hip Hop,US,0,0,2.6333333333333333,2,0.6931471805599453,1.4084618125186992,-0.8330405900058191,-0.15635291774399876,-0.358956970762135,-0.1328744050939471,0.2402334619125231,0.16974824398190203,18.50064812505712
483,Dirimu Yang Dulu,Anggis Devaki,1,False,138396589,564401,124,0.4078,,1.0,True,3105866861.0,Dirimu Yang Dulu,Anggis Devaki,QZZNV2400194,2024-11-29,240.0,0,-9.0,,98992.0,single,2.0,Hits records,Asian Music,Asian Music|Pop,0.375,0.515,0.385,0.741,1.98e-06,0.0993,0.039,115.669,-6.7,2.0,1.0,4NTJKqpoAlTG3RcPB3y4C7,ID,Person,2002.0,,,2024-11-29,deezer,2024.0,593.0,359,-0.8969784208417823,6.385194398997726,Asian Music,Asia,0,0,4.0,1,0.0,-1.7685886802625304,-0.7904610323802793,-0.6624049711192896,1.7314656956347367,-0.5179623240302162,-0.30161300405257585,1.4425458074834143,323.14545850580475
484,Meu Erro,Os Paralamas Do Sucesso,1,False,138248480,76693,610,0.0555,,1.0,True,17773342.0,Meu Erro,Os Paralamas Do Sucesso,BREMI8700205,2012-04-20,243.0,0,-10.5,110.84,179079.0,album,10.0,EMI,Rock,Rock,0.582,0.949,0.688,0.00101,1.76e-05,0.688,0.0617,110.965,-7.495,2.0,1.0,6P694ZjCWctbgzgh9qAmW8,BR,Group,1977.0,rock|brazilian|ska|new wave|brasil,1984,1984-01-01,musicbrainz,1984.0,15536.0,-126,-2.8913722582297483,9.650915190531107,Other,Brazil,0,1,4.05,2,0.6931471805599453,-0.4453503462470084,1.5194799688052503,0.6048162865064385,-1.1016695954037636,-0.25306851312557044,-0.47938157539445203,-0.024976576068671985,-2.4667242111695575
485,Arriba la Compañía,LOS DOS DE TAMAULIPAS,1,False,138098427,297720,281,0.2156,,1.0,True,2833196032.0,Arriba la Compañía,LOS DOS DE TAMAULIPAS,DGA052415702,2024-06-14,174.0,0,-8.2,,490110.0,single,1.0,Afinarte Music,Latin Music,Latin Music,0.558,0.769,0.668,0.037,0.0,0.141,0.187,102.594,-3.187,9.0,0.0,51fL4ksSPPx2Yac945HluQ,US,Group,,,2025-07-02,2024-06-14,deezer,2024.0,761.0,204,-1.5343304399472948,6.634633357861686,Latin Music,US,0,1,2.9,2,0.6931471805599453,-0.5987692835241698,0.5614399222306069,0.5211713190063908,-0.9638778156169076,1.2090986457445667,-0.7957295155948877,1.0446569298976076,184.24232059398574
486,Eres Mi Religión,Maná,1,False,138013168,91786,584,0.0665,,1.0,True,3887324.0,Eres Mi Religión,Mana,MXF150200072,2007-06-28,327.0,0,-8.7,184.6,519111.0,album,12.0,WM Mexico,Pop,Pop,0.629,0.813,0.726,0.188,2.86e-06,0.0753,0.0351,92.154,-5.583,4.0,1.0,7m48JuA1jcnHNxCVS4e2Y7,MX,Group,1986.0,latin|rock|pop|pop rock|latin pop,2002-08-20,2002-08-20,musicbrainz,2002.0,8730.0,-98,-2.7105533313203285,9.074520648833648,Pop,Mexico,0,1,5.45,3,1.0986122886681098,-0.14490492741256594,0.795627489171075,0.76374172475653,-0.38575726135696675,-0.5634727144499572,-1.1902669060730318,0.3013940594292235,35.1741903243493
487,Burning Blue,Mariah the Scientist,1,False,137709265,205586,390,0.1493,,1.0,True,3345513301.0,Burning Blue,Mariah The Scientist,USSM12501674,2025-05-02,205.0,0,-8.3,,666321.0,single,1.0,Buckles Laboratories/Epic,Pop,Pop|Rock|R&B,0.383,0.565,0.188,0.118,0.0,0.128,0.0367,119.824,-4.64,10.0,0.0,0aWHb6ujnlXkmmOI1ltStc,US,Person,1997.0,contemporary r&b|r&b|r&b/soul|gen z,2025-05-02,2025-05-02,deezer,2025.0,439.0,97,-1.9017975744369924,6.0844994130751715,Pop,US,0,0,3.4166666666666665,1,0.0,-1.7174490345034763,-0.5243387972206565,-1.4863079009947633,-0.6537601673052836,-0.5448017850469865,-0.1445916575548087,0.07947176102108822,8.271498433212464
488,Mengapa,Rony Parulian,1,False,137488119,96121,575,0.0699,,1.0,True,2495560871.0,Mengapa,Rony Parulian,IDUM72300249,2023-10-19,263.0,0,-9.6,,33656.0,single,1.0,PT. Universal Music Indonesia,Pop,Pop,0.461,0.337,0.131,0.693,0.0,0.13,0.0297,119.771,-8.012,10.0,1.0,1QgYZyDzY22JkXbAuoYZBe,ID,Person,2001.0,,2023-10-19,2023-10-19,deezer,2023.0,1000.0,-87,-2.6606896297423726,6.907755278982137,Pop,Asia,0,0,4.383333333333334,2,0.6931471805599453,-1.2188374883526998,-1.737856189548538,-1.7246960583699003,1.5476922744130335,-0.626487101184983,-0.14659457725742753,0.12491026036768238,13.30467693038868
489,intro,Peso Pluma,1,False,137356407,244964,337,0.1783,,1.0,True,3666017582.0,intro,Peso Pluma,QMFMG2516955,2025-11-20,179.0,1,-7.5,,457638.0,single,1.0,Double P Records,,,0.77,0.89,0.622,0.456,1.35e-05,0.169,0.197,120.006,-4.701,4.0,0.0,7cHN6FruoGm2AYtt4WDdcV,MX,Person,1999.0,regional mexicano|corrido tumbado,2023-12-06,2025-11-20,deezer,2025.0,237.0,152,-1.7242877541130424,5.4680601411351315,Other,Mexico,0,0,2.9833333333333334,8,2.0794415416798357,0.7564313290907608,1.2054557313168952,0.3287878937562801,0.6403110071308752,1.3257919545131334,-0.13771370687789078,-0.57105713496799,-43.507208213127214
490,PIXELATED KISSES,Joji,1,False,137337015,239140,343,0.1741,,1.0,True,3595347192.0,PIXELATED KISSES,Joji,USA2P2543412,2025-10-14,110.0,1,-7.3,,601860.0,single,1.0,Palace Creek,Alternative,Alternative,0.503,0.739,0.0392,0.0354,0.25,0.421,0.0345,124.003,-6.667,4.0,0.0,2OZVskV28xxJjjhQqKTLSg,US,Person,1992.0,lo-fi hip hop|ballad|r&b/soul|trip hop|alt-pop,2025-10-14,2025-10-14,deezer,2025.0,274.0,147,-1.7481254322079938,5.6131281063880705,Alternative,US,0,0,1.8333333333333333,1,0.0,-0.9503543481176664,0.40176658113483277,-2.1086264591951207,-0.9700035963242977,-0.5704743129760711,0.013336671449804802,-0.40840551491996546,-33.529072536646744
491,"Phir Se Ud Chala (From ""Rockstar"")",Mohit Chauhan,1,False,137215763,67097,625,0.0489,,1.0,True,3271891051.0,"Phir Se Ud Chala (From ""Rockstar"")",Mohit Chauhan,INS181103498,2025-03-10,268.0,0,-11.1,,72768.0,album,25.0,Super Cassettes Industries Private Limited,Indian Music,Indian Music,0.647,0.656,0.453,0.657,0.000163,0.343,0.0354,119.965,-8.632,11.0,1.0,1kcV2LJxt5v0s2cEGtEJ5i,IN,Person,1966.0,indian pop,2011-09-30,2011-09-30,musicbrainz,2011.0,5402.0,-134,-3.017977882501311,8.59452453435256,Other,Asia,0,0,4.466666666666667,4,1.3862943611198906,-0.029840724454694354,-0.03999632923014166,-0.37801208161912614,1.4098622084967565,-0.5599719151869001,-0.13926313532708645,0.08806691708330572,9.20611971332872
492,Thuli Thuli,Yuvan Shankar Raja,1,False,137136420,100700,566,0.0734,,1.0,True,15024735.0,Thuli Thuli,Yuvan Shankar Raja,INS171100518,2010-11-22,285.0,0,-10.8,,240507.0,ep,6.0,Think Music (India),Indian Music,Indian Music|Films/Games|Film Scores,0.709,0.528,0.649,0.256,0.00189,0.112,0.0309,91.999,-7.429,7.0,0.0,2uqXfUERVBLa1heEoUTBlO,IN,Person,1979.0,filmi|film composer,,2010-11-22,deezer,2010.0,5714.0,-74,-2.611831343361667,8.65067458279072,Other,Asia,0,0,4.75,2,0.6931471805599453,0.36649153017797376,-0.7212692512387773,0.4417085998813451,-0.12541158129288746,-0.6124839041327551,-1.1961245014297475,0.4855603922238694,62.50854389645426
493,Hakayet,VEN1,1,False,136593429,155326,461,0.1137,,1.0,True,2846025562.0,Hakayet,VEN1,TCAHP2377895,2023-11-20,158.0,1,-9.4,,908271.0,single,1.0,NOUVO MONDE,Rap/Hip Hop,Rap/Hip Hop,0.775,0.554,0.377,0.673,8.46e-06,0.11,0.0508,138.997,-8.449,3.0,0.0,3PyRt7gpih7EPvV0fMWEom,,,,,2023-11-20,2023-11-20,deezer,2023.0,968.0,32,-2.174191878225647,6.875232087276577,Rap/Hip Hop,Unknown,0,0,2.6333333333333333,1,0.0,0.7883936076901695,-0.582885688955773,-0.6958629581193089,1.4711200155706576,-0.38026421968330787,0.5799739926020364,0.5896780550045082,80.34077238359811
494,Deslocado,NAPA,1,False,136462290,195475,405,0.1432,,1.0,True,3266585161.0,Deslocado,Napa,PTUM72500004,2025-03-10,180.0,0,-11.1,,705337.0,single,1.0,Napa,Alternative,Alternative,0.559,0.447,0.35,0.123,0.000532,0.131,0.03,75.474,-7.96,6.0,1.0,1pt3Ly7kHrfgdUMcGkhJxc,PT,Group,2013.0,portugal|indie rock|pop rock|portuguese rock|pt,2025-01-23,2025-01-23,musicbrainz,2025.0,538.0,89,-1.9435130244555918,6.2878585601617845,Alternative,Other,0,1,3.0,1,0.0,-0.5923768278042881,-1.152387272197367,-0.8087836642443739,-0.6346171025946896,-0.6229863019219261,-1.8206197483312156,0.2884710182296033,33.43856761032045
495,INVU,TAEYEON,1,False,136378452,35761,698,0.0262,,1.0,True,1651130322.0,INVU,TAEYEON,KRA302200026,2022-02-14,204.0,0,-6.7,,432023.0,album,13.0,SM Entertainment,Asian Music,Asian Music|Pop,0.599,0.816,0.399,0.0911,2.17e-06,0.0961,0.0556,106.962,-3.412,11.0,0.0,7rXcCpIAoOUCydkVDMcoPV,KR,Person,1989.0,k-pop|kpop|2nd gen k-pop|idol solo,2022-02-14,2022-02-14,deezer,2022.0,1612.0,-203,-3.6419958682150857,7.385230923066573,Asian Music,Asia,0,0,3.4,1,0.0,-0.3366785990090186,0.8115948232806524,-0.6038534938692559,-0.7567498554482797,-0.324251431474396,-0.6306586993488592,-0.6184859324832654,-46.1240461303216
496,CHAKA,Fuerza Regida,1,False,136304929,272280,301,0.1998,,1.0,True,3345439231.0,CHAKA,Fuerza Regida,QZ9QQ2500160,2025-05-02,159.0,1,-10.7,,459763.0,album,12.0,Rancho Humilde/Street Mob Records/Sony Music Latin,,,0.771,0.823,0.698,0.252,1.23e-06,0.384,0.068,135.044,-6.796,0.0,0.0,3UZSZV80iBxSeEOpXgO4FD,MX,Group,2015.0,regional mexicano,2025-05-02,2025-05-02,deezer,2025.0,439.0,195,-1.6104384127676838,6.0844994130751715,Other,Mexico,0,1,2.65,9,2.1972245773362196,0.7628237848106426,0.8488519362029996,0.6466387702564625,-0.14072603306136272,-0.17955172860137353,0.4305864155368923,0.37083092269039675,44.89380701243037
497,GO BABY,Justin Bieber,1,False,136297070,242853,339,0.1782,,1.0,True,3454558681.0,GO BABY,Justin Bieber,USUG12506175,2025-07-11,195.0,0,-8.1,,608154.0,album,21.0,"JRC Entertainment, LLC / ILH Production Co. LLC / Def Jam Recordings",Pop,Pop,0.536,0.569,0.333,0.272,0.0,0.085,0.0697,120.162,-8.171,9.0,1.0,6G7hnJoG5ZZE5bOeA18JXg,CA,Person,1994.0,pop|teen pop|2010s|dance-pop|2020s,2025-07-11,2025-07-11,deezer,2025.0,369.0,158,-1.7248487639454282,5.910796644040527,Pop,Canada,0,0,3.25,4,1.3862943611198906,-0.7394033093615685,-0.5030490184078865,-0.8798818866194146,-0.0641537742189864,-0.15971386611071733,-0.13181832058338955,0.022426580429439902,2.2679946685528307
498,Pero La Recuerdo (Cumbia Santa María),Pancho Barraza,1,False,135541425,52846,661,0.039,,1.0,True,861591882.0,Pero La Recuerdo (Cumbia Santa María),Pancho Barraza,MXF399601972,2020-02-01,227.0,0,-12.8,,380400.0,album,20.0,Musart-Balboa,Latin Music,Latin Music,0.809,0.705,0.941,0.0443,9.67e-06,0.078,0.0437,94.655,-8.187,5.0,1.0,7xbRLQyE9t7zkA3osC8S2d,MX,Person,1961.0,latin pop|mariachi|ranchera|regional mexicano|tropical house,1997-05-12,1997-05-12,musicbrainz,1997.0,10656.0,-163,-3.2441936328524905,9.273878392780171,Latin Music,Mexico,0,0,3.783333333333333,2,0.6931471805599453,1.0057371021661492,0.22080346122628877,1.6629251253820467,-0.9359289411394401,-0.46311646890898994,-1.0957517706720892,-0.28089030234112,-24.488883513599003
499,Me Paseo,Victor Mendivil,1,False,135405758,280371,295,0.2071,,1.0,True,3456139151.0,Me Paseo,Victor Mendivil,US3DF2586865,2025-07-24,217.0,1,-8.4,,469177.0,album,18.0,Rico o Muerto by Baja Sound LLC,Latin Music,Latin Music,0.853,0.758,0.295,0.00933,0.00356,0.127,0.169,97.982,-5.339,4.0,0.0,2XQnrr8gsvuGcJmPfk18iE,,,,,2025-05-24,2025-05-24,musicbrainz,2025.0,417.0,204,-1.5745535105805986,6.0330862217988015,Latin Music,Unknown,0,0,3.6166666666666667,7,1.9459101490553132,1.2870051538409457,0.5028930304954897,-1.038807324869506,-1.069815535725335,0.9990506899611474,-0.9700213206605197,0.3387612824189732,40.32083347285278
500,El Plumas,Neton Vega,1,False,135147691,49798,667,0.0368,,1.0,True,2946684071.0,El Plumas,Neton Vega,USANG2428330,2024-08-16,150.0,0,-9.0,,433686.0,single,1.0,Josa Records,Latin Music,Latin Music,0.74,0.798,0.633,0.255,0.000112,0.2,0.0428,107.569,-5.286,4.0,0.0,3S6m6J4ExpHdzoV9Pfxa0U,MX,Person,2003.0,regional mexicano|corrido tumbado,2025-02-14,2024-08-16,deezer,2024.0,698.0,-167,-3.302257433807252,6.548219102762372,Latin Music,Mexico,0,0,2.5,10,2.302585092994046,0.5646576574943082,0.7157908186231885,0.3747926258813066,-0.12924019423500627,-0.473618866698161,-0.6077196001132047,-0.8005113962855113,-55.09007623003757
501,Shatter Me,Lindsey Stirling,1,False,134909726,36000,697,0.0267,,1.0,True,4208425022.0,Shatter Me,Lindsey Stirling,TCAKA2523367,2025-09-26,278.0,0,-7.5,,329707.0,album,16.0,Lindseystomp Records,Rock,Rock,,,,,,,,,,,,,US,Person,1986.0,classical crossover|violin|dubstep|classical|american,2014-04-23,2014-04-23,musicbrainz,2014.0,4466.0,-196,-3.623091713575933,8.404248432400102,Other,US,0,0,4.633333333333334,3,1.0986122886681098,,,,,,,-0.4937915183305863,-38.96919921394619
502,Vanish Into You,Lady Gaga,1,False,134675364,97070,574,0.0721,,1.0,True,3262333891.0,Vanish Into You,Lady Gaga,USUM72412584,2025-03-07,245.0,0,-7.1,,665978.0,album,14.0,Interscope Records,Pop,Pop,0.557,0.87,0.557,0.00079,0.0,0.0785,0.0304,112.012,-4.573,11.0,0.0,6A331YYR5zoG6XixuHX7yE,US,Person,1986.0,pop|dance-pop|electropop|pop rock|synth-pop,2025-03-07,2025-03-07,deezer,2025.0,495.0,-72,-2.629701234691234,6.20455776256869,Pop,US,0,0,4.083333333333333,5,1.6094379124341003,-0.6051617392440516,1.0990068372530457,0.05694174938112404,-1.1025118902510296,-0.6183185695711834,-0.43981446353328196,-0.49632832075449906,-39.12382608547896
503,Geiles Leben,Glasperlenspiel,1,False,134290661,24669,715,0.0184,,0.94,True,133582480.0,Geiles Leben (Madizin Single Mix),Glasperlenspiel,DEUM71502356,2016-10-07,212.0,0,-10.1,121.96,542850.0,album,16.0,Polydor,Pop,Pop,0.738,0.708,0.682,0.179,1.85e-06,0.0975,0.0407,121.932,-6.384,8.0,1.0,3jqfm2GD56KEga3K5gDCFN,DE,Group,2003.0,synth-pop|pop|german/synthie-pop|electropop|synthie-pop,2015,2015-01-01,musicbrainz,2015.0,4213.0,-212,-3.9954046143671973,8.345930261979017,Pop,UK/Europe,0,1,3.533333333333333,1,0.0,0.5518727460545446,0.23677079533586617,0.5797227962564245,-0.4202147778360361,-0.4981244615395599,-0.06492836070347448,-0.8610535751870194,-57.72835159753975
504,I Can't Fix You,The Living Tombstone,1,False,134233589,94877,577,0.0707,,1.0,True,137915825.0,I Can't Fix You (feat. Crusher-P),The Living Tombstone,QZ4JJ1658471,2016-12-10,278.0,0,-7.4,173.71,546795.0,single,2.0,628798 Records DK2,Electro,Electro|Dance,0.462,0.792,0.372,4.57e-05,0.0976,0.111,0.0456,174.021,-4.812,1.0,1.0,3zAqapGmeTcDB4xES8LBUL,IL,Group,2011.0,electronic|edm|pop|dance|songs based on games,2016-12-10,2016-12-10,deezer,2016.0,3504.0,-73,-2.64930970607961,8.161660452056282,Electro,Other,0,1,4.633333333333334,3,1.0986122886681098,-1.212445032632818,0.6838561504040337,-0.7167741999943209,-1.1053615268638488,-0.4409447402429624,1.9035637975930813,0.4937176994777621,63.83959754632846
505,Cali Man,EsDeeKid,1,False,134225613,355372,227,0.2648,,1.0,True,3399233791.0,Cali Man,EsDeeKid,US38Y2546739,2025-06-20,108.0,1,-6.4,,710726.0,album,11.0,Lizzy Records,Rap/Hip Hop,Rap/Hip Hop,0.714,0.834,0.401,0.00395,0.000164,0.226,0.266,194.832,-3.786,9.0,1.0,2pPNAgcdgtRMwK9mPYMK7O,GB,Person,,uk|liverpool|rage|jerk|hardcore hip hop,2025-06-20,2025-06-20,deezer,2025.0,390.0,278,-1.328780454919284,5.966146739123692,Rap/Hip Hop,UK/Europe,0,0,1.8,7,1.9459101490553132,0.3984538087773825,0.9073988279381168,-0.5954889971192511,-1.0904134733539341,2.130975785016242,2.6900310038421864,0.49424753630440077,63.92642879993677
506,Forever In Blue Jeans,Neil Diamond,1,False,133914481,60248,644,0.045,,1.0,True,79835508.0,Forever In Blue Jeans,Neil Diamond,USUG11400767,2014-07-01,219.0,0,-18.3,91.3,450702.0,album,10.0,Neil Diamond,Pop,Pop,0.706,0.39,0.839,0.0221,3.81e-05,0.0944,0.0324,90.584,-13.673,9.0,1.0,1K1nzhbKCNmrNXi9B07mPF,US,Person,1941.0,singer-songwriter|pop|soft rock|pop rock|rock,1978,1978-01-01,musicbrainz,1978.0,17727.0,-138,-3.101092789211817,9.782844180013784,Pop,US,0,0,3.65,3,1.0986122886681098,0.34731416301832846,-1.4557666202793376,1.2363357911318016,-1.0209241484544778,-0.5949799078174701,-1.2495986783958941,-0.2679610828361598,-23.50624502764448
507,On My Mind,Alex Warren,1,False,133861045,178673,429,0.1335,,1.0,True,3432933071.0,On My Mind,Alex Warren,USAT22504115,2025-06-27,189.0,0,-6.5,,611844.0,single,1.0,Atlantic Records,Pop,Pop,0.441,0.513,0.314,0.286,0.0,0.246,0.0351,126.406,-5.526,10.0,1.0,4eSlq7fGBVkTyHP3w4v8aX,US,Person,2000.0,pop|indie pop|folk|singer-songwriter|indie folk,2025-06-27,2025-06-27,deezer,2025.0,383.0,78,-2.0136538011418326,5.948034989180646,Pop,US,0,0,3.15,4,1.3862943611198906,-1.3466866027503348,-0.8011059217866643,-0.9593446057444603,-0.010553193029323182,-0.5634727144499572,0.10414829494779164,-0.21532630156366506,-19.372169262310678
508,The Night The Lights Went Out In Georgia,Reba McEntire,1,False,133768577,70666,620,0.0528,,1.0,True,543676582.0,The Night The Lights Went Out In Georgia,Reba McEntire,USMCN0110096,2018-07-19,255.0,0,-10.2,170.14,386873.0,album,15.0,MCA Nashville,Country,Country,0.575,0.696,0.369,0.57,4.03e-06,0.12,0.0485,86.038,-5.332,7.0,0.0,1ZFu14VJYEmfjN94sBp1ot,US,Person,1955.0,country|pop|2008 universal fire victim,2023-10-06,2018-07-19,deezer,2018.0,2918.0,-112,-2.9412440882699213,7.978653729082731,Country,US,0,0,4.25,2,0.6931471805599453,-0.4900975362861807,0.17290145889755654,-0.7293209451193281,1.0767728825324197,-0.4071036807000781,-1.4213962815676993,0.1981492410154333,21.914432658264893
509,After All The Bars Are Closed,Thomas Rhett,1,False,133097318,249301,333,0.1873,,1.0,True,2929623501.0,After All The Bars Are Closed,Thomas Rhett,QZRD92405271,2024-08-09,191.0,0,-8.3,,488128.0,ep,4.0,The Valory Music Co.,Country,Country,0.697,0.598,0.485,0.512,0.0,0.107,0.0309,105.056,-5.655,4.0,1.0,3WVWpiSSE0H1ppO3fKU1vA,US,Person,1990.0,country|contemporary country|country pop,2024-08-23,2024-08-09,deezer,2024.0,705.0,176,-1.6750436695320943,6.558197802812269,Country,US,0,0,3.183333333333333,3,1.0986122886681098,0.2897820615393927,-0.3486981220153049,-0.2441801336190493,0.8547133318895287,-0.6124839041327551,-0.7026882267675704,0.8359253503923458,130.69477959507418
510,"Desliza (""Ólhinho"" No Corpinho)",Léo Santana,1,False,133052018,143266,483,0.1077,,1.0,True,3359004801.0,"Desliza (""Ólhinho"" No Corpinho)",Léo Santana,BRUM72500712,2025-05-16,147.0,0,-7.4,,742248.0,single,1.0,Universal Music Ltda.,Brazilian Music,Brazilian Music,0.933,0.718,0.97,0.309,0.0,0.143,0.0511,130.001,-2.433,9.0,0.0,2JGmzSSQrn1ucRIlsQTy0T,BR,Person,1988.0,,2025-05-16,2025-05-16,deezer,2025.0,425.0,27,-2.228405694819794,6.052089168924417,Brazilian Music,Brazil,0,0,2.45,1,0.0,1.7984016114314862,0.2899952423677909,1.7842103282571167,0.0775049046394096,-0.37676342042025085,0.24000671628581152,-0.28981307121112065,-25.159654734511815
511,Ring Ring Ring,"Tyler, The Creator",2,True,133042051,147365,475,0.1108,,1.0,True,3470152981.0,Ring Ring Ring,"Tyler, The Creator",USQX92503274,2025-07-21,201.0,1,-8.3,,630491.0,album,10.0,Columbia,Rap/Hip Hop,Rap/Hip Hop,0.756,0.718,0.69,0.246,0.0,0.601,0.0531,119.022,-5.867,6.0,1.0,1lTqq0aC6r2bXLviQ3oaVt,US,Person,1991.0,hip hop|hardcore hip hop|horrorcore|west coast hip hop|rock,2025-07-21,2025-07-21,deezer,2025.0,359.0,36,-2.200028504668954,5.883322388488279,Rap/Hip Hop,US,1,0,3.35,3,1.0986122886681098,0.6669369490124162,0.2899952423677909,0.6131807832564433,-0.16369771071407563,-0.35342475866653755,-0.17489998965858922,-0.4905933046986708,-38.77369721296535
512,Pelotero A La Bola,8Uno,1,False,132834401,132176,503,0.0995,,1.0,True,3356955891.0,Pelotero A La Bola,8Uno,MXF152501103,2025-05-16,156.0,1,-9.9,,483058.0,single,1.0,WM Mexico,Latin Music,Latin Music,,,,,,,,,,,,,MX,Person,,,,2025-05-16,deezer,2025.0,425.0,9,-2.30759763481759,6.052089168924417,Latin Music,Mexico,0,0,2.6,1,0.0,,,,,,,-0.3690050112089165,-30.857805441819185
513,"Manasilaayo (From ""Vettaiyan"")",Anirudh Ravichander,1,False,132688338,57628,648,0.0434,,1.0,True,2985998291.0,"Manasilaayo (From ""Vettaiyan"")",Anirudh Ravichander,INS172409897,2024-09-09,235.0,0,-6.5,,213585.0,single,1.0,Sony Music Entertainment India Pvt. Ltd.,Indian Music,Indian Music|Films/Games|Film Scores,0.701,0.928,0.451,0.018,0.00293,0.074,0.286,150.889,-3.029,1.0,1.0,3CA9CjRf7IU2Ukz3GuYInP,IN,Person,1990.0,filmi|composer|film composer,2024-10-10,2024-09-09,deezer,2024.0,674.0,-135,-3.137295837875778,6.513230110912307,Other,Asia,0,0,3.9166666666666665,2,0.6931471805599453,0.3153518844189197,1.407708630038209,-0.386376578369131,-1.036621461517165,2.3643624025533745,1.029383824744382,-0.6685237738956089,-48.753546680982204
514,VCR,The xx,1,False,132595096,25783,713,0.0194,,1.0,True,3787856.0,VCR,The xx,GBBKS0900197,2009-08-16,177.0,0,-12.2,,660731.0,album,11.0,Young,Alternative,Alternative,0.755,0.482,0.48,0.891,0.818,0.1,0.03,109.354,-12.729,0.0,1.0,0Cr3j6qhDItBeFbAzdXtN2,GB,Group,2005.0,indie pop|alternative dance|indietronica|electronic|pop,2009,2009-01-01,musicbrainz,2009.0,6404.0,-199,-3.9424822129128545,8.764678074116606,Alternative,UK/Europe,0,1,2.95,3,1.0986122886681098,0.6605444932925345,-0.9661017075856309,-0.26509137549406137,2.305757636952559,-0.6229863019219261,-0.5402627761665106,-0.8648513804069071,-57.88858662119781
515,Bir Çift Göz,Norm Ender,1,False,132510433,193300,408,0.1459,,1.0,True,3418995091.0,Bir Çift Göz,Norm Ender,FRX452539070,2025-06-27,207.0,0,-6.8,,454193.0,single,1.0,Norm Müzik Medya,Rap/Hip Hop,Rap/Hip Hop,0.442,0.823,0.308,0.0319,0.0,0.226,0.216,119.655,-4.145,2.0,1.0,0DDTcst1ymDkTla649Mu0H,TR,Person,1985.0,hip hop|normlife|norm ender içinde patlar|norm ender twitter|norm ender aura,,2025-06-27,deezer,2025.0,383.0,107,-1.924833823453397,5.948034989180646,Rap/Hip Hop,Other,0,0,3.45,1,0.0,-1.340294147030453,0.8488519362029996,-0.9844380959944747,-0.9834037416217135,1.5475092411734093,-0.150978326040518,-0.12650632387522953,-11.883142287424208
516,Corazón,Danny Ocean,1,False,132308756,328977,250,0.2486,,1.0,True,3486464711.0,Corazón,Danny Ocean,USWL12503317,2025-07-31,163.0,0,-10.1,,567663.0,album,14.0,Atlantic Records,Pop,Pop,0.653,0.807,0.704,0.161,0.0,0.34,0.229,101.005,-6.558,6.0,0.0,500VAvqFsQbnV7VolJhvP7,US,Person,1992.0,reggaeton|latin,2025-07-30,2025-07-30,musicbrainz,2025.0,350.0,266,-1.3919100999055263,5.857933154483459,Pop,US,0,0,2.716666666666667,3,1.0986122886681098,0.008514009864596177,0.7636928209519207,0.671732260506477,-0.48912981079417467,1.6992105425725457,-0.8557793157356702,0.28247143034611444,32.64038796556679
517,Ultra Complicado,Kenny Die,1,False,132276745,195728,404,0.148,,1.0,True,3152611581.0,Ultra Complicado,Kenny Die,QZW9L2377378,2024-01-03,176.0,0,-13.2,,432262.0,single,1.0,WEA Latina,Rap/Hip Hop,Rap/Hip Hop|Latin Music,0.614,0.428,0.385,0.471,1.58e-06,0.161,0.508,90.067,-9.608,11.0,1.0,1kcn16i5Tmp8udmHcahvi7,,,,,2024-01-03,2024-01-03,deezer,2024.0,924.0,113,-1.9105430052180221,6.828712071641684,Rap/Hip Hop,Unknown,0,0,2.933333333333333,1,0.0,-0.24079176321079226,-1.2535137215580239,-0.6624049711192896,0.6977402012626572,4.954953857215549,-1.2691365932308754,0.8209273889699547,127.26064507119479
518,Sei Que Tu Me Odeia,Anitta,1,False,132000301,60415,643,0.0458,,1.0,True,3122792231.0,Sei Que Tu Me Odeia,Anitta,BRUM72402487,2024-12-06,161.0,0,-8.5,,727136.0,album,12.0,Universal Music Ltda.,Soul & Funk,Soul & Funk,0.804,0.892,0.965,0.395,0.0,0.42,0.0384,129.984,-3.32,11.0,0.0,6hVZAMmryY544VrEvNqIIy,BR,Person,1993.0,funk|pop|latin pop|latin|reggaeton,2024-12-06,2024-12-06,deezer,2024.0,586.0,-125,-3.083471187861998,6.373319789577012,Other,Brazil,0,0,2.683333333333333,1,0.0,0.9737748235667405,1.21610062072328,1.7632990863821045,0.40676561766162755,-0.5249639225563303,0.2393642703434622,-0.7566305716856383,-53.07551467856031
519,Jumping Machine (跳楼机),LBI利比,1,False,131072587,126798,517,0.0967,,0.96,True,3185623211.0,Jumping Machine (跳楼机),LBI,QNSM12402701,2025-01-23,201.0,0,-10.7,,356738.0,ep,5.0,Sony Music Entertainment,Pop,Pop|Rock,0.605,0.53,0.351,0.659,0.0,0.172,0.029,127.939,-7.981,6.0,1.0,1XZE0InCx3SdCnLpVsPpZl,CN,Person,1994.0,c-pop|mandopop,,2025-01-23,deezer,2025.0,538.0,2,-2.3361418765228885,6.2878585601617845,Pop,Asia,0,0,3.35,1,0.0,-0.29832386468972805,-0.7106243618323923,-0.8046014158693715,1.4175194343809943,-0.6346556327987827,0.16208180257259908,-0.10415783383769339,-9.891693520125798
520,Fade Into Darkness,Avicii,1,False,130963233,32206,706,0.0246,,0.94,True,12914364.0,Fade Into Darkness (Vocal Radio Mix),Avicii,CH3131140001,2011-07-22,199.0,0,-7.3,126.0,570155.0,ep,4.0,Universal Music AB,Dance,Dance,0.556,0.885,0.772,0.00786,1.95e-06,0.138,0.0322,125.997,-4.045,6.0,1.0,6mlX0bBYS4tkLCQQ2bM9DH,SE,Person,1989.0,progressive house|edm|electro house|electropop|dance-pop,2010-11-26,2010-11-26,musicbrainz,2010.0,5710.0,-186,-3.70500883604382,8.649974302650056,Dance,UK/Europe,0,0,3.316666666666667,1,0.0,-0.6115541949639334,1.1788435078009327,0.9561251500066408,-1.0754435967502498,-0.5973137739928414,0.0886918013936189,-0.6075045921777544,-45.529155576923074
521,Te Lloré,Conjunto Primavera,1,False,130872372,103771,558,0.0793,,1.0,True,712071612.0,Te Lloré,Conjunto Primavera,USFI20705832,2019-07-19,214.0,0,-10.3,136.0,432099.0,album,20.0,UMLE - Fonovisa,Latin Music,Latin Music,0.592,0.565,0.43,0.0904,0.0,0.163,0.0264,135.963,-5.827,2.0,1.0,2GCEO8ThjaAfHCtcO8AM3i,MX,Group,1978.0,norteño|regional mexicano|norteño-sax,2007,2007-01-01,musicbrainz,2007.0,7135.0,-37,-2.5345171503413346,8.872767529910936,Latin Music,Mexico,0,1,3.566666666666667,4,1.3862943611198906,-0.38142578904819086,-0.5243387972206565,-0.4742037942441815,-0.7594298845077629,-0.66499589307861,0.4653162873615482,0.5219684718600539,68.53419347633888
522,check,bbno$,1,False,130448332,115871,539,0.0888,,1.0,True,3245348541.0,check,bbno$,QM24S2407381,2025-02-10,123.0,1,-6.5,,602351.0,single,1.0,bbno$$,Rap/Hip Hop,Rap/Hip Hop,0.74,0.908,0.964,0.00623,0.0228,0.138,0.0481,134.05,-3.359,0.0,1.0,1QYnPmUTrtk3Ahk1H1vFR1,CA,Person,1995.0,hip hop|pop rap|trap|electronic|alternative hip hop,2025-02-10,2025-02-10,deezer,2025.0,520.0,-17,-2.4213686289840126,6.253828811575473,Rap/Hip Hop,Canada,0,0,2.05,3,1.0986122886681098,0.5646576574943082,1.3012597359743596,1.759116838007102,-1.0816842358459033,-0.4117714130508208,0.39302222337834103,-0.22892629298678768,-20.461284304372562
523,RATATATA,BABYMETAL,1,False,130269255,183346,419,0.1407,,1.0,True,2798271222.0,RATATATA,BABYMETAL,GBDHC2549601,2024-05-23,216.0,1,-8.7,,700120.0,single,1.0,Century Media,Rock,Rock|Metal,0.559,0.889,0.666,0.000269,0.00118,0.083,0.0669,140.047,-6.284,5.0,0.0,14WYmNQWvR2TTWoRp8t9Ml,JP,Group,2010.0,kawaii metal|metal|alternative metal|j-pop|j-rock,2024-05-23,2024-05-23,deezer,2024.0,783.0,104,-1.9611253148617938,6.663132695990803,Other,Asia,0,1,3.6,1,0.0,-0.5923768278042881,1.2001332866137027,0.512806822256386,-1.1045065975938735,-0.19238799256591588,0.6196544772765618,0.6420485226263406,90.03698452540138
524,Wi-Fi,Traia Véia,1,False,130219428,52827,662,0.0406,,0.94,True,2871810842.0,Wi-Fi (Ao Vivo),Traia Véia,BKC0B2400014,2024-07-18,162.0,0,-7.6,,598446.0,single,1.0,Show Mix.,Brazilian Music,Brazilian Music,0.606,0.802,0.387,0.419,0.0,0.605,0.191,149.879,-4.692,1.0,0.0,1MyPLbhfGhHA3UzKRH7c7V,BR,Group,,,,2024-07-18,deezer,2024.0,727.0,-138,-3.20398721237445,6.588926477533519,Brazilian Music,Brazil,0,1,2.7,1,0.0,-0.2919314089698463,0.7370805974359583,-0.6540404743692848,0.49865232827247896,1.2557759692519934,0.9912149775812658,-0.6651170821428121,-48.57866810152316
525,Ikaw Pa Rin,mrld,1,False,129992028,35145,699,0.027,,1.0,True,1878141567.0,Ikaw Pa Rin,MRLD,PHV032212038,2022-09-02,191.0,0,-10.1,,85445.0,single,1.0,O/C Records,Alternative,Alternative|Pop,0.412,0.374,0.306,0.692,7.38e-06,0.168,0.0307,108.926,-11.538,4.0,1.0,0M6pqnBDM758y6uq6hudom,PH,Person,2005.0,,2022-09-02,2022-09-02,deezer,2022.0,1412.0,-174,-3.611918412977808,7.252762418053187,Alternative,Asia,0,0,3.183333333333333,1,0.0,-1.5320678186269057,-1.540925735530417,-0.9928025927444796,1.5438636614709147,-0.6148177703081263,-0.556437297538603,-0.6399746586390496,-47.26942134799964
526,Type of Way,Rich Homie Quan,1,False,129854941,41991,682,0.0323,,1.0,True,66307173.0,Type of Way,Rich Homie Quan,USUYG1028245,2013-04-30,261.0,1,-13.8,,399619.0,album,20.0,"Think It's A Game Entertainment, LLC / Rich Homiez",Rap/Hip Hop,Rap/Hip Hop,0.85,0.509,0.763,0.147,0.0,0.0759,0.378,134.9,-9.637,6.0,0.0,6nu35hLc8zsA9bwBpcuf5L,US,Person,1989.0,hip hop|trap|southern hip hop|dirty south,2013,2013-01-01,musicbrainz,2013.0,4943.0,-156,-3.4326880487535263,8.505727713306959,Rap/Hip Hop,US,0,0,4.35,1,0.0,1.2678277866813006,-0.8223957005994341,0.9184849146316191,-0.5427303919838381,3.437940843224186,0.42514452049581425,-0.3145652012241751,-26.989374542851696
527,Vou pela Madrugada,Mc Negão Original,1,False,129536775,375193,216,0.2896,,1.0,True,3219420401.0,Vou pela Madrugada,Mc Negão Original,BC3PG2500352,2025-02-07,281.0,0,-8.1,,791255.0,album,12.0,Cria Hit BR,Brazilian Music,Brazilian Music|Soul & Funk,0.627,0.502,0.546,0.344,0.0,0.151,0.234,86.751,-4.334,10.0,0.0,5seruUlgl1Vvkx25AfaO5y,,,,,,2025-02-07,deezer,2025.0,523.0,311,-1.2392546184705757,6.259581464064923,Brazilian Music,Unknown,0,0,4.683333333333334,1,0.0,-0.15768983885232946,-0.8596528135217815,0.010937017256097555,0.21150635761356795,1.757557196956829,-1.3944513429268064,0.9599438363954114,161.15497952541048
528,Charger,TRIANGLE DES BERMUDES,1,False,129533076,214922,375,0.1659,,1.0,True,3230517051.0,"Charger (feat. MC YOSHI, Mauvais djo & Kokosvoice)",TRIANGLE DES BERMUDES,QZES82541235,2025-02-14,155.0,0,-9.2,,972799.0,ep,6.0,YPDP,African Music,African Music,0.754,0.762,0.494,0.128,1.29e-06,0.327,0.158,127.918,-7.564,9.0,1.0,1mvzvLW9nFujgS2VNKnToJ,,Group,,,2025-02-14,2025-02-14,deezer,2025.0,516.0,153,-1.7963700817857382,6.246106765481563,Other,Unknown,0,1,2.5833333333333335,1,0.0,0.6541520375726527,0.5241828093082596,-0.20653989824402766,-0.6154740378840955,0.8706880503157243,0.16128819287910906,0.3869571600677135,47.24934084040038
529,Tipo Nino Vs Kabrinha,DJ Biel Divulga,1,False,129433872,98338,571,0.076,,1.0,True,3393285851.0,Tipo Nino Vs Kabrinha,Dj Biel Divulga,QZNJW2532904,2025-05-31,201.0,0,-8.2,,587283.0,single,1.0,Mandela Music,Soul & Funk,Soul & Funk,,,,,,,,,,,,,,,,,,2025-05-31,deezer,2025.0,410.0,-42,-2.577021938695806,6.016157159698354,Other,Unknown,0,0,3.35,1,0.0,,,,,,,-0.686369398605533,-49.659959845004934
530,Quitter,Cameron Whitcomb,1,False,129214561,186993,413,0.1447,,1.0,True,2888978292.0,Quitter,Cameron Whitcomb,USAT22406351,2024-07-26,161.0,0,-8.5,,508578.0,single,1.0,Atlantic Records,Country,Country|Alternative,0.66,0.647,0.77,0.0126,0.0,0.149,0.0274,105.137,-6.937,9.0,1.0,51dxQAtcaxi4NFsiEIWa2x,CA,Person,2003.0,,2024-06-26,2024-06-26,musicbrainz,2024.0,749.0,117,-1.9330926453446988,6.618738983517219,Country,Canada,0,0,2.683333333333333,1,0.0,0.053261199903768465,-0.08789833155887389,0.9477606532566359,-1.0572959714046066,-0.6533265622017532,-0.699627160806964,0.6321305122713219,88.16151159868002
531,Página De Ex,Mari Fernandez,1,False,129071525,80770,605,0.0626,,0.94,True,2755387101.0,Página De Ex (Ao Vivo),Mari Fernandez,BCZT72400033,2024-04-26,161.0,0,-6.9,,721524.0,ep,4.0,Som Livre,,,0.709,0.915,0.926,0.272,0.0,0.233,0.0463,164.007,-2.701,0.0,0.0,2kFaWbpzQzpaJ0H6PskR6k,BR,Person,2001.0,,2024-04-26,2024-04-26,deezer,2024.0,810.0,-74,-2.7709900008760844,6.697034247666484,Other,Brazil,0,0,2.683333333333333,1,0.0,0.36649153017797376,1.338516848896707,1.6001913997570112,-0.0641537742189864,-0.4327762086291627,1.5251253466114598,-0.1398624696009172,-13.052219319397063
532,Bara Bada Bastu,KAJ,1,False,128698931,81220,604,0.0631,,1.0,True,3226932221.0,Bara Bada Bastu,KAJ,SEPQA2500011,2025-02-21,166.0,0,-7.9,,605293.0,single,1.0,WM Sweden,Pop,Pop,0.757,0.889,0.754,0.0754,2.32e-05,0.0397,0.0788,106.037,-4.729,9.0,0.0,2ixvbtaNYBRAcqcWYSRpJE,FI,Group,2009.0,comedy|eurovision|musical|eurovision 2025,2025-02-21,2025-02-21,deezer,2025.0,509.0,-72,-2.7630345094349695,6.2324480165505225,Pop,Other,0,1,2.7666666666666666,1,0.0,0.673329404732298,1.2001332866137027,0.8808446792565975,-0.8168590786395451,-0.053522955131321916,-0.6656153168002272,-0.5959596427602731,-44.89664832656568
533,Follow You,Noizy,1,False,128564130,97527,572,0.0759,,1.0,True,3069024861.0,Follow You,Noizy,DECE72402483,2024-11-08,164.0,0,-9.9,,743252.0,single,1.0,Southeast Records x Ventura Records,Rap/Hip Hop,Rap/Hip Hop,0.69,0.803,0.769,0.525,0.000505,0.24,0.177,180.076,-7.339,7.0,1.0,1oXjcN2rTXTPtSfiwFUGvE,AL,Person,1986.0,hip hop|albanian|rap|german|english,2024-11-08,2024-11-08,deezer,2024.0,614.0,-39,-2.578338594580553,6.419994928147142,Rap/Hip Hop,Other,0,0,2.7333333333333334,1,0.0,0.2450348715002204,0.7424030421391509,0.9435784048816336,0.9044853001370733,1.0924053369760003,2.132387925882848,-0.202330848792025,-18.317536221259168
534,Matadinha De Saudade,Grupo Menos É Mais,1,False,128395031,59699,645,0.0465,,0.94,True,2551216482.0,Matadinha De Saudade (Ao Vivo),Grupo Menos É Mais,BRRGE2300934,2023-11-30,176.0,0,-9.6,,684934.0,ep,4.0,Som Livre,Brazilian Music,Brazilian Music,0.751,0.847,0.923,0.433,0.0,0.577,0.0626,156.614,-6.073,1.0,1.0,4oE6iZGmNuKc89OhyCOU7w,BR,Group,,,2023-11-30,2023-11-30,deezer,2023.0,958.0,-111,-3.0683029663888264,6.86484777797086,Brazilian Music,Brazil,0,1,2.933333333333333,4,1.3862943611198906,0.6349746704130075,0.9765906090796189,1.5876446546320038,0.5522529094621423,-0.24256611533639943,1.2457369435650116,-0.3115301253622591,-26.76744513993836
535,Miss You Like Crazy,Natalie Cole,1,False,128262477,45379,677,0.0354,,1.0,True,1444373482.0,Miss You Like Crazy,Natalie Cole,USEE19100085,2021-05-07,232.0,0,-9.5,,413322.0,album,11.0,Craft Recordings,R&B,R&B,0.595,0.546,0.255,0.633,0.00422,0.0697,0.0267,131.136,-6.251,2.0,1.0,0peFD5OUJTHD1EQ31Ki1DH,US,Person,1950.0,soul|r&b|pop|quiet storm|jazz and blues,1989,1989-01-01,musicbrainz,1989.0,13709.0,-142,-3.341043458842408,9.5258078304359,R&B,US,0,0,3.8666666666666667,1,0.0,-0.3622484218885456,-0.6254652465813128,-1.2060972598696023,1.317975497885905,-0.6614950938155529,0.2828994306720845,-0.44242665989477636,-35.75245415419761
536,Alamak,Rizky Febian,1,False,127851069,237066,345,0.1854,,1.0,True,3572728831.0,Alamak,Rizky Febian,IDA162500596,2025-10-03,209.0,0,-7.9,,237951.0,single,1.0,E-Motion Entertainment,Pop,Pop,0.67,0.877,0.851,0.228,0.000805,0.239,0.039,93.992,-4.265,6.0,1.0,1vkwlZncsYqFukl2Q7M6Fe,ID,Person,1998.0,,2025-10-03,2025-10-03,deezer,2025.0,285.0,191,-1.6852396258503821,5.652489180268651,Pop,Asia,0,0,3.4833333333333334,1,0.0,0.11718575710258601,1.136263950175393,1.2865227716318306,-0.2326127436722142,-0.5179623240302162,-1.1208071624237184,-0.29283167421459844,-25.385227397069045
537,"Nenjukkul Peidhidum (From ""Vaaranam Aayiram"")",Harris Jayaraj,1,False,127814442,61831,639,0.0484,,1.0,True,347033901.0,"Nenjukkul Peidhidum (From ""Vaaranam Aayiram"")",Harris Jayaraj,INS170816331,2017-04-14,369.0,0,-12.1,,30694.0,album,12.0,Sony Music Entertainment India Pvt. Ltd.,Indian Music,Indian Music|Films/Games|Film Scores,0.687,0.43,0.241,0.6,2.49e-06,0.132,0.0407,115.01,-10.31,9.0,1.0,4vlMdXsRpAIXYggwbNHZSv,IN,Person,1975.0,film composer|filmi,2008-09-24,2008-09-24,musicbrainz,2008.0,6503.0,-102,-3.028255465259551,8.780018887869153,Other,Asia,0,0,6.15,4,1.3862943611198906,0.22585750434057586,-1.242868832151639,-1.2646487371196358,1.191631270795984,-0.4981244615395599,-0.32651723205306377,0.04650873316079718,4.760722795095829
538,CRG,Central Cee,1,False,127708446,190486,410,0.1492,,1.0,True,3196387911.0,CRG,Central Cee,USSM12408431,2025-01-24,182.0,1,-8.2,,619102.0,album,17.0,Columbia,Rap/Hip Hop,Rap/Hip Hop,0.948,0.771,0.904,0.191,0.0,0.105,0.266,129.899,-5.205,0.0,1.0,5tgSjvWO685Z0mYKefArMI,GB,Person,1998.0,hip hop|uk drill|grime|drill|trap,2025-01-24,2025-01-24,deezer,2025.0,537.0,128,-1.9024675912124767,6.285998094508865,Rap/Hip Hop,UK/Europe,0,0,3.033333333333333,3,1.0986122886681098,1.8942884472297117,0.5720848116369918,1.5081819355069581,-0.3742714225306103,2.130975785016242,0.23615204063171455,0.32738093934521406,38.73298650624384
539,Seis Pies Abajo,Banda El Recodo,1,False,127478767,139333,491,0.1093,,1.0,True,1523522302.0,Seis Pies Abajo,Banda El Recodo,USJE62110134,2021-10-22,174.0,0,-13.4,,367526.0,album,12.0,Music Club,Latin Music,Latin Music,0.608,0.398,0.965,0.691,0.0,0.0704,0.0312,134.093,-9.131,10.0,1.0,7kZc82Ettd7lid0ie554IB,MX,Orchestra,1938.0,regional mexicano|banda sinaloense|latin|banda,1996-02-27,1996-02-27,musicbrainz,1996.0,11096.0,48,-2.2136588837996443,9.314339961994667,Latin Music,Mexico,0,0,2.9,2,0.6931471805599453,-0.2791464975300828,-1.4131870626537977,1.7632990863821045,1.540035048528796,-0.6089831048696981,0.3946472337031065,0.7394040242418676,109.46867598878156
540,Gone Gone Gone,David Guetta,1,False,127462013,474687,164,0.3724,,1.0,True,3580188661.0,Gone Gone Gone,David Guetta,UKWLG2500132,2025-10-10,198.0,0,-6.7,,935114.0,single,2.0,Atlantic Records UK,Pop,Pop,0.616,0.77,0.537,0.0315,0.0,0.654,0.0329,131.036,-6.048,11.0,0.0,3Dy4xsff7c0fRaTJpA54yd,FR,Person,1967.0,house|dance-pop|dance|electro house|electronic,2025-10-10,2025-10-10,deezer,2025.0,278.0,376,-0.987786733579225,5.627621113690637,Pop,UK/Europe,0,0,3.3,2,0.6931471805599453,-0.22800685177102875,0.5667623669337993,-0.026703218118924114,-0.9849351867985608,-0.5891452423790418,0.2791203368935584,0.3712515800186411,44.954770475632166
541,Lihat Kebunku (Taman Bunga),Aku Jeje,1,False,127284277,726423,86,0.5707,,1.0,True,3557760021.0,Lihat Kebunku (Taman Bunga),Aku Jeje,IDA432500827,2025-09-19,189.0,0,-10.5,,121180.0,single,1.0,Orca Music Club,Alternative,Alternative|Indie Pop,,,,,,,,,,,,,ID,Person,2003.0,,2025-09-19,2025-09-19,deezer,2025.0,299.0,455,-0.5608916014394747,5.700443573390687,Alternative,Asia,0,0,3.15,1,0.0,,,,,,,0.8965396611018734,145.11067594435255
542,JANE DOE,Kenshi Yonezu,1,False,127159380,206154,387,0.1621,,1.0,True,3557642081.0,JANE DOE,Kenshi Yonezu,JPU902502822,2025-09-22,235.0,0,-9.0,,554413.0,single,1.0,Sony Music Labels Inc.,Asian Music,Asian Music,,,,,,,,,,,,,,,,,,2025-09-22,deezer,2025.0,296.0,155,-1.8195418502405067,5.69035945432406,Asian Music,Unknown,0,0,3.9166666666666665,2,0.6931471805599453,,,,,,,-0.3758486974240307,-31.32937743966353
543,Altas Loucurinhas (Uni Duni Tê),Matheus Fernandes,1,False,127139961,11341,726,0.0089,,0.94,True,2074734357.0,Altas Loucurinhas (Uni Duni Tê) (Ao Vivo),Matheus Fernandes,BCDE52200074,2023-01-06,202.0,0,-7.5,,586137.0,album,11.0,Som Livre,Alternative,Alternative,0.857,0.772,0.886,0.245,0.0,0.118,0.0345,128.0,-2.418,9.0,1.0,4aHTiT2CKLElO1wnK6gB4L,,Person,,,,2023-01-06,deezer,2023.0,1286.0,-183,-4.721704002244043,7.1592919047975645,Alternative,Unknown,0,0,3.3666666666666667,2,0.6931471805599453,1.3125749767204729,0.5774072563401843,1.4329014647569147,-0.16752632365619444,-0.5704743129760711,0.16438704977750038,-1.7925760087350358,-83.34693677048858
544,Mist,EsDeeKid,1,False,127087449,388167,207,0.3054,,1.0,True,3399233861.0,Mist,EsDeeKid,US38Y2546906,2025-06-20,130.0,1,-6.2,,808224.0,album,11.0,Lizzy Records,Rap/Hip Hop,Rap/Hip Hop,0.653,0.538,0.65,0.000709,0.00917,0.142,0.162,195.017,-5.197,1.0,1.0,2NLOyWzztMiW5FmNhD83K6,GB,Person,,uk|liverpool|rage|jerk|hardcore hip hop,2025-06-20,2025-06-20,deezer,2025.0,390.0,337,-1.186132886197605,5.966146739123692,Rap/Hip Hop,UK/Europe,0,0,2.1666666666666665,7,1.9459101490553132,0.008514009864596177,-0.6680448042068525,0.4458908482563475,-1.1028220078993414,0.9173653738231509,2.6970223273324603,0.6368951050260798,89.06016372923224
545,Calon Mantu Idaman,Rombongan Bodonk Koplo,1,False,127047489,109811,550,0.0864,,1.0,True,3357886401.0,Calon Mantu Idaman (feat. Ncum),Rombongan Bodonk Koplo,IDAA22500041,2025-05-16,189.0,0,-8.4,,101178.0,single,1.0,WM Indonesia,Dance,Dance,0.822,0.742,0.753,0.529,6.78e-06,0.377,0.0583,129.965,-5.586,3.0,1.0,7s2y9c0OO9JFEzUhOjnMMr,,,,,,2025-05-16,deezer,2025.0,425.0,-5,-2.448767603172127,6.052089168924417,Dance,Unknown,0,0,3.15,1,0.0,1.0888390265246113,0.41773391524441017,0.876662430881595,0.9197997519055485,-0.29274423810688305,0.238646242525542,-0.5101749795634536,-39.96094864495655
546,DÓNDE,Kapo,1,False,126903981,290069,290,0.2286,,1.0,True,3427618651.0,DÓNDE,Kapo,QZDYA1800565,2025-07-03,193.0,1,-8.8,,620134.0,album,15.0,Sony Music Latin/La Industria,African Music,African Music|Rap/Hip Hop|Pop,0.885,0.623,0.633,0.132,0.0,0.217,0.236,92.01,-5.129,9.0,1.0,4zqFA9MOG86u7uugR8QFDU,,Group,,,2025-07-03,2025-07-03,deezer,2025.0,377.0,256,-1.4757815276214268,5.932245187448011,Other,Unknown,0,1,3.216666666666667,3,1.0986122886681098,1.491563736877162,-0.21563700443549316,0.3747926258813066,-0.6001595861156203,1.7808958587105423,-1.1957088011141093,0.300938343565317,35.11260333557751
547,Cannonball,Lithe,1,False,126758701,210920,379,0.1664,,1.0,True,3465740551.0,Cannonball (feat. Don Toliver),Lithe,USAT22505449,2025-07-25,122.0,1,-11.3,,683479.0,single,1.0,P2025,Rap/Hip Hop,Rap/Hip Hop,,,,,,,,,,,,,AU,Person,,hip hop|r&b|alternative|contemporary r&b,2025-07-25,2025-07-25,deezer,2025.0,355.0,168,-1.7933607505950289,5.872117789475416,Rap/Hip Hop,Other,0,0,2.033333333333333,1,0.0,,,,,,,-0.0993874505106167,-9.460815447584602
548,Vitamina,Danny Ocean,1,False,126598065,142681,484,0.1127,,1.0,True,3173957511.0,Vitamina,Danny Ocean,USWL12500012,2025-01-23,157.0,0,-8.4,,547855.0,single,1.0,Atlantic Records,Pop,Pop,0.767,0.7,0.276,0.147,0.0,0.0826,0.0507,101.901,-4.623,7.0,0.0,3z4NtFqazMRBlTI5trJaNi,US,Person,1992.0,reggaeton|latin,2025-01-23,2025-01-23,deezer,2025.0,538.0,64,-2.1830258579364066,6.2878585601617845,Pop,US,0,0,2.6166666666666667,3,1.0986122886681098,0.7372539619311156,0.19419123771032643,-1.1182700439945517,-0.5427303919838381,-0.3814311527709935,-0.8219186354800747,0.04895818474878855,5.017643643038494
549,Nasty Dog,Sir Mix-A-Lot,1,False,126516969,97364,573,0.077,,1.0,True,113510460.0,Nasty Dog,Sir Mix-A-Lot,USLIC0701169,2012-11-13,240.0,1,0.0,,550177.0,album,14.0,American Recordings Catalog P&D,Rap/Hip Hop,Rap/Hip Hop,0.901,0.678,0.802,0.0058,6.37e-05,0.0334,0.166,117.028,-9.62,10.0,0.0,3ZP1AbM0rurWtqQIhTVcln,US,Person,1963.0,hip hop|west coast hip hop|electro|american|pop and chart,1994,1994-01-01,musicbrainz,1994.0,11883.0,-24,-2.563949857128453,9.382864086290027,Rap/Hip Hop,US,0,0,4.0,2,0.6931471805599453,1.59384302839527,0.07709745424009268,1.081592601256713,-1.0833305394110146,0.9640426973305775,-0.2502551196024033,0.3715919880888814,45.00412264878435
550,Rottweiler,EsDeeKid,1,False,126504345,308803,271,0.2441,,1.0,True,3399233871.0,Rottweiler,EsDeeKid,US38Y2546907,2025-06-20,96.0,1,-6.1,,722801.0,album,11.0,Lizzy Records,Rap/Hip Hop,Rap/Hip Hop,0.65,0.89,0.125,0.000272,0.000755,0.416,0.0411,139.984,-4.293,10.0,0.0,7mcxFbFdnFFbWwPflgqqKE,GB,Person,,uk|liverpool|rage|jerk|hardcore hip hop,2025-06-20,2025-06-20,deezer,2025.0,390.0,279,-1.4101773015832226,5.966146739123692,Rap/Hip Hop,UK/Europe,0,0,1.6,7,1.9459101490553132,-0.010663357295049088,1.2054557313168952,-1.7497895486199146,-1.1044951117550472,-0.4934567291888173,0.6172736481960907,0.41285068964046223,51.111938331059584
551,Vale la Pena,Juan Luis Guerra 4.40,1,False,126491794,106680,555,0.0843,,1.0,True,1857077897.0,Vale la Pena,Juan Luis Guerra 4.40,USJ3V1861919,1998-01-01,207.0,0,-11.0,,509800.0,album,11.0,Karen Publishing Company,Latin Music,Latin Music,0.73,0.916,0.969,0.244,1.73e-05,0.0349,0.0496,129.432,-6.177,11.0,0.0,7uC9TpGGHrAssX8NUKBqed,DO,Group,1984.0,latin pop|latin|bachata|salsa|merengue,2021-08-16,1998-01-01,deezer,1998.0,10422.0,-4,-2.4733734139743273,9.25167423546916,Latin Music,Latin America (other),0,1,3.45,1,0.0,0.5007331002954906,1.3438392935998993,1.7800280798821142,-0.17135493659831325,-0.39426741673553584,0.21850367268599633,0.4955080542585488,64.13319129313875
552,Dawn,Dario Marianelli,1,False,126429525,47174,674,0.0373,,0.94,True,427235572.0,Just Before The Dawn,Dario Marianelli,DEN961730718,2017-11-17,134.0,0,-20.8,119.84,110899.0,album,19.0,Deutsche Grammophon (DG),Films/Games,Films/Games|Film Scores,0.187,0.00978,0.0305,0.955,0.856,0.111,0.0444,59.225,-27.183,0.0,0.0,0oM4QVXAM1WxuGgF8yMgFW,IT,Person,1963.0,cinematic classical|italian|european|film composer|academy award winner,2005-09-19,2005-09-19,musicbrainz,2005.0,7604.0,-122,-3.2887619523323672,8.93642970360832,Other,UK/Europe,0,0,2.2333333333333334,1,0.0,-2.9703703556002994,-3.4794665453271767,-2.145012020057642,2.5507888652481623,-0.45494793729519034,-2.434684696403952,-0.24568578217219894,-21.78320425667517
553,CEREMONY,Stray Kids,1,False,126283707,178078,430,0.141,,1.0,True,3516241231.0,CEREMONY,Stray Kids,US5TA2500179,2025-08-22,164.0,0,-5.8,,726614.0,album,11.0,Republic Records - Stray Kids,Asian Music,Asian Music,0.891,0.649,0.697,0.00555,0.0,0.115,0.102,121.067,-2.614,1.0,1.0,2nI4GpF0GVcYAtZBtw2zKp,KR,Group,2017.0,k-pop|boy group|boy band|electropop|pop rap,2025-08-22,2025-08-22,deezer,2025.0,327.0,123,-1.9589953886039688,5.7899601708972535,Asian Music,Asia,0,1,2.7333333333333334,3,1.0986122886681098,1.5299184711964524,-0.07725344215248894,0.6424565218814602,-1.0842876926465441,0.21720552121175216,-0.09761752188772718,-0.37857053310529687,-31.516033451671188
554,Death with Dignity,Sufjan Stevens,1,False,126220303,37409,692,0.0296,,1.0,True,96861530.0,Death with Dignity,Sufjan Stevens,US64G1509901,2015-03-31,240.0,0,-19.3,170.1,634425.0,album,11.0,Asthmatic Kitty,Alternative,Alternative,0.514,0.16,0.395,0.986,0.0176,0.113,0.0383,169.898,-21.04,4.0,1.0,73uJybGAhwGRD9MZYrOmTY,US,Person,1975.0,indie folk|chamber pop|art pop|singer-songwriter|indietronica,2015-03-31,2015-03-31,deezer,2015.0,4124.0,-138,-3.519980917652122,8.32457884513685,Alternative,US,0,0,4.0,3,1.0986122886681098,-0.8800373351989671,-2.6799289020136046,-0.6205824873692656,2.6694758664538463,-0.5261308556440158,1.7477517611044429,-0.38404521221993804,-31.889936758819005
555,Picture Of You,Boyzone,1,False,126014866,37733,690,0.0299,,1.0,True,90946461.0,Picture Of You,Boyzone,IEAAA9700014,2014-12-08,208.0,0,-10.6,116.8,599659.0,album,15.0,Polydor Records,Pop,Pop,0.764,0.925,0.852,0.0946,1.54e-06,0.345,0.0415,116.656,-4.921,0.0,1.0,5xDO2LO6t5V5ZM5Y9dwmXn,IE,Group,1993.0,pop|irish|ballad|boy band|classic pop and rock,1996-10-28,1996-10-28,musicbrainz,1996.0,10852.0,-135,-3.5098967985854963,9.292104673778823,Pop,UK/Europe,0,1,3.466666666666667,1,0.0,0.7180765947714702,1.3917412959286315,1.2907050200068328,-0.7433497101508638,-0.4887889968380746,-0.2643133484585211,-0.5511950126226322,-42.37392401315133
556,"Shararat (From ""Dhurandhar"")",Shashwat Sachdev,1,False,125971050,483145,160,0.3835,,1.0,True,3693956452.0,"Shararat (From ""Dhurandhar"")",Shashwat Sachdev,INH102507032,2025-12-01,224.0,0,-9.1,,219920.0,single,1.0,Saregama India Ltd,,,,,,,,,,,,,,,IN,Person,,,2025-12-01,2025-12-01,deezer,2025.0,226.0,396,-0.9584156581748261,5.420534999272286,Other,Asia,0,0,3.7333333333333334,2,0.6931471805599453,,,,,,,0.13716460694332044,14.70169399342025
557,Chaparrita,Standly,1,False,125874104,129424,510,0.1028,,1.0,True,3205680091.0,Chaparrita,Standly,US7VG2592847,2025-01-30,158.0,0,-7.9,,461111.0,album,18.0,Standly,Latin Music,Latin Music,0.81,0.814,0.669,0.0897,0.0,0.154,0.0577,100.004,-3.813,10.0,0.0,1OhT39hHs7Hi6sFNaIpcjJ,,Person,2002.0,,,2025-01-30,deezer,2025.0,531.0,47,-2.2749699259610723,6.274762021241939,Latin Music,Unknown,0,0,2.6333333333333333,2,0.6931471805599453,1.012129557886031,0.8009499338742674,0.5253535673813933,-0.762109913567246,-0.299745836632997,-0.893608044458718,-0.058083109743573225,-5.642847580944277
559,I Ain't Sayin',Jordan Davis,1,False,125268576,175827,433,0.1404,,1.0,True,2896913481.0,I Ain't Sayin',Jordan Davis,USUM72408405,2024-07-26,174.0,0,-8.2,,439153.0,single,1.0,MCA Nashville,Country,Country,0.609,0.918,0.917,0.393,0.0,0.133,0.0459,76.994,-4.559,8.0,1.0,7qkwvCrFTBmstWk2qEgcag,US,Person,1988.0,country|country pop,2024-07-26,2024-07-26,deezer,2024.0,719.0,126,-1.9632597873904263,6.577861357721047,Country,US,0,0,2.9,1,0.0,-0.272754041810201,1.3544841830062844,1.5625511643819894,0.39910839177738994,-0.43744394097990535,-1.7631775228976163,0.5656501481639833,76.05920564007856
560,Never Getting Laid,Sabrina Carpenter,1,False,125097912,179323,428,0.1433,,1.0,True,3529873541.0,Never Getting Laid,Sabrina Carpenter,USUM72504444,2025-08-29,208.0,1,-8.2,,603581.0,album,12.0,Island Records,Pop,Pop,0.573,0.554,0.319,0.546,1.05e-06,0.131,0.0307,92.068,-6.021,9.0,1.0,1PdUyYYw9sGU0yhLrpeHKt,US,Person,1999.0,pop|electropop|dance-pop|2020s|american,2025-08-29,2025-08-29,deezer,2025.0,320.0,132,-1.9428149441480107,5.768320995793772,Pop,US,0,0,3.466666666666667,14,2.6390573296152584,-0.5028824477259443,-0.582885688955773,-0.9384333638694483,0.9848861719215684,-0.6148177703081263,-1.1935169267225643,-0.3922494202017319,-32.44643992796124
561,Gil,Milo j,1,False,124407246,436658,182,0.351,,1.0,True,3567647221.0,Gil,Milo j,ARZA12500013,2025-09-25,233.0,0,-9.0,,652848.0,album,15.0,Sony Music Latin,Alternative,Alternative,,,,,,,,,,,,,AR,Person,2006.0,alternative rock|latin rock|trap,2025-09-25,2025-09-25,deezer,2025.0,293.0,379,-1.0469690555162714,5.680172609017068,Alternative,Latin America (other),0,0,3.8833333333333333,4,1.3862943611198906,,,,,,,0.3828788067024802,46.65002892922476
562,Eu Mereço Ser Feliz,Mumuzinho,1,False,124156564,58744,646,0.0473,,0.94,True,1084355132.0,Eu Mereço Ser Feliz (Ao Vivo),Mumuzinho,BRUM72002336,2020-09-25,176.0,0,-8.9,,331284.0,album,9.0,Universal Music Ltda.,Brazilian Music,Brazilian Music,0.659,0.754,0.822,0.262,0.0,0.161,0.104,113.267,-6.268,7.0,1.0,5uYWYirqNeTqTkbBBYRmVT,BR,Person,,,2018-10-26,2018-10-26,musicbrainz,2018.0,2819.0,-84,-3.0512449834842497,7.9441374911141125,Brazilian Music,Brazil,0,0,2.933333333333333,1,0.0,0.04686874418388671,0.4816032516827198,1.1652375687567607,-0.10243990364017456,0.24054418296546548,-0.39238683661277723,0.08595733808418204,8.975983607102368
563,OJITOS MENTIROSOS,Chino Pacas,1,False,124097643,216674,373,0.1746,,1.0,True,3449209881.0,OJITOS MENTIROSOS,Chino Pacas,QT4HX2500085,2025-08-01,169.0,0,-8.1,,448837.0,album,13.0,Streetmob Records,Latin Music,Latin Music,0.717,0.632,0.755,0.55,0.0,0.16,0.0289,106.907,-5.924,7.0,0.0,1MPs1qa830QkHuyAOnaRqe,MX,Person,2007.0,,2025-08-01,2025-08-01,deezer,2025.0,348.0,190,-1.7452576355766352,5.8522024797744745,Latin Music,Mexico,0,0,2.816666666666667,1,0.0,0.4176311759370278,-0.16773500210676093,0.8850269276315998,1.0002006236900436,-0.6358225658864683,-0.6327372009270489,-0.07879549402584907,-7.577108454577363
564,bloodonmyhands,Tate McRae,1,False,124023923,100546,567,0.0811,,1.0,True,3240044371.0,bloodonmyhands (feat. Flo Milli),Tate McRae,USRC12403578,2025-02-21,162.0,1,-7.4,,574046.0,album,15.0,RCA Records Label,Pop,Pop,0.572,0.707,0.375,0.302,0.0,0.174,0.0552,72.49,-4.771,11.0,0.0,5XEiB0fnWSZpBhE2t7sumF,CA,Person,2003.0,pop|dance-pop|2020s|female vocals|pop rock,2025-02-13,2025-02-13,musicbrainz,2025.0,517.0,-3,-2.5120723178607696,6.248042874508429,Pop,Canada,0,0,2.7,10,2.302585092994046,-0.5092749034458259,0.23144835063267372,-0.7042274548693137,0.05070461404457788,-0.32891916382513864,-1.9333879066824402,-0.3264547316296933,-27.85229656010497
565,LA NETA,Clave Especial,1,False,123802145,213388,377,0.1724,,1.0,True,3240204101.0,LA NETA,Clave Especial,USWL12500625,2025-02-20,186.0,1,-9.1,,430697.0,album,16.0,WEA Latina,Latin Music,Latin Music,0.791,0.804,0.512,0.0684,0.0,0.513,0.0318,112.523,-5.287,4.0,0.0,2HXCXjTJZbjxr8IvfDSeNC,US,Group,,,2025-02-20,2025-02-20,deezer,2025.0,510.0,188,-1.7579379207525443,6.234410725718371,Latin Music,US,0,1,3.1,4,1.3862943611198906,0.8906728992082776,0.7477254868423433,-0.1312594274939843,-0.8436593692343767,-0.601981506343584,-0.4205032943250128,0.41148255711996673,50.905338534170056
566,Ava Enna,Harris Jayaraj,1,False,123729585,64582,632,0.0522,,1.0,True,13252888.0,Ava Enna,Harris Jayaraj,INS170816335,2008-10-08,317.0,0,-10.4,,155823.0,album,7.0,Sony Music Entertainment India Pvt. Ltd.,Indian Music,Indian Music|Films/Games|Film Scores,0.594,0.454,0.705,0.497,3.83e-05,0.0736,0.0755,133.825,-9.422,5.0,0.0,1wIfq9Zul77qAtokyLTlXr,IN,Person,1975.0,film composer|filmi,2008-09-24,2008-09-24,musicbrainz,2008.0,6503.0,-66,-2.952672784093544,8.780018887869153,Other,Asia,0,0,5.283333333333333,4,1.3862943611198906,-0.3686408776084274,-1.1151301592750198,0.6759145088814794,0.7972841377577464,-0.0920317470249488,0.384519262376656,0.12209141432680415,12.985738221157073
567,Perdedor,Intocable,1,False,123314222,122588,524,0.0994,,1.0,True,16928597.0,Perdedor,Intocable,USEL19800125,2012-03-23,256.0,0,-10.4,124.5,443181.0,album,15.0,Capitol Latin,Latin Music,Latin Music,0.628,0.44,0.724,0.238,1.64e-06,0.0739,0.0454,124.11,-11.807,9.0,1.0,5sHOBcNrTIwLllx5BqLl8e,US,Group,,alternative country|latin|norteño|tejano|regional mexicano,1998-06-16,1998-06-16,musicbrainz,1998.0,10256.0,43,-2.308603165319609,9.23561817916045,Latin Music,US,0,1,4.266666666666667,3,1.0986122886681098,-0.1512973831324477,-1.1896443851197143,0.7553772280065252,-0.19432661425102615,-0.44327860641833366,0.0173803017928279,0.6642913857302934,94.31131156883883
568,Paris,Nono La Grinta,1,False,123237335,353813,228,0.2871,,1.0,True,3294048841.0,Paris,Nono La Grinta,FR9W12431939,2025-04-02,172.0,1,-9.3,,991921.0,single,1.0,MPR Records,Rap/Hip Hop,Rap/Hip Hop,0.831,0.854,0.358,0.12,0.0,0.147,0.0967,124.003,-5.52,5.0,0.0,6ctcVdXaJKn5LVFDjMBqzc,FR,Person,,,2025-04-02,2025-04-02,deezer,2025.0,469.0,340,-1.2479246918551188,6.150602768446279,Rap/Hip Hop,UK/Europe,0,0,2.8666666666666667,1,0.0,1.1463711280035471,1.0138477220019662,-0.7753256772443546,-0.6461029414210461,0.15535806756441198,0.013336671449804802,0.8183924054355396,126.6852726658243
569,TU COQUETTE,Clave Especial,1,False,123083892,72895,615,0.0592,,1.0,True,2765143531.0,TU COQUETTE,Clave Especial,USWL12401445,2024-05-03,142.0,0,-9.5,,327805.0,single,1.0,WEA Latina,Latin Music,Latin Music,0.783,0.716,0.655,0.121,1.26e-06,0.129,0.0397,143.131,-4.484,1.0,1.0,6fEGEvOAyszsJjQeLjK6PW,US,Group,,,2025-02-20,2024-05-03,deezer,2024.0,803.0,-46,-2.8268337370921772,6.688354713946762,Latin Music,US,0,1,2.3666666666666667,4,1.3862943611198906,0.8395332534492236,0.2793503529614059,0.46680209013135954,-0.6422743284789272,-0.5097937924164165,0.7362017294063125,-0.20277890085432704,-18.35412601992965
570,Se Eu Te Perdoar,Clayton & Romário,2,True,122898353,227165,358,0.1848,,0.94,True,3537838651.0,Se Eu Te Perdoar (Ao Vivo),Clayton & Romário,BCYWS2400048,2025-09-11,164.0,0,-7.4,,836049.0,single,1.0,WM Brazil,Brazilian Music,Brazilian Music,,,,,,,,,,,,,,Group,,,,2025-09-11,deezer,2025.0,307.0,212,-1.6884811197745533,5.726847747587197,Brazilian Music,Unknown,1,1,2.7333333333333334,3,1.0986122886681098,,,,,,,-0.19494241255828126,-17.711795563665166
571,DON'T KILL THE PARTY,Ty Dolla $ign,1,False,122879579,392778,203,0.3196,,1.0,True,3606605812.0,DON'T KILL THE PARTY (feat. Quavo & Juicy J),Ty Dolla $ign,USAT22504301,2025-10-17,132.0,1,-8.9,,601182.0,album,15.0,Atlantic Records,Rap/Hip Hop,Rap/Hip Hop,0.941,0.535,0.468,0.0108,0.0,0.148,0.113,124.042,-5.974,11.0,1.0,4YmsnZcxHEGEqHB3K0vdt0,US,Person,1985.0,hip hop|pop rap|rap|r&b|english,2025-09-19,2025-09-19,musicbrainz,2025.0,299.0,368,-1.1406850650900175,5.700443573390687,Rap/Hip Hop,US,0,0,2.2,1,0.0,1.8495412571905394,-0.6840121383164299,-0.31527835599409004,-1.0641874747004205,0.34556816085717534,0.014810518023430108,0.3167461974513306,37.26541445911175
572,Antara Ada dan Tiada,Utopia,1,False,122761183,95429,576,0.0777,,1.0,True,473695992.0,Antara Ada Dan Tiada,Utopia,IDA040368105,2003-01-03,242.0,0,-9.2,166.04,75921.0,album,9.0,Aquarius Musikindo,Pop,Pop,0.501,0.709,0.252,0.074,0.0,0.326,0.0441,82.993,-5.569,1.0,0.0,2mDviWBPhnfsnrB3TB2KRO,US,Group,1974.0,progressive rock|rock|70s|80s|experimental,2004,2003-01-03,deezer,2003.0,8594.0,-4,-2.5549000216085354,9.058819564334941,Pop,US,0,1,4.033333333333333,1,0.0,-0.9631392595574298,0.24209324003905866,-1.2186440049946095,-0.8222191367585113,-0.45844873655824736,-1.5364696871238246,0.4607113435313299,58.52012066502401
573,Periódico de Ayer,Héctor Lavoe,1,False,122624223,94327,578,0.0769,,1.0,True,688751902.0,Periódico De Ayer,Héctor Lavoe,USDBB0600366,2019-06-01,407.0,0,-9.0,131.67,573803.0,album,27.0,Fania,Latin Music,Latin Music,0.464,0.635,0.719,0.0919,4.05e-05,0.165,0.03,100.222,-8.03,5.0,0.0,6b6KXxJ06DwpVDxdGmIQhW,PR,Person,1946.0,salsa|latin|bolero,1976,1976-01-01,musicbrainz,1976.0,18458.0,-5,-2.565249402470539,9.823253159825523,Latin Music,Latin America (other),0,0,6.783333333333333,1,0.0,-1.1996601211930544,-0.15176766799718353,0.7344659861315131,-0.7536869650945848,-0.6229863019219261,-0.8853696200215311,0.2579345557095878,29.425411431043692
574,Pahina,Cup of Joe,1,False,122599042,337072,240,0.2749,,1.0,True,3177261271.0,Pahina,Cup of Joe,PHV032513047,2025-01-17,249.0,0,-7.8,,257505.0,album,10.0,Viva Records,Pop,Pop,0.582,0.655,0.404,0.725,0.0,0.272,0.0513,160.068,-6.788,7.0,1.0,0jGL1ApJ7QrVWL7nRqLdij,PH,Group,,,2025-01-17,2025-01-17,deezer,2025.0,544.0,334,-1.2913478838109371,6.298949246855942,Pop,Asia,0,1,4.15,1,0.0,-0.4453503462470084,-0.04531877393333413,-0.5829422519942439,1.6702078885608356,-0.37442955424487956,1.3762668426753097,0.9533036354151287,159.42660270973965
575,I'm A Little Crazy,Morgan Wallen,1,False,122512978,151627,467,0.1238,,1.0,True,3278158621.0,I'm A Little Crazy,Morgan Wallen,USUG12501631,2025-03-21,199.0,0,-8.7,,482069.0,single,1.0,Mercury Records/Morgan Wallen,Country,Country,0.641,0.34,0.317,0.799,5.34e-06,0.213,0.0373,149.707,-7.585,9.0,1.0,2zIl3eEUd51KdtqGyJw1sg,US,Person,1993.0,country|country pop|2020s|racist,2025-03-21,2025-03-21,deezer,2025.0,481.0,108,-2.0890879187316416,6.175867270105761,Country,US,0,0,3.316666666666667,9,2.1972245773362196,-0.06819545877398489,-1.7218888554389606,-0.9467978606194531,1.9535252462776278,-0.5378001865208725,0.9847149362822007,0.008917787326127247,0.8957669256226319
576,Guasto D'Amore,Bresh,1,False,122381048,69230,622,0.0566,,1.0,True,2125500317.0,Guasto D'Amore,Bresh,ITB002300119,2023-01-27,200.0,0,-10.7,,411008.0,single,1.0,Epic,Pop,Pop,0.545,0.597,0.707,0.241,0.0,0.107,0.0308,103.848,-7.878,8.0,1.0,4CQNELF3U3gyNcI6sLr6yK,IT,Person,1996.0,,2023-01-27,2023-01-27,deezer,2023.0,1265.0,-46,-2.871746293773,7.142827401161621,Pop,UK/Europe,0,0,3.3333333333333335,1,0.0,-0.6818712078826327,-0.3540205667184974,0.6842790056314842,-0.1828407754246697,-0.6136508372204407,-0.7483396796121679,0.049268779222545245,5.050266608795151
577,Dead Girl Walking,Kevin Murphy,1,False,122149867,71547,618,0.0586,,0.94,True,3376090911.0,Dead Girl Walking (Reprise),Kevin Murphy,US6W61422239,2025-06-06,164.0,1,-11.9,,389205.0,album,27.0,Yellow Sound Label,Films/Games,Films/Games|Film Scores,0.745,0.6,0.706,0.403,0.0,0.0595,0.18,110.275,-7.285,8.0,1.0,0ZwCQw4tzcMGq8wZpx1KjX,US,Person,1967.0,,,2025-06-06,deezer,2025.0,404.0,-41,-2.83702058239917,6.0014148779611505,Other,US,0,0,2.7333333333333334,2,0.6931471805599453,0.5966199360937169,-0.33805323260891995,0.6800967572564819,0.4373945211985781,1.1274133296065703,-0.5054573224662833,-0.9662037453361523,-61.94751310983537
578,OLIMPO,Milo j,1,False,122087262,263877,313,0.2161,,1.0,True,3227161741.0,OLIMPO,Milo j,UYB282558375,2025-02-12,169.0,0,-7.7,,488324.0,album,20.0,DALE PLAY Records,Latin Music,Latin Music,0.572,0.69,0.644,0.594,3.44e-05,0.336,0.0507,82.436,-4.326,3.0,1.0,6tt6JnKerLnOL0oez9QPqS,AR,Person,2006.0,alternative rock|latin rock|trap,2025-02-12,2025-02-12,deezer,2025.0,518.0,265,-1.5320140154692967,6.249975242259483,Latin Music,Latin America (other),0,0,2.816666666666667,4,1.3862943611198906,-0.5092749034458259,0.14096679067840173,0.42079735800633306,1.168659593143271,-0.3814311527709935,-1.5575192394702155,0.6558861758214887,92.6849288266034
579,With You,Davido,1,False,122086288,135450,499,0.1109,,1.0,True,3324595541.0,With You (feat. Omah Lay),Davido,GBARL2401834,2025-04-18,136.0,0,-8.7,,632570.0,album,17.0,Columbia,R&B,R&B,,,,,,,,,,,,,NG,Person,1992.0,afrobeat|electronic|hip hop|nigeria|davido,2025-04-18,2025-04-18,deezer,2025.0,453.0,80,-2.1991263846258158,6.115892125483034,R&B,Other,0,0,2.2666666666666666,1,0.0,,,,,,,-0.17710718520418478,-16.231000826195718
580,HEAVY LOVE,Odetari,1,False,122036755,137105,497,0.1123,,1.0,True,3207524711.0,HEAVY LOVE,Odetari,QZZ4J2500018,2025-02-05,142.0,1,-5.8,,610360.0,single,3.0,"APG, Inc. - Odetari II",Electro,Electro,0.508,0.695,0.117,0.00189,0.0,0.182,0.034,117.96,-4.141,1.0,1.0,00sYArtNakKfJoxUtt8DAH,US,Person,2000.0,krushclub|electronic|rage|cloud rap|jersey club,2025-02-05,2025-02-05,deezer,2025.0,525.0,83,-2.18658141723774,6.263398262591624,Electro,US,0,0,2.3666666666666667,1,0.0,-0.9183920695182576,0.16757901419436408,-1.783247535619934,-1.098300416014699,-0.5763089784144994,-0.2150339655865388,0.017083485270973142,1.7230242522837669
581,"Sitaare (From ""Ikkis"")",Arijit Singh,1,False,122029712,604945,111,0.4957,,1.0,True,3693796662.0,"Sitaare (From ""Ikkis"")",Arijit Singh,INS172515504,2025-12-03,242.0,0,-7.4,,295931.0,single,1.0,Sony Music Entertainment India Pvt. Ltd.,Films/Games,Films/Games|Film Scores|Bollywood,,,,,,,,,,,,,IN,Person,1987.0,bollywood|filmi|indian pop|gaana,2025-12-26,2025-12-03,deezer,2025.0,224.0,470,-0.7017843739556089,5.4116460518550396,Other,Asia,0,0,4.033333333333333,1,0.0,,,,,,,0.38324050975667423,46.70308228678843
582,Caos de Alguém (Ao Vivo),Felipe e Rodrigo,1,False,121410476,233726,349,0.1925,,1.0,True,3771563402.0,Caos De Alguém (Ao Vivo),Felipe e Rodrigo,BKMKR2500024,2025-07-18,154.0,0,-7.9,,745134.0,single,1.0,MK Records,Brazilian Music,Brazilian Music,0.68,0.826,0.64,0.443,0.0,0.84,0.0362,123.94,-5.363,9.0,0.0,6zxthXT7GUBX83vRmQiN3x,BR,Group,,,,2025-07-18,deezer,2025.0,362.0,233,-1.647659125254298,5.8916442118257715,Brazilian Music,Brazil,0,1,2.566666666666667,1,0.0,0.18111031430140356,0.8648192703125771,0.40406836450632344,0.5905390388833306,-0.5506364504854148,0.010955842369333153,0.07324985089171898,7.599934272788866
583,Die In a Fire,The Living Tombstone,1,False,121299352,63531,636,0.0524,,1.0,True,99189578.0,Die In a Fire (feat. EileMonty & Orko),The Living Tombstone,USDHM1511744,2015-04-24,185.0,0,-7.5,110.0,523006.0,single,2.0,The Living Tombstone,Dance,Dance|Pop,0.535,0.672,0.521,0.0275,0.0,0.327,0.0699,110.048,-4.417,3.0,0.0,1SXuOan5v9G1mM7X0ieXrM,IL,Group,2011.0,electronic|edm|pop|dance|songs based on games,2015-04-24,2015-04-24,deezer,2015.0,4100.0,-53,-2.9488486876551407,8.318742252692399,Dance,Other,0,1,3.0833333333333335,3,1.0986122886681098,-0.7457957650814502,0.04516278602093786,-0.09361919211896264,-1.000249638567036,-0.15737999993534593,-0.5140358653435382,0.18749490462958773,20.622410324671602
584,Ese,Conjunto Primavera,1,False,121187983,105064,557,0.0867,,0.94,True,378639171.0,Ese Señor de las Canas,Conjunto Primavera,USSD11700219,2017-06-30,166.0,0,-10.9,149.8,18960.0,album,12.0,Sony Music Latin,,,0.546,0.624,0.88,0.453,0.0,0.0453,0.0461,150.3,-5.456,10.0,1.0,32jY6n8TEYT6iEnBAVwSQs,MX,Group,1978.0,norteño|regional mexicano|norteño-sax,2006,2006-01-01,musicbrainz,2006.0,7500.0,27,-2.445301395195641,8.922658299524402,Other,Mexico,0,1,2.7666666666666666,4,1.3862943611198906,-0.6754787521627509,-0.2103145597323007,1.4078079745069003,0.6288251683045187,-0.435110074804534,1.0071249623888623,0.6007306101555652,82.34505453246679
585,cliché,mgk,1,False,120864596,182808,420,0.1513,,1.0,True,3765803762.0,cliché,Machine Gun Kelly,USUG12503219,2026-01-09,176.0,0,-6.2,,625536.0,album,14.0,"EST 19XX, LLC, under exclusive license to Interscope Records",Alternative,Alternative,0.705,0.734,0.455,0.00245,0.0,0.0557,0.0341,104.989,-4.889,2.0,1.0,4Ysgk0Twt12BUhykX1JzlE,IT,Group,2000.0,hard rock,,2026-01-09,deezer,2026.0,187.0,165,-1.888490658187827,5.231108616854587,Alternative,UK/Europe,0,1,2.933333333333333,2,0.6931471805599453,0.34092170729844673,0.3751543576188704,-0.3696475848691213,-1.0961563927671125,-0.5751420453268138,-0.7052202195991828,-0.9992457343137148,-63.184297531669344
586,dandelion,Ariana Grande,1,False,120852575,176257,432,0.1458,,1.0,True,3307827091.0,dandelion,Ariana Grande,USUM72501917,2025-04-04,205.0,0,-8.8,,221218.0,album,38.0,Republic Records,Pop,Pop,0.603,0.467,0.357,0.649,0.0,0.192,0.0878,169.802,-7.456,10.0,0.0,5G6fY8QYk5azqSRGI9FMpa,US,Person,1993.0,pop|r&b|dance-pop|contemporary r&b|dance,2025-03-27,2025-03-27,musicbrainz,2025.0,475.0,154,-1.9255194594075793,6.163314804034641,Pop,US,0,0,3.4166666666666665,3,1.0986122886681098,-0.31110877612949156,-1.0459383781335176,-0.779507925619357,1.379233304959806,0.051501022760387954,1.7441238310770575,0.15680325625418878,16.976544722392163
587,Next Summer,Damiano David,1,False,120436843,100495,568,0.0834,,1.0,True,3254673641.0,Next Summer,Damiano David,ITB002500107,2025-02-28,165.0,1,-6.5,,877365.0,single,1.0,Sony Music Italy / Arista Records,Pop,Pop|Rock,0.419,0.655,0.469,0.0625,0.0,0.0954,0.0349,134.851,-4.217,11.0,1.0,6xZCDUaY4XzlhCSHKSW7rf,IT,Person,1999.0,,2025-02-28,2025-02-28,deezer,2025.0,502.0,19,-2.484106969617436,6.218600119691729,Pop,UK/Europe,0,0,2.75,2,0.6931471805599453,-1.4873206285877334,-0.04531877393333413,-0.31109610761908785,-0.8662481855928778,-0.5658065806253284,0.4232927645443361,-0.3336791988521899,-28.371647004786272
588,i miss you,Beéle,1,False,120314594,90791,585,0.0755,,1.0,True,3041964151.0,i miss you,Beele,QZ7B82400152,2024-10-17,175.0,0,-9.1,,530534.0,ep,6.0,5020 Records,Rap/Hip Hop,Rap/Hip Hop,0.511,0.549,0.108,0.156,0.0,0.213,0.0788,124.041,-4.845,10.0,0.0,65oSp7rdpLddlRGUgogU24,CO,Person,2003.0,latin|reggaeton|trap latino,2025-05-15,2024-10-17,deezer,2024.0,636.0,3,-2.583622622727158,6.455198563340122,Rap/Hip Hop,Latin America (other),0,0,2.9166666666666665,7,1.9459101490553132,-0.8992147023586123,-0.6094979124717353,-1.8208877709949556,-0.5082728755047687,-0.053522955131321916,0.014772727085644666,-0.17174330693323903,-15.780466887345291
589,no song without you,HONNE,1,False,120300619,18916,720,0.0157,,1.0,True,986616972.0,no song without you,HONNE,GBAHS2000332,2020-06-12,161.0,0,-9.6,,340523.0,single,1.0,Atlantic Records UK,Electro,Electro,0.778,0.462,0.817,0.463,0.583,0.11,0.0359,105.45,-12.729,0.0,1.0,3KKUf8F2hktFscLgbH4YwR,GB,Group,2014.0,,2020-06-12,2020-06-12,deezer,2020.0,2224.0,-131,-4.154094566627875,7.707062655370473,Electro,UK/Europe,0,1,2.683333333333333,2,0.6931471805599453,0.8075709748498149,-1.07255060164948,1.1443263268817487,0.6671112977257069,-0.5541372497484718,-0.6877985972801767,-1.0461832389745247,-64.8724069992864
590,Desesperada,Marta Sánchez,1,False,120223324,55862,654,0.0465,,1.0,True,1571804002.0,Desesperada,Marta Sánchez,ES5709904443,2021-12-08,226.0,0,-8.2,,409864.0,album,50.0,UME - Global Clearing House,Pop,Pop|Latin Music,0.771,0.935,0.872,0.00861,8.17e-06,0.063,0.0729,98.226,-4.805,6.0,0.0,23IeExfdx0x6ARkuVxO19T,ES,Person,1966.0,pop|dance-pop,1993,1993-01-01,musicbrainz,1993.0,12248.0,-64,-3.0683029663888264,9.41311793733752,Pop,UK/Europe,0,0,3.7666666666666666,1,0.0,0.7628237848106426,1.4449657429605562,1.374349987506881,-1.0725721370436605,-0.12237200730477597,-0.9608003318409156,-0.14054921420683186,-13.11190974039248
591,Wait For You,Myles Smith,1,False,120201809,139967,489,0.1164,,1.0,True,2933989291.0,Wait For You,Myles Smith,GBARL2401092,2024-08-23,201.0,0,-6.3,,648118.0,single,2.0,RCA Records Label,Singer & Songwriter,Singer & Songwriter,0.642,0.713,0.302,0.161,0.0,0.137,0.0451,123.943,-5.281,6.0,1.0,313BD5BCKUw6EdOuYhBX5f,GB,Person,1998.0,folk pop|stomp and holler,2024-08-23,2024-08-23,deezer,2024.0,691.0,102,-2.1507227436847995,6.53813982376767,Other,UK/Europe,0,0,3.35,1,0.0,-0.06180300305410313,0.2633830188518285,-1.0095315862444891,-0.48912981079417467,-0.4467794056813907,0.011069215182688946,0.3416260094912369,40.72339069628892
593,1000COSAS,Lola Indigo,1,False,119992125,33537,701,0.0279,,1.0,True,2683558882.0,1000COSAS,Lola Indigo,ESUM72400225,2024-03-07,239.0,0,-7.3,,492220.0,single,1.0,Universal Music Spain S.L.,Pop,Pop|Latin Music,0.697,0.74,0.331,0.0132,0.000155,0.117,0.0397,131.938,-4.717,6.0,0.0,6oG4QoULFcDMZBbZJwRV1m,ES,Person,1992.0,latin pop|reggaeton|electropop|dance-pop|funk carioca,2024-03-07,2024-03-07,deezer,2024.0,860.0,-108,-3.579128590154817,6.756932389247553,Pop,UK/Europe,0,0,3.9833333333333334,2,0.6931471805599453,0.2897820615393927,0.40708902583802525,-0.8882463833694194,-1.0549988036393352,-0.5097937924164165,0.31320776277586504,-0.9007515653268161,-59.373578912183255
594,Ride,Sir Mix-A-Lot,1,False,119875119,66467,626,0.0554,,1.0,True,113510444.0,Ride,Sir Mix-A-Lot,USLIC0701161,2012-11-13,217.0,1,-12.4,,496209.0,album,14.0,American Recordings Catalog P&D,Rap/Hip Hop,Rap/Hip Hop,0.917,0.846,0.902,0.0123,1.23e-05,0.0513,0.12,129.493,-7.6,6.0,1.0,4KWippXlkZ5x2RdNKGQfAe,US,Person,1963.0,hip hop|west coast hip hop|electro|american|pop and chart,1994-07-19,1994-07-19,musicbrainz,1994.0,11684.0,-32,-2.893175685228899,9.365975663507632,Rap/Hip Hop,US,0,0,3.6166666666666667,2,0.6931471805599453,1.6961223199133781,0.9712681643764265,1.4998174387569534,-1.0584445552872424,0.42725347699517174,0.22080891989089763,0.0467015604444434,4.780925468455943
595,We Almost Broke Up Again Last Night,Sabrina Carpenter,1,False,119467718,203820,392,0.1706,,1.0,True,3529873521.0,We Almost Broke Up Again Last Night,Sabrina Carpenter,USUM72504442,2025-08-29,203.0,1,-8.3,,655258.0,album,12.0,Island Records,Pop,Pop,0.353,0.566,0.274,0.526,0.0,0.247,0.0323,175.972,-5.123,4.0,1.0,6wkYQMrFfb0huLB5Qn19Iv,US,Person,1999.0,pop|electropop|dance-pop|2020s|american,2025-08-29,2025-08-29,deezer,2025.0,320.0,203,-1.7684336439245583,5.768320995793772,Pop,US,0,0,3.3833333333333333,14,2.6390573296152584,-1.909222706099929,-0.5190163525174639,-1.1266345407445564,0.9083139130791921,-0.5961468409051557,1.9772939172121298,-0.21786811997827948,-19.576850325960837
596,Beautiful Strangers,TOMORROW X TOGETHER,2,True,118969860,49055,669,0.0412,,1.0,True,3462560431.0,Beautiful Strangers,TOMORROW X TOGETHER,USA2P2529276,2025-07-21,138.0,0,-7.7,,484903.0,album,8.0,Republic Records - TXT,Asian Music,Asian Music,0.595,0.581,0.0686,0.0475,0.0,0.0666,0.0395,86.996,-4.522,2.0,1.0,6IYvOX6K6tbBmj00JRU5Rw,KR,Group,2019.0,k-pop|boy group|4th gen k-pop|boy band,2025-07-21,2025-07-21,deezer,2025.0,359.0,-73,-3.1893170226266565,5.883322388488279,Asian Music,Asia,1,1,2.3,1,0.0,-0.3622484218885456,-0.4391796819695769,-1.9856683569700504,-0.92367737972466,-0.5121276585917879,-1.3851925631694175,-1.4798818226563735,-77.23354084092213
597,bauch beine po,Shirin David,1,False,118878662,42630,681,0.0359,,1.0,True,2903961441.0,bauch beine po,Shirin David,DECE72401327,2024-07-25,134.0,1,-8.4,,629166.0,single,1.0,Juicy Money Records,Rap/Hip Hop,Rap/Hip Hop,0.954,0.746,0.886,0.0272,0.00227,0.0892,0.0995,123.969,-6.113,4.0,0.0,64f3yNXsi2Vk76odcHCOnw,DE,Person,1995.0,rap|german|hip hop|hamburg|deutschrap,2024-07-25,2024-07-25,deezer,2024.0,720.0,-84,-3.3270179834879037,6.579251212010101,Rap/Hip Hop,UK/Europe,0,0,2.2333333333333334,1,0.0,1.9326431815490024,0.43902369405718006,1.4329014647569147,-1.0013982224496718,0.1880321940196107,0.012051779565105638,-0.7968516314924132,-54.925415345897534
598,Gauchinha,DJ Japa NK,1,False,118834813,452177,175,0.3805,,1.0,True,3703629172.0,Gauchinha,DJ Japa NK,BRKO12501723,2025-12-17,273.0,0,-9.3,,860929.0,album,12.0,2025 KondZilla Nova Era,,,0.934,0.476,0.573,0.295,0.0,0.0779,0.505,130.075,-7.046,1.0,0.0,7qqixxBvZIGSep53Eh2o0b,,Person,,,,2025-12-17,deezer,2025.0,210.0,423,-0.9662691016803965,5.3471075307174685,Other,Unknown,0,0,4.55,2,0.6931471805599453,1.804794067151368,-0.9980363758047857,0.1238577233811621,0.023904323449746166,4.919945864584979,0.24280324568192035,0.044485736922279195,4.549006469806116
599,TN,Morgan Wallen,1,False,118412486,206861,386,0.1747,,1.0,True,3366676941.0,TN,Morgan Wallen,USUG12501609,2025-05-16,185.0,0,-7.6,,413854.0,album,37.0,Big Loud Records / Mercury Records / Republic Records,Country,Country,0.617,0.666,0.487,0.581,3.19e-06,0.147,0.0426,156.489,-5.553,8.0,1.0,7lq4b3sYM9cYSnCMxCafKe,US,Person,1993.0,country|country pop|2020s|racist,2025-05-16,2025-05-16,deezer,2025.0,425.0,213,-1.7446850618421261,6.052089168924417,Country,US,0,0,3.0833333333333335,9,2.1972245773362196,-0.221614396051147,0.01322811780178304,-0.2358156368690445,1.1188876248957265,-0.4759527328735323,1.2410130763418536,0.19390756176654733,21.398405922755657
600,Mariposa Traicionera,Maná,1,False,118313289,75121,613,0.0635,,1.0,True,3887322.0,Mariposa Traicionera,Mana,MXF150200070,2007-06-28,264.0,0,-8.5,101.1,599798.0,album,12.0,WM Mexico,Pop,Pop,0.773,0.794,0.907,0.527,0.000339,0.113,0.0326,101.143,-4.954,5.0,0.0,76q0nfoj9joegcrMLzmoVn,MX,Group,1986.0,latin|rock|pop|pop rock|latin pop,2002-08-20,2002-08-20,musicbrainz,2002.0,8730.0,-13,-2.756715373083491,9.074520648833648,Pop,Mexico,0,1,4.4,3,1.0986122886681098,0.7756086962504061,0.6945010398104186,1.5207286806319653,0.9121425260213109,-0.5926460416420988,-0.8505641663213038,0.25523201766606096,29.076106550318492
601,Gen Z Luv,Central Cee,1,False,118061265,64398,634,0.0545,,1.0,True,3196387971.0,Gen Z Luv,Central Cee,USSM12405522,2025-01-24,153.0,1,-9.3,,540322.0,album,17.0,Columbia,Rap/Hip Hop,Rap/Hip Hop,0.593,0.809,0.693,0.172,0.0,0.354,0.254,150.216,-6.123,10.0,1.0,13hJUmR1UpCUzyHjotiImK,GB,Person,1998.0,hip hop|uk drill|grime|drill|trap,2024-07-25,2024-07-25,musicbrainz,2024.0,720.0,-33,-2.9095545773129388,6.579251212010101,Rap/Hip Hop,UK/Europe,0,0,2.55,3,1.0986122886681098,-0.3750333333283091,0.7743377103583057,0.6257275283814505,-0.4470150684308678,1.990943814493962,1.0039505236149,-0.3793882253174483,-31.572009369120224
602,Ants Marching,Dave Matthews Band,1,False,118022339,41422,683,0.0351,,1.0,True,13230747.0,Ants Marching,Dave Matthews Band,USRC10201352,2004-02-29,475.0,0,-8.5,108.5,42298.0,album,21.0,RCA Records Label,Rock,Rock,0.402,0.951,0.529,0.106,0.000754,0.926,0.0663,110.295,-4.669,2.0,1.0,3gOe3cB76r3WNYUBtO8YPU,US,Group,1991.0,rock|alternative rock|jazz rock|jam band|pop rock,1995-02-14,1995-02-14,musicbrainz,1995.0,11474.0,-81,-3.349554148510317,9.347838885161817,Other,US,0,1,7.916666666666667,1,0.0,-1.5959923758257228,1.5301248582116351,-0.06016120511894338,-0.6997035226107094,-0.19938959109202992,-0.5047015037105782,-0.405032577635803,-33.304491731523065
603,Mon amour,Slimane,1,False,117956500,54797,657,0.0465,,1.0,True,2530801451.0,Mon amour,Slimane,FRDZ22300550,2023-11-08,180.0,0,-10.6,,844335.0,single,1.0,Universal Music Distributed Labels,Pop,Pop,0.523,0.36,0.167,0.144,0.0,0.0896,0.036,141.731,-8.018,11.0,0.0,5N7IYups0hGrlVcvj0bmHG,FR,Person,1989.0,eurovision 2024 artists|pop|french|singer-songwriter|chanson française,2023-11-08,2023-11-08,deezer,2023.0,980.0,-54,-3.0683029663888264,6.887552571664617,Pop,UK/Europe,0,0,3.0,1,0.0,-0.8225052337200313,-1.6154399613751116,-1.5741351168698137,-0.5542162308101946,-0.5529703166607862,0.6832944165069443,-0.29611272149406664,-25.62964080848206
604,Do You Want To,Franz Ferdinand,1,False,117845303,33507,702,0.0284,,1.0,True,4315297.0,Do You Want To,Franz Ferdinand,GBCEL0500855,2005-10-03,215.0,0,-6.8,123.05,634104.0,album,13.0,Domino Recording Co,Pop,Pop,0.412,0.944,0.79,0.0724,0.000493,0.801,0.0448,123.091,-2.896,0.0,1.0,6WrnSlcN0dzTO80mVVbBto,GB,Group,2001.0,indie rock|post-punk revival|art rock|dance-punk|british,2005,2005-01-01,musicbrainz,2005.0,7865.0,-98,-3.5613661338149765,8.970177815492379,Pop,UK/Europe,0,1,3.5833333333333335,1,0.0,-1.5320678186269057,1.492867745289288,1.0314056207566842,-0.8283449174659014,-0.4502802049444477,-0.021128663810355143,-0.5256550279648864,-40.883199406047254
605,MONTAGEM COMA,ANDROMEDA,1,False,117687464,261382,317,0.2221,,1.0,True,3382332821.0,MONTAGEM COMA,ANDROMEDA,CA5KR2535389,2025-06-06,73.0,0,-6.7,,695211.0,ep,4.0,Elysian Records,Electro,Electro,,,,,,,,,,,,,SE,Group,1999.0,progressive metal,2025-06-06,2025-06-06,deezer,2025.0,404.0,288,-1.5046275480817553,6.0014148779611505,Electro,UK/Europe,0,1,1.2166666666666666,1,0.0,,,,,,,0.3661892889812626,44.22282147279122
606,Mundhinam,Harris Jayaraj,1,False,117633962,63528,637,0.054,,1.0,True,13252886.0,Mundhinam,Harris Jayaraj,INS170816333,2008-10-08,341.0,0,-10.7,,154735.0,album,7.0,Sony Music Entertainment India Pvt. Ltd.,Indian Music,Indian Music|Films/Games|Film Scores,0.474,0.548,0.676,0.237,0.0,0.0791,0.331,193.671,-8.614,11.0,1.0,1n5gnI3Wue9WBpYFOIQNh1,IN,Person,1975.0,film composer|filmi,,2008-10-08,deezer,2008.0,6489.0,-31,-2.9187712324178627,8.77786371462117,Other,Asia,0,0,5.683333333333334,4,1.3862943611198906,-1.1357355639942373,-0.6148203571749278,0.5546293060064101,-0.19815522719314496,2.8894822920119236,2.646155725073496,0.15639849635128567,16.9292068883832
607,SOMETHING ABOUT YOU,PARTYNEXTDOOR,1,False,117465710,159551,457,0.1358,,1.0,True,3232025521.0,SOMETHING ABOUT YOU,PARTYNEXTDOOR,USLD91772021,2025-02-14,219.0,1,-9.9,,567978.0,album,21.0,OVO Sound,R&B,R&B,0.51,0.491,0.0792,0.24,2.73e-05,0.359,0.1,136.093,-8.869,7.0,0.0,1F6nHHDJyTHLgDDFj1ZZDt,CA,Person,1993.0,r&b|contemporary r&b|alternative r&b|trap soul|canadian,2025-02-14,2025-02-14,deezer,2025.0,516.0,150,-1.9965720638575413,6.246106765481563,R&B,Canada,0,0,3.65,4,1.3862943611198906,-0.9056071580784941,-0.9181997052568986,-1.941336524195025,-0.1866693883667885,0.19386685945803903,0.4702291092736322,0.18675517799591046,20.533215709019714
608,PA QUE LO BAILES (BAILALO ROCKY),Lomiiel,1,False,117356888,126622,518,0.1079,,1.0,True,3248360441.0,PA QUE LO BAILES (BAILALO ROCKY),Lomiiel,QZQAY2596655,2025-02-28,125.0,0,-11.4,,648965.0,single,1.0,Open Shift Distribution,,,0.757,0.378,0.852,0.561,0.000449,0.453,0.402,186.003,-9.01,3.0,1.0,6LAE0cwzbk9Gr1uexKnA2B,DO,Person,,,2025-02-28,2025-02-28,deezer,2025.0,502.0,90,-2.226550406718048,6.218600119691729,Other,Latin America (other),0,0,2.0833333333333335,1,0.0,0.673329404732298,-1.5196359567176472,1.2907050200068328,1.0423153660533506,3.718004784268745,2.3563748141361005,-0.07612263595280222,-7.329744746000477
609,KEHLANI (REMIX) [feat. Kehlani],Jordan Adetunji,1,False,117295023,101598,564,0.0866,,1.0,True,2896894551.0,KEHLANI (REMIX) [feat. Kehlani],Jordan Adetunji,USAT22406357,2024-06-20,180.0,1,-6.2,,586341.0,single,1.0,300 Entertainment,Rap/Hip Hop,Rap/Hip Hop,0.408,0.699,0.219,0.0759,0.0,0.298,0.0559,159.687,-3.607,6.0,1.0,5Nt2FMqnKI2mlp7lztURNo,GB,Person,1999.0,,2024-05-22,2024-05-22,musicbrainz,2024.0,784.0,45,-2.4464554634137476,6.664409020350408,Rap/Hip Hop,UK/Europe,0,0,3.0,1,0.0,-1.5576376415064328,0.18886879300713397,-1.3566582013696888,-0.8149447721684857,-0.320750632211339,1.3618684953791247,0.15778680785090327,17.09165378830533
610,ZAZA,Oscar Maydon,1,False,117213217,116337,538,0.0993,,1.0,True,3392792961.0,ZAZA,Óscar Maydon,QZ9QQ2500286,2025-06-06,234.0,1,-8.0,,465123.0,album,12.0,Rancho Humilde/Sony Music Latin,,,,,,,,,,,,,,,MX,Person,1999.0,,2025-06-06,2025-06-06,deezer,2025.0,404.0,72,-2.3096097079310103,6.0014148779611505,Other,Mexico,0,0,3.9,3,1.0986122886681098,,,,,,,-0.43879287086799246,-35.51856743697359
611,Beers And Sunshine,Darius Rucker,1,False,117209253,44452,678,0.0379,,1.0,True,1040026052.0,Beers And Sunshine,Darius Rucker,USUM72013302,2020-08-06,178.0,0,-8.9,,330370.0,single,1.0,Capitol Records Nashville,Country,Country,0.57,0.645,0.677,0.134,0.0,0.147,0.0304,81.084,-5.816,5.0,1.0,5aJueNDsBDMBweaZxvtzoz,US,Person,1966.0,rock|pop|contemporary country|country|country pop,2020-08-06,2020-08-06,deezer,2020.0,2169.0,-67,-3.2728041668937564,7.682021510826875,Country,US,0,0,2.966666666666667,1,0.0,-0.5220598148855895,-0.09854322096525883,0.5588115543814125,-0.5925023602313826,-0.6183185695711834,-1.6086125873558912,-0.1695270529860231,-15.593608027793316
612,Vai Cair Água,Diego & Arnaldo,2,True,117117773,184953,417,0.1579,,0.94,True,3402971741.0,Vai Cair Água (Ao Vivo),Diego & Arnaldo,BKZP62500001,2025-06-20,150.0,0,-6.6,,837231.0,single,1.0,Som Livre,Brazilian Music,Brazilian Music,0.698,0.815,0.784,0.631,0.0,0.157,0.0516,132.12,-3.051,11.0,0.0,4x5aPBkI9q8bYkdgLdypO2,BR,Group,,,,2025-06-20,deezer,2025.0,390.0,195,-1.8457933577205405,5.966146739123692,Brazilian Music,Brazil,1,1,2.5,1,0.0,0.29617451725927446,0.8062723785774599,1.0063121305066696,1.3103182720016673,-0.37092875498182254,0.32008571345278347,-0.022765366496855677,-2.2508190804002126
613,I Am...I Said,Neil Diamond,1,False,116968818,53351,659,0.0456,,0.94,True,537961012.0,I Am...I Said (Single Version),Neil Diamond,USMC17146646,2018-08-08,212.0,0,-10.7,182.94,522281.0,album,42.0,Neil Diamond,Pop,Pop,0.262,0.361,0.459,0.087,1.79e-06,0.107,0.0278,90.804,-14.122,10.0,1.0,0XWEb8ebIDI00koZUhEShU,US,Person,1941.0,singer-songwriter|pop|soft rock|pop rock|rock,1971,1971-01-01,musicbrainz,1971.0,20284.0,-46,-3.0878475624617967,9.91758767691491,Pop,US,0,0,3.533333333333333,3,1.0986122886681098,-2.4909361766091678,-1.610117516671919,-0.3529185913691117,-0.7724471685109668,-0.6486588298510106,-1.2412846720831363,-0.2872929965233877,-24.970813627881284
614,Palmar,Caloncho,1,False,116953841,18705,721,0.016,,1.0,True,111778268.0,Palmar,Caloncho,MXUM71501736,2015-11-06,191.0,0,-10.1,133.8,170258.0,ep,4.0,Universal Music Mexico,Rock,Rock|Latin Music,0.859,0.505,0.796,0.798,0.0671,0.27,0.0397,133.988,-8.766,7.0,1.0,1INtYY3PE2RP7NrhHOsBaz,MX,Person,,,2013-06-18,2013-06-18,musicbrainz,2013.0,4775.0,-107,-4.135166556742356,8.471149252914831,Other,Mexico,0,0,3.183333333333333,1,0.0,1.3253598881602362,-0.8436854794122041,1.0564991110066986,1.9496966333355095,-0.5097937924164165,0.39067918523565426,-1.0129075431150323,-63.68384647874088
615,Always Somewhere,Scorpions,1,False,116950431,179379,427,0.1534,,0.96,True,3988959411.0,Always Somewhere,LOVEDRIVE Scorpions Experience,QZWFS2615471,2026-04-30,303.0,0,-11.1,,226532.0,single,1.0,Fortunato Music Group,Rock,Rock,,,,,,,,,,,,,DE,Group,1965.0,hard rock|heavy metal|rock|german|classic rock,1978,1978-01-01,musicbrainz,1978.0,17727.0,188,-1.874706390048981,9.782844180013784,Other,UK/Europe,0,1,5.05,1,0.0,,,,,,,0.9584253163266763,160.75871139465195
616,The Chase,Hearts2Hearts,1,False,116870505,164748,444,0.141,,1.0,True,3234208281.0,The Chase,Hearts2Hearts,KRA302500047,2025-02-24,178.0,0,-7.2,,466784.0,single,2.0,SM Entertainment,Asian Music,Asian Music|Pop,0.711,0.734,0.143,0.161,0.0015,0.0843,0.0335,125.946,-4.743,2.0,1.0,68UrZQUuO3O6eUiD226xHg,KR,Group,2025.0,k-pop|girl group,2025-02-24,2025-02-24,deezer,2025.0,506.0,172,-1.9589953886039688,6.226536669287466,Asian Music,Asia,0,1,2.966666666666667,1,0.0,0.37927644161773727,0.3751543576188704,-1.6745090778698715,-0.48912981079417467,-0.5821436438529277,0.08676446356657043,0.2009941552620651,22.261762592282608
617,Sampai Menutup Mata,Mahalini,1,False,116830251,66324,628,0.0568,,1.0,True,2953071091.0,Sampai Menutup Mata,Mahalini,QZZNV2400133,2024-09-06,248.0,0,-7.9,,132709.0,single,2.0,Hits records,Asian Music,Asian Music|Pop,0.368,0.422,0.0828,0.866,5.28e-05,0.106,0.0366,117.173,-6.905,7.0,1.0,5bY4g7cLyasuuhthJ7Mdlh,ID,Person,2000.0,,2025-10-30,2024-09-06,deezer,2024.0,677.0,-11,-2.8682189532550315,6.517671272912275,Asian Music,Asia,0,0,4.133333333333334,1,0.0,-1.8133358703017026,-1.2854483897771787,-1.9262804300450163,2.210042313399588,-0.5459687181346722,-0.24477543362354037,-0.39520650657779255,-32.64590657470221
618,Triple Lavada,Esau Ortiz,1,False,116743517,165313,442,0.1416,,1.0,True,3298488061.0,Triple Lavada,Esaú Ortiz,MXA4M2500036,2025-03-28,165.0,1,-8.2,,564582.0,single,1.0,ESAU ORTIZ AZUARA/Sony Music Latin,Rap/Hip Hop,Rap/Hip Hop,0.909,0.583,0.557,0.417,0.0,0.137,0.0847,100.012,-5.735,10.0,0.0,0ZDV3tNhU0FAhUwcKYlSTn,MX,Person,2001.0,regional mexicano|corrido tumbado,2025-03-28,2025-03-28,deezer,2025.0,474.0,176,-1.9547490977225177,6.161207321695077,Rap/Hip Hop,Mexico,0,0,2.75,2,0.6931471805599453,1.644982674154324,-0.428534792563192,0.05694174938112404,0.49099510238824134,0.0153260970421323,-0.8933057169564361,0.12492855668768188,13.306750007980028
619,Libu-Libong Buwan (Uuwian),Kyle Raphael,1,False,116709066,563642,126,0.4829,,1.0,True,3509794371.0,Libu-Libong Buwan (Uuwian),Kyle Raphael,PHV032513245,2025-08-22,178.0,0,-9.7,,241383.0,single,1.0,Viva Records,Pop,Pop,0.709,0.268,0.243,0.728,0.0,0.332,0.0299,120.036,-10.012,6.0,1.0,5r45gXar0mUS6ow4w7X0R7,PH,Person,,,2025-08-22,2025-08-22,deezer,2025.0,327.0,493,-0.7279456861026409,5.7899601708972535,Pop,Asia,0,0,2.966666666666667,1,0.0,0.36649153017797376,-2.105104874068818,-1.256284240369631,1.6816937273871921,-0.6241532350096117,-0.13657997874433286,0.8524791693960311,134.54544288076585
620,Borboletas,Victor & Leo,2,True,116586443,106022,556,0.0909,,1.0,True,13245343.0,Borboletas,Victor & Leo,BRSME0800586,2009-02-11,200.0,0,-9.5,137.8,713839.0,album,12.0,Sony BMG Music Entertainment,Brazilian Music,Brazilian Music,0.624,0.823,0.451,0.533,0.0,0.0864,0.0297,137.97,-6.036,11.0,0.0,1Go5sZ2OZeWNyskKsX2CFW,BR,Group,1992.0,sertanejo|sertanejo romântico,2008,2008-01-01,musicbrainz,2008.0,6770.0,64,-2.397995277798704,8.820256365906321,Brazilian Music,Brazil,1,1,3.3333333333333335,1,0.0,-0.17686720601197473,0.8488519362029996,-0.386376578369131,0.9351142036740238,-0.626487101184983,0.5411626994965709,0.6690333694175554,95.23492077772914
621,Tus Mentiras (En Vivo),Moy Bobadilla,1,False,116490412,661275,96,0.5677,,1.0,True,3309760191.0,Tus Mentiras (En Vivo),Moy Bobadilla,USA2P2516308,2025-04-10,280.0,0,-10.1,,598222.0,album,10.0,Vida Recia & Music VIP Entertainment Presenta Moy Bobadilla,Latin Music,Latin Music,,,,,,,,,,,,,,Person,2001.0,regional mexicano|banda sinaloense,,2025-04-10,deezer,2025.0,461.0,525,-0.5661621688054566,6.133398042996649,Latin Music,Unknown,0,0,4.666666666666667,1,0.0,,,,,,,1.478303413847133,338.54989888697366
622,Ignoraste Mis Lágrimas,Pancho Barraza,1,False,116403938,60771,642,0.0522,,1.0,True,861591842.0,Ignoraste Mis Lágrimas,Pancho Barraza,MXF399501572,2020-02-01,175.0,0,-12.1,,427413.0,album,20.0,Musart-Balboa,Latin Music,Latin Music,0.441,0.544,0.898,0.385,3.25e-06,0.162,0.0413,83.461,-7.818,2.0,1.0,12M4PzpcGsn49aJvxkaadh,MX,Person,1961.0,latin pop|mariachi|ranchera|regional mexicano|tropical house,1995-05-02,1995-05-02,musicbrainz,1995.0,11397.0,-20,-2.952672784093544,9.341105441855735,Latin Music,Mexico,0,0,2.9166666666666665,2,0.6931471805599453,-1.3466866027503348,-0.6361101359876977,1.4830884452569437,0.3684794882404394,-0.4911228630134459,-1.5187835282403215,-0.006430325056650421,-0.6409694760006635
623,ILY,Kapo,1,False,116394159,163609,447,0.1406,,1.0,True,3260565211.0,ILY,Kapo,QZDYA1800473,2025-03-06,218.0,0,-9.4,,533367.0,single,1.0,Sony Music Latin/La Industria,African Music,African Music|Rap/Hip Hop|Pop,0.63,0.66,0.313,0.136,6.61e-05,0.109,0.151,200.002,-4.785,0.0,1.0,5ru2w4Y7xP58IXE6m4orW0,,Group,,,2025-07-03,2025-03-06,deezer,2025.0,496.0,176,-1.9618362996055725,6.206575926724928,Other,Unknown,0,1,3.6333333333333333,3,1.0986122886681098,-0.13851247169268419,-0.01870655041737178,-0.9635268541194627,-0.584845134347145,0.7890027341777277,2.885410152191996,0.17399834633655575,19.005359787060392
624,COSITA LINDA,ELENA ROSE,1,False,116179684,328917,251,0.2831,,1.0,True,3462155161.0,COSITA LINDA,ELENA ROSE,USWL12503665,2025-07-24,139.0,0,-7.9,,602992.0,single,1.0,WEA Latina,Electro,Electro|Latin Music,0.741,0.722,0.713,0.585,0.000102,0.0932,0.151,101.058,-4.166,7.0,0.0,6tNGSjIgbSp3B2LOWumkJ0,US,Person,,,2025-07-24,2025-07-24,deezer,2025.0,356.0,373,-1.261955086864283,5.87493073085203,Electro,US,0,0,2.316666666666667,1,0.0,0.5710501132141899,0.3112850211805608,0.7093724958814988,1.1342020766642018,0.7890027341777277,-0.8537763960330509,0.4359012631785437,54.63561049248078
625,Something Inbetween,Olivia Dean,1,False,116142709,320817,255,0.2762,,1.0,True,3562948101.0,Something Inbetween,Olivia Dean,GBUM72503090,2025-09-26,152.0,0,-8.9,,701063.0,album,12.0,PLG - Capitol,Pop,Pop,0.542,0.513,0.323,0.892,8.32e-05,0.109,0.123,159.512,-7.891,0.0,1.0,28HadeGsalBfbVfMEkCcF7,GB,Person,1999.0,neo soul|pop soul|pop|female vocals|indie pop,2025-09-26,2025-09-26,deezer,2025.0,292.0,370,-1.2866300380069453,5.676753802268282,Pop,UK/Europe,0,0,2.533333333333333,9,2.1972245773362196,-0.7010485750422779,-0.8011059217866643,-0.9217043703694386,2.3095862498946773,0.4622614696257417,1.3552550812667032,0.13857900943183954,14.864043141295857
626,Silly Love Songs,Wings,1,False,116122243,49665,668,0.0428,,0.94,True,3856057001.0,Silly Love Songs (Demo),Wings,GBCCS2600001,2026-02-27,166.0,0,-16.5,,257419.0,album,12.0,Paul McCartney Catalog,Rock,Rock,,,,,,,,,,,,,GB,Group,1971.0,rock|soft rock|classic rock|pop rock|pop,1976-03-25,1976-03-25,musicbrainz,1976.0,18374.0,-42,-3.151217176394386,9.818691900831412,Other,UK/Europe,0,1,2.7666666666666666,1,0.0,,,,,,,-0.32691724313869175,-27.885657987676915
627,peliculiando,Fuerza Regida,1,False,115977576,181587,424,0.1566,,1.0,True,3345439161.0,peliculiando,Fuerza Regida,QZ9QQ2500154,2025-05-02,208.0,1,-9.4,,452519.0,album,12.0,Rancho Humilde/Street Mob Records/Sony Music Latin,,,0.731,0.715,0.834,0.552,0.0,0.321,0.0861,134.91,-5.384,8.0,0.0,4st6K8nGBjANh0mKNvOpnt,MX,Group,2015.0,regional mexicano,2025-05-02,2025-05-02,deezer,2025.0,439.0,203,-1.8540604954254345,6.0844994130751715,Other,Mexico,0,1,3.466666666666667,9,2.1972245773362196,0.5071255560153723,0.2740279082582135,1.2154245492567897,1.0078578495742814,0.03166316026973158,0.4255224298736665,0.1272088400326461,13.565416307039978
628,Der Kommissar,Falco,1,False,115755984,39971,687,0.0345,,1.0,True,759427242.0,Der Kommissar,Falco,ATB158200018,2019-09-27,232.0,0,-12.3,,410059.0,ep,4.0,Ariola,Pop,Pop,0.927,0.513,0.95,0.0365,1.74e-06,0.0299,0.0641,118.238,-12.887,9.0,0.0,6aPngH90CbvyYMcWrDzROF,AT,Person,1957.0,pop|austrian|80s|austropop|neue deutsche welle,1982-08,1982-08-01,musicbrainz,1982.0,16054.0,-59,-3.366795954944823,9.683713318691522,Pop,Other,0,0,3.8666666666666667,1,0.0,1.7600468771121955,-0.8011059217866643,1.7005653607570683,-0.9657921220879669,-0.22506211902111445,-0.2045280848822355,-0.5087616401251132,-39.87603309272158
629,"No, No, No",Thalia,1,False,115336829,67805,624,0.0588,,1.0,True,3254878.0,"No, No, No",Thalia,USEL10600012,2006-05-02,250.0,0,-9.9,124.9,428025.0,ep,4.0,Capitol Latin,Latin Music,Latin Music,0.533,0.673,0.696,0.48,0.0,0.345,0.144,125.082,-7.26,0.0,1.0,1qjpqPksHOOIKcwShB08oz,MX,Person,1971.0,latin pop|latin,2006-01-01,2006-01-01,musicbrainz,2006.0,7500.0,5,-2.833613424077556,8.922658299524402,Latin Music,Mexico,0,0,4.166666666666667,3,1.0986122886681098,-0.7585806765212137,0.05048523072413033,0.6382742735064578,0.7321977177417265,0.707317418039731,0.05411309332010317,0.2124185812736501,23.666542174268113
630,Sunshine,Lavern,1,False,115115230,40463,686,0.0351,,1.0,True,1588498862.0,Sunshine,Lavern,FRS182125281,2022-01-07,142.0,0,-9.8,,423216.0,single,1.0,Get The Sound,Electro,Electro,0.682,0.552,0.0946,0.814,0.444,0.194,0.0461,111.898,-12.351,2.0,1.0,66BDXKHZOvvz4CwZovEMwH,US,Person,1929.0,vocal jazz|r&b,2022-01-07,2022-01-07,deezer,2022.0,1650.0,-56,-3.349554148510317,7.408530566894626,Electro,US,0,0,2.3666666666666667,1,0.0,0.19389522574116708,-0.593530578362158,-1.8769298992199877,2.0109544404094097,-0.435110074804534,-0.4441226304408021,-0.3180383080732363,-27.242508411243527
631,Kick It In The Sticks,Brantley Gilbert,1,False,115082242,30964,707,0.0269,,0.94,True,3391406361.0,Kick It In The Sticks (Original Version),Brantley Gilbert,USLXJ1006044,2025-06-06,223.0,0,-8.0,,97010.0,album,13.0,Valory,Country,Country,0.498,0.873,0.531,0.0214,0.0,0.619,0.0824,157.967,-5.086,8.0,0.0,51oKa4mN11ttCPJnWJSvol,US,Person,1985.0,country rock|contemporary country|rock|country|bro-country,2010-03-16,2010-03-16,musicbrainz,2010.0,5965.0,-76,-3.6156289923743437,8.693664334532016,Country,US,0,0,3.716666666666667,1,0.0,-0.9823166267170751,1.1149741713626231,-0.051796708368938564,-1.023604177513961,-0.011513363974637935,1.2968680823884726,-0.525357664180643,-40.865617596543125
632,Superman,Morgan Wallen,1,False,114893624,139961,490,0.1218,,1.0,True,3366676201.0,Superman,Morgan Wallen,USUG12501600,2025-05-16,188.0,0,-8.0,,380053.0,album,37.0,Big Loud Records / Mercury Records / Republic Records,Country,Country,0.584,0.732,0.57,0.577,0.0,0.346,0.0312,151.963,-4.566,0.0,0.0,3KC1yCIfkLrRaeeMUEKvg3,US,Person,1993.0,country|country pop|2020s|racist,2025-05-09,2025-05-09,musicbrainz,2025.0,432.0,142,-2.10537492370634,6.068425588244111,Country,US,0,0,3.1333333333333333,9,2.1972245773362196,-0.4325654348072449,0.3645094682124855,0.11131097825615488,1.1035731731272513,-0.6089831048696981,1.0699712919257538,-0.1451988662184578,-13.514971349785254
633,GOOD CREDIT,Playboi Carti,1,False,114800499,78039,608,0.068,,1.0,True,3278625311.0,GOOD CREDIT,Playboi Carti,USUM72414857,2025-03-14,190.0,1,-9.9,,486744.0,album,30.0,AWGE/Interscope Records,Rap/Hip Hop,Rap/Hip Hop,0.744,0.679,0.397,0.0197,3.68e-06,0.856,0.219,145.041,-7.375,0.0,1.0,2n9fC0A4ptmWqYeMXEVaok,US,Person,1995.0,hip hop|trap|rap|southern hip hop|cloud rap,2025-03-14,2025-03-14,deezer,2025.0,488.0,25,-2.6882475738060303,6.1903154058531475,Rap/Hip Hop,US,0,0,3.1666666666666665,5,1.6094379124341003,0.5902274803738352,0.08241989894328515,-0.6122179906192607,-1.0301128195155629,1.5825172338039792,0.8083824205761644,-0.572346084097568,-43.579977639808874
634,Senta e Cala a Boca,Mc Jacaré,1,False,114505085,111856,546,0.0977,,1.0,True,3212653741.0,Senta e Cala a Boca,Mc Jacaré,BKC3C2500004,2025-02-04,147.0,0,0.0,,654383.0,single,1.0,Croco Hits,Soul & Funk,Soul & Funk,0.568,0.614,0.46,0.434,0.0,0.542,0.152,162.56,-1.888,4.0,0.0,2Kffo1xu5Df4OsEvRMOajt,BR,Person,,,,2025-02-04,deezer,2025.0,526.0,88,-2.3258537199334,6.26530121273771,Other,Brazil,0,0,2.45,1,0.0,-0.534844726325353,-0.2635390067642254,-0.34873634299410927,0.5560815224042612,0.8006720650545843,1.4704418596361843,-0.11996677300291658,-11.30500930904782
635,En Kadhal Solla,Yuvan Shankar Raja,1,False,114490316,87858,593,0.0767,,1.0,True,15024739.0,En Kadhal Solla,Yuvan Shankar Raja,INS171100454,2010-11-22,295.0,0,-10.7,,195428.0,ep,6.0,Think Music (India),Indian Music,Indian Music|Films/Games|Film Scores,0.874,0.412,0.56,0.035,0.00684,0.102,0.0313,105.019,-5.746,0.0,0.0,1vzxYeTJ9dTtyJXkNWVJDZ,IN,Person,1979.0,filmi|film composer,2008-11-22,2008-11-22,musicbrainz,2008.0,6444.0,42,-2.5678535706089263,8.770904744296866,Other,Asia,0,0,4.916666666666667,2,0.6931471805599453,1.4212467239584625,-1.3386728368091034,0.06948849450613126,-0.9715350415011452,-0.6078161717820123,-0.7040864914656249,0.5086193512306987,66.29935991584254
636,Resumindo,Zé Neto & Cristiano,2,True,114478780,133555,500,0.1167,,0.94,True,3766489972.0,Resumindo (Ao Vivo),Zé Neto & Cristiano,BRRGE2500286,2026-01-22,145.0,0,-7.5,,696251.0,album,23.0,Som Livre,Brazilian Music,Brazilian Music,0.717,0.616,0.821,0.862,1.28e-06,0.362,0.0608,97.962,-6.395,4.0,1.0,5jjcA1DCc0ZdABxfL0iaoR,BR,Group,2011.0,sertanejo|sertanejo universitário,2025-05-22,2025-05-22,musicbrainz,2025.0,419.0,136,-2.148148739689627,6.037870919922137,Brazilian Music,Brazil,1,1,2.4166666666666665,2,0.6931471805599453,0.4176311759370278,-0.25289411735784045,1.1610553203817582,2.194727861631113,-0.26357091091474144,-0.9707771394162248,-0.22845274294093199,-20.423609822235267
637,love race,mgk,1,False,114345542,19707,719,0.0172,,1.0,True,1351134082.0,love race,Machine Gun Kelly,USUM72106268,2021-04-29,188.0,0,-6.8,,450981.0,single,1.0,Bad Boy/Interscope Records,Alternative,Alternative,0.517,0.848,0.429,0.00581,0.0,0.214,0.0521,95.906,-4.054,10.0,1.0,1F9kEuwT29fgqlovIclu81,IT,Group,2000.0,hard rock,2021-04-29,2021-04-29,deezer,2021.0,1903.0,-82,-4.06284589516273,7.551186867296149,Alternative,UK/Europe,0,1,3.1333333333333333,2,0.6931471805599453,-0.8608599680393217,0.9819130537828114,-0.47838604261918394,-1.0832922532815934,-0.3650940895433942,-1.048475307502725,-0.988931778422359,-62.802617066076074
638,People Watching,Sam Fender,1,False,114337230,172817,437,0.1511,,1.0,True,3087699371.0,People Watching,Sam Fender,GBUM72403268,2024-11-15,304.0,0,-7.7,,664319.0,single,1.0,Polydor Records,Alternative,Alternative,0.475,0.911,0.631,0.00894,0.000484,0.124,0.0656,161.011,-4.591,6.0,1.0,3U3WmUCGFjxXsV3aHqwQr8,GB,Person,1994.0,alternative rock|indie rock|rock|heartland rock,2024-11-15,2024-11-15,deezer,2024.0,607.0,201,-1.8898134097034431,6.408528791059498,Alternative,UK/Europe,0,0,5.066666666666666,2,0.6931471805599453,-1.1293431082743555,1.317227070083937,0.36642812913130174,-1.0713086947727615,-0.20755812270582946,1.411903697006812,0.47428657164432786,60.68674036872213
639,Me llamo Raquel,Banda Machos,1,False,113920681,57976,647,0.0509,,1.0,True,3903270.0,Me llamo Raquel,Banda Machos,MXF160001150,2001-05-28,163.0,0,-12.0,183.8,383917.0,album,12.0,WEA Latina,Latin Music,Latin Music,0.618,0.744,0.958,0.166,0.0,0.234,0.0583,177.506,-5.426,0.0,1.0,6sr4ax5EHAsAxC4jjEaZJ0,MX,Orchestra,1990.0,regional mexicano|technobanda,2000-08-15,2000-08-15,musicbrainz,2000.0,9465.0,-8,-2.9778923554256598,9.155356063643422,Latin Music,Mexico,0,0,2.716666666666667,2,0.6931471805599453,-0.21522194033126524,0.4283788046507951,1.7340233477570877,-0.4699867460835806,-0.29274423810688305,2.035265215774723,0.01476311045640788,1.4872623425274067
641,Do It,Stray Kids,1,False,113486872,270051,305,0.238,,1.0,True,3664415392.0,Do It,Stray Kids,US5TA2500371,2025-11-21,159.0,0,-7.5,,786977.0,ep,5.0,Republic Records - Stray Kids,Asian Music,Asian Music,0.766,0.922,0.734,0.138,1.79e-06,0.0911,0.0611,105.012,-4.239,2.0,1.0,7dYqhbGqx99PT6IJe6agGZ,KR,Group,2017.0,k-pop|boy group|boy band|electropop|pop rap,2025-11-21,2025-11-21,deezer,2025.0,236.0,336,-1.4354846053106625,5.4638318050256105,Asian Music,Asia,0,1,2.65,3,1.0986122886681098,0.7308615062112338,1.375773961819054,0.7971997117565492,-0.5771879084629074,-0.2600701116516844,-0.7043510280301218,-0.28746251641389575,-24.98353148934429
642,Soleil Bleu,Bleu Soleil,1,False,113463940,179978,425,0.1586,,1.0,True,3278913111.0,Soleil Bleu,Bleu Soleil,FR6F32500820,2025-04-11,246.0,0,-10.2,,993960.0,single,1.0,Wagram Music / Chapter Two Records,French Chanson,French Chanson,0.655,0.578,0.166,0.19,1.71e-05,0.17,0.0439,79.973,-7.172,4.0,0.0,7xWvRVssTTECvWCDNgCzSH,FR,Group,,electronic|pop|bass music|paris|electro dub,2025-04-11,2025-04-11,deezer,2025.0,460.0,217,-1.8413699697813894,6.131226489483141,Other,UK/Europe,0,1,4.1,1,0.0,0.021298921304359685,-0.4551470160791543,-1.578317365244816,-0.37810003547272913,-0.46078260273361865,-1.6505983192353182,0.20032259936628827,22.179684547867694
643,Try That In A Small Town,Jason Aldean,1,False,113435555,54402,658,0.048,,1.0,True,3761255492.0,Try That In A Small Town,Jason Aldean,QMRSZ2300454,2023-11-03,180.0,1,-7.0,,403688.0,album,14.0,Broken Bow Records,Country,Country,0.457,0.861,0.376,0.0583,1.28e-05,0.106,0.0529,145.989,-3.771,0.0,0.0,5BqI4ugJL5WaPRQ6MlC8Ho,US,Person,1977.0,country|country rock|country pop|contemporary country|bro-country,2023-05-19,2023-05-19,musicbrainz,2023.0,1153.0,-15,-3.036554268074246,7.050122520269059,Country,US,0,0,3.0,1,0.0,-1.2444073112322267,1.0511048349243135,-0.7000452064943113,-0.8823283599497768,-0.35575862484190884,0.8442082295965938,-0.1645060360726962,-15.168736354785706
644,Enquanto Houver Razões,Jorge & Mateus,2,True,113357418,117319,537,0.1035,,0.94,True,61025816.0,Enquanto Houver Razões (Ao Vivo),Jorge & Mateus,BR3PJ1200025,2012-10-15,191.0,0,-7.5,,607732.0,album,18.0,Som Livre,Brazilian Music,Brazilian Music|Latin Music,0.608,0.878,0.621,0.281,0.0,0.947,0.0714,139.83,-4.549,11.0,1.0,2oRZ5SfQQl34A1rq4yMQQ8,BR,Group,2005.0,country|sertanejo|sertanejo universitário,2012,2012-01-01,musicbrainz,2012.0,5309.0,107,-2.2681836662767134,8.57715877258367,Brazilian Music,Brazil,1,1,3.183333333333333,7,1.9459101490553132,-0.2791464975300828,1.1415863948785856,0.3246056453812777,-0.02969625773991705,-0.13987600362006095,0.6114538437771603,0.8403821403269367,131.72523231674091
645,"Monica (From ""Coolie"")",Anirudh Ravichander,1,False,113308503,149895,470,0.1323,,0.94,True,3454788141.0,"Monica (From ""Coolie"") (Tamil)",Anirudh Ravichander,QMDA62550185,2025-07-11,217.0,0,-8.2,,257286.0,single,1.0,Sun Pictures,,,0.82,0.765,0.608,0.0722,5.6e-06,0.0491,0.192,140.101,-4.949,1.0,0.0,7MrdHOL2aoWfT16CncgNei,IN,Person,1990.0,filmi|composer|film composer,2025-09-10,2025-07-11,deezer,2025.0,369.0,175,-2.022683207861227,5.910796644040527,Other,Asia,0,0,3.6166666666666667,2,0.6931471805599453,1.076054115084848,0.540150143417837,0.27023641650624636,-0.8291106400543253,1.2674453001288501,0.621695187916966,-0.27540786348635904,-24.073761533953196
646,WALKING AWAY,Justin Bieber,1,False,113192086,298052,280,0.2633,,1.0,True,3454558741.0,WALKING AWAY,Justin Bieber,USUG12506179,2025-07-11,244.0,1,-7.9,,621413.0,album,21.0,"JRC Entertainment, LLC / ILH Production Co. LLC / Def Jam Recordings",Pop,Pop,0.336,0.675,0.755,0.314,0.0,0.0898,0.0565,175.427,-6.841,10.0,1.0,0HLpAMazDHQV9gDxMvTOJG,CA,Person,1994.0,pop|teen pop|2010s|dance-pop|2020s,2025-07-11,2025-07-11,deezer,2025.0,369.0,366,-1.3344612124798734,5.910796644040527,Pop,Canada,0,0,4.066666666666666,4,1.3862943611198906,-2.0178944533379184,0.06113012013051527,0.8850269276315998,0.09664796935000368,-0.31374903368522494,1.956697856119161,0.4128141318949947,51.10641412025792
648,Have You Ever Seen The Rain,Rod Stewart,1,False,113124191,48510,671,0.0429,,1.0,True,69959818.0,Have You Ever Seen The Rain,Rod Stewart,USJAY0600090,2006-10-09,192.0,0,-9.2,114.8,652826.0,album,13.0,J Records,Pop,Pop,0.615,0.808,0.762,0.0183,1.72e-05,0.0744,0.0285,114.995,-6.19,11.0,1.0,7f1X6tauagdeqpfNuNOYWr,GB,Person,1945.0,rock|blues rock|pop rock|pop|soft rock,2006-10-10,2006-10-09,deezer,2006.0,7219.0,-23,-3.1488834530481657,8.88447171813916,Pop,UK/Europe,0,0,3.2,1,0.0,-0.2343993074909105,0.7690152656551131,0.9143026662566167,-1.0354728776345294,-0.640490298237211,-0.32708409611984274,-0.09481331045516006,-9.045727926437564
649,P.V.,Victor Mendivil,1,False,113034812,370727,218,0.328,,1.0,True,3456138961.0,P.V.,Victor Mendivil,US3DF2586854,2025-07-24,243.0,1,-10.4,,468642.0,album,18.0,Rico o Muerto by Baja Sound LLC,Latin Music,Latin Music,0.772,0.67,0.392,0.0906,2.42e-06,0.109,0.333,98.1,-8.992,10.0,0.0,24jE1QNIeA9HH3WOaGjE9s,,,,,2025-05-24,2025-05-24,musicbrainz,2025.0,417.0,431,-1.1147416705979933,6.0330862217988015,Latin Music,Unknown,0,0,4.05,7,1.9459101490553132,0.7692162405305243,0.03451789661455292,-0.6331292324942728,-0.758664161919339,2.912820953765637,-0.9655619900018588,0.7985731224015784,122.23676184981028
650,Pa Ti,Neton Vega,1,False,112968031,184301,418,0.1631,,1.0,True,3214287531.0,Pa Ti,Neton Vega,US3DF2514823,2025-02-14,198.0,0,-9.6,,450038.0,album,21.0,Josa Records,Latin Music,Latin Music,0.711,0.613,0.319,0.456,0.00648,0.199,0.0307,112.986,-7.743,7.0,0.0,3DGcOWYWHODmgeY5nGnEJ0,MX,Person,2003.0,regional mexicano|corrido tumbado,2025-02-14,2025-02-14,deezer,2025.0,516.0,232,-1.8133917693551689,6.246106765481563,Latin Music,Mexico,0,0,3.3,10,2.302585092994046,0.37927644161773727,-0.26886145146741786,-0.9384333638694483,0.6403110071308752,-0.6148177703081263,-0.4030060901304358,0.36993547249828285,44.76411989794635
651,Save the Last Dance for Me,Ben E. King,1,False,112962786,30912,708,0.0274,,1.0,True,2149969477.0,Save The Last Dance For Me,Ben E. King,JPPO01152942,2023-02-22,213.0,0,-9.8,,15611.0,album,10.0,Universal Music LLC,Pop,Pop,0.779,0.543,0.468,0.48,0.000753,0.056,0.0331,124.013,-7.333,5.0,0.0,7qDx0wB4X5Zn0ZKdgwNW3p,US,Person,1938.0,soul|pop|funk|vocal jazz|jazz pop,1987,1987-01-01,musicbrainz,1987.0,14440.0,-57,-3.5972122655881127,9.577757412446818,Pop,US,0,0,3.55,1,0.0,0.8139634305696966,-0.6414325806908902,-0.31527835599409004,0.7321977177417265,-0.5868113762036704,0.013714580827657624,-0.7120195616527951,-50.93477063644478
652,Baila para Mi,Standly,1,False,112775778,62970,638,0.0558,,1.0,True,1869406997.0,Baila para Mi,Standly,QZNJZ2225192,2022-08-12,164.0,0,-14.8,,352984.0,single,1.0,Standly,Rap/Hip Hop,Rap/Hip Hop,0.833,0.503,0.818,0.225,0.000583,0.116,0.0851,98.037,-10.672,0.0,1.0,2KxfFzjyd5mpJu66s66w2S,,Person,2002.0,,,2022-08-12,deezer,2022.0,1433.0,14,-2.885981409594872,7.267525427828172,Rap/Hip Hop,Unknown,0,0,2.7333333333333334,2,0.6931471805599453,1.1591560394433107,-0.8543303688185889,1.148508575256751,-0.24409858249857067,0.019993829392874928,-0.96794281908233,0.09222971695660886,9.661670460081373
653,MAMA.CITA (hasta la vista),Luísa Sonza,1,False,112540809,9432,730,0.0084,,1.0,True,2068307567.0,MAMA.CITA (hasta la vista),Luísa Sonza,BRSME2201878,2022-12-21,154.0,0,-8.6,,540382.0,single,1.0,Sony Music Entertainment,,,0.781,0.715,0.717,0.0322,0.0,0.0983,0.0915,129.043,-3.836,3.0,0.0,2m6ZDDrTvDQtKbwNFyI3r5,BR,Person,1998.0,pop|alternative pop,2022-12-21,2022-12-21,deezer,2022.0,1302.0,-77,-4.779523573132869,7.171656822768514,Other,Brazil,0,0,2.566666666666667,2,0.6931471805599453,0.8267483420094601,0.2740279082582135,0.7261014893815083,-0.9822551577390778,0.09467754700475747,0.20380299788752979,-1.8444165226811604,-84.18824480150514
655,Beautiful As You,Thomas Rhett,1,False,112529549,92067,583,0.0818,,1.0,True,2780572851.0,Beautiful As You,Thomas Rhett,QZRD92405047,2024-05-10,163.0,0,-7.8,,396478.0,single,1.0,The Valory Music Co.,Country,Country,0.722,0.725,0.468,0.153,0.0,0.393,0.037,128.007,-4.41,9.0,1.0,28915WmXh9N88LLgbmmkYy,US,Person,1990.0,country|contemporary country|country pop,2024-05-10,2024-05-10,deezer,2024.0,796.0,72,-2.5034780353734356,6.679599185844383,Country,US,0,0,2.716666666666667,3,1.0986122886681098,0.44959345453643657,0.3272523552901382,-0.31527835599409004,-0.5197587143311252,-0.5413009857839295,0.16465158634199742,0.1133836796265153,12.006159533153472
656,It's Strange,Louis The Child,1,False,112360159,10841,728,0.0096,,1.0,True,110170472.0,It's Strange (feat. K.Flay),Louis The Child,TCACI1515173,2015-10-22,245.0,1,-10.0,86.0,380534.0,single,1.0,Next Wave Records,Electro,Electro|Techno/House|Dance,0.837,0.492,0.417,0.371,0.0397,0.102,0.354,85.951,-7.792,0.0,1.0,4zLgqLMaUfWmV50Ubn2lVv,US,Group,2012.0,edm|future bass|electronic|pop|dubstep,2015-10-22,2015-10-22,deezer,2015.0,3919.0,-72,-4.645992180508347,8.273591798199632,Electro,US,0,1,4.083333333333333,1,0.0,1.1847258623228376,-0.9128772605537061,-0.5285730231192128,0.314878907050776,3.157876902179626,-1.4246840931550173,-1.5068678085283929,-77.83970049270957
657,bunda 🍑,Emilia,1,False,112317094,64938,631,0.0578,,1.0,True,3239684031.0,bunda ?,Emilia,USSD12500053,2025-02-20,224.0,1,-9.2,,499509.0,single,1.0,Sony Music Latin,Pop,Pop|Soul & Funk|Latin Music,0.558,0.584,0.824,0.269,0.0,0.322,0.0529,130.03,-5.454,9.0,0.0,3UEIObvIQMJzF09RWRcqcP,SE,Person,1978.0,pop,,2025-02-20,deezer,2025.0,510.0,26,-2.8507665033038054,6.234410725718371,Pop,UK/Europe,0,0,3.7333333333333334,2,0.6931471805599453,-0.5987692835241698,-0.4232123478599995,1.1736020655067656,-0.07563961304534285,-0.35575862484190884,0.241102653481584,-0.6813460254312944,-49.40644682555089
658,La nena,Banda Pequeños Musical,1,False,112240419,109956,549,0.098,,0.96,True,6616005.0,La nena,Pequeños Musical,MXF169400014,2009-03-24,174.0,0,-12.2,157.2,415274.0,album,13.0,WM Mexico,Latin Music,Latin Music,0.71,0.831,0.961,0.199,0.0,0.0248,0.0608,157.369,-7.939,0.0,0.0,5OwFcVt4icprLmc5bO9ruK,,Group,,regional mexicano|technobanda,2009-03-24,2009-03-24,deezer,2009.0,6322.0,109,-2.322787800311565,8.751790892775563,Latin Music,Unknown,0,1,2.9,1,0.0,0.3728839858978555,0.8914314938285394,1.7465700928820949,-0.3436425189936598,-0.26357091091474144,1.2742691015928849,0.7572147991863494,113.232897780484
659,Perfecta,Banda Los Recoditos,1,False,112107135,25711,714,0.0229,,1.0,True,653784762.0,Perfecta,Banda Los Recoditos,QMDNX1910468,2019-03-29,209.0,0,-10.6,,391069.0,single,1.0,Banda Los Recoditos DD,Latin Music,Latin Music,0.656,0.492,0.966,0.591,1.89e-06,0.066,0.0342,144.986,-5.959,3.0,1.0,4YO9aERidTIRtBG225jr0l,MX,Orchestra,1989.0,regional mexicano|banda sinaloense,2019,2019-01-01,musicbrainz,2019.0,2752.0,-55,-3.776618368421943,7.920083199053234,Latin Music,Mexico,0,0,3.4833333333333334,1,0.0,0.027691377024241442,-0.9128772605537061,1.767481334757107,1.1571737543169147,-0.5739751122391281,0.8063039189979747,-0.6412409472033067,-47.336151218180866
660,Mentirosa,Hugo & Guilherme,2,True,111307215,198590,400,0.1784,,0.94,True,3128797471.0,Mentirosa (Ao Vivo),Hugo & Guilherme,BKSGS2400031,2024-12-19,165.0,0,0.0,,757598.0,single,1.0,Som Livre,Brazilian Music,Brazilian Music,0.612,0.877,0.714,0.423,0.0,0.233,0.0381,139.983,-3.29,9.0,0.0,0KkSBxOwjan2cBgyYLd7Qq,BR,Group,,,,2024-12-19,deezer,2024.0,573.0,260,-1.7237270588362281,6.35088571671474,Brazilian Music,Brazil,1,1,2.75,1,0.0,-0.2535766746505558,1.136263950175393,0.7135547442565011,0.5139667800409542,-0.5284647218193872,0.6172358572583052,0.578822685337772,78.39369388196144
661,Angin Rindu,Rony Parulian,1,False,111276010,45700,676,0.0411,,1.0,True,2886766912.0,Angin Rindu,Rony Parulian,IDUM72400134,2024-07-18,258.0,0,-6.7,,105899.0,single,1.0,PT. Universal Music Indonesia,Pop,Pop,0.198,0.583,0.188,0.124,0.0,0.087,0.0353,158.956,-5.383,2.0,1.0,6JDLpBIjNMKCHRsw1ffsUy,ID,Person,2001.0,,2024-07-18,2024-07-18,deezer,2024.0,727.0,-15,-3.191747157479948,6.588926477533519,Pop,Asia,0,0,4.3,2,0.6931471805599453,-2.9000533426815998,-0.428534792563192,-1.4863079009947633,-0.6307884896525707,-0.5611388482745858,1.3342433198580965,-0.65287702724831,-47.945400467305454
662,CACHORRINHAS,Luísa Sonza,1,False,110956689,10942,727,0.0099,,1.0,True,1821817557.0,CACHORRINHAS,Luísa Sonza,BRSME2200833,2022-07-18,134.0,0,-7.2,,549661.0,single,1.0,Sony Music Entertainment,Pop,Pop,0.709,0.696,0.484,0.16,0.0,0.248,0.275,98.119,-4.837,8.0,0.0,7KWKWJnbGJ3Soag6Oopion,BR,Person,1998.0,pop|alternative pop,2022-07-18,2022-07-18,deezer,2022.0,1458.0,-65,-4.615220521841593,7.284820912568604,Pop,Brazil,0,0,2.2333333333333334,2,0.6931471805599453,0.36649153017797376,0.17290145889755654,-0.24836238199405172,-0.4929584237362935,2.2359997629079515,-0.9648439621839386,-1.6298355376315699,-80.40382001814001
663,Alégale Al Umpire,Grupo Firme,1,False,110882935,240816,341,0.2172,,1.0,True,3331009081.0,Alégale Al Umpire,Grupo Firme,USA2P2519102,2025-05-08,208.0,0,-9.7,,569746.0,album,14.0,Music VIP Entertainment Presenta Grupo Firme,Latin Music,Latin Music,,,,,,,,,,,,,MX,Group,2014.0,banda sinaloense|sierreño|regional mexicano|sierreño-banda,2025-05-10,2025-05-08,deezer,2025.0,433.0,322,-1.5269366909223567,6.07073772800249,Latin Music,Mexico,0,1,3.466666666666667,1,0.0,,,,,,,0.43628250415070635,54.69457516211569
664,Tonight,PinkPantheress,1,False,110790470,203361,393,0.1836,,1.0,True,3344984921.0,Tonight,PinkPantheress,GBAYE2500032,2025-05-09,174.0,0,-7.6,,644040.0,album,9.0,Warner Records,Pop,Pop,0.726,0.919,0.84,0.0128,0.00143,0.25,0.0894,141.419,-4.441,10.0,0.0,5QCfOMH5K7bS4dH7H7PNeI,GB,Person,2001.0,uk garage|drum and bass|pop|jungle|alternative pop,2025-04-04,2025-04-04,musicbrainz,2025.0,467.0,271,-1.6949958007957469,6.1463292576688975,Pop,UK/Europe,0,0,2.9,3,1.0986122886681098,0.4751632774159636,1.3598066277094767,1.240518039506804,-1.0565302488161827,0.07017195216335848,0.6715036439179429,0.3659135151206907,44.18305407218792
665,Pass The Nirvana,Pierce The Veil,1,False,110321263,65543,630,0.0594,,1.0,True,2135303807.0,Pass The Nirvana,Pierce The Veil,US5262224867,2023-02-10,197.0,1,-7.1,,485692.0,album,12.0,Fearless Records,Rock,Rock,0.551,0.896,0.645,0.00101,0.0009,0.165,0.0857,143.082,-4.442,2.0,1.0,2BM3Y2LpQ5MpomYzAMNgq2,US,Group,2006.0,post-hardcore|easycore|rock|melodic hardcore|millennial,2022-09-01,2022-09-01,musicbrainz,2022.0,1413.0,35,-2.823461052613538,7.253470382684528,Other,US,0,1,3.283333333333333,2,0.6931471805599453,-0.6435164735633421,1.23739039953605,0.4249796063813355,-1.1016695954037636,0.026995427918988953,0.7343499734548343,0.14878629591249837,16.042497514879205
666,Tiene,Tobal Mj,1,False,110075540,88005,592,0.0799,,1.0,True,3242155501.0,Tiene,Tobal Mj,CLA1D2500002,2025-02-27,225.0,0,-8.4,,318196.0,single,1.0,Tobal Mj,Rap/Hip Hop,Rap/Hip Hop,0.734,0.611,0.392,0.123,0.000398,0.186,0.0439,98.009,-7.034,0.0,1.0,1KfiYYMCZkP7no8DdkXFDl,CL,Person,,,,2025-02-27,deezer,2025.0,503.0,74,-2.526979426209908,6.220590170099739,Rap/Hip Hop,Latin America (other),0,0,3.75,1,0.0,0.5263029231750176,-0.2795063408738028,-0.6331292324942728,-0.6346171025946896,-0.46078260273361865,-0.9690009653403175,-0.3741488006485638,-31.212545196560924
667,Hampstead,Ariana Grande,1,False,109542216,200773,397,0.1833,,1.0,True,3294515111.0,Hampstead,Ariana Grande,USUM72501921,2025-03-28,216.0,0,-10.3,,263855.0,album,19.0,Republic Records,Pop,Pop,0.617,0.273,0.145,0.886,0.0,0.147,0.0257,96.432,-7.732,0.0,1.0,3gY5RBC4rui2FGQNxZPZaE,US,Person,1993.0,pop|r&b|dance-pop|contemporary r&b|dance,2025-03-27,2025-03-27,musicbrainz,2025.0,475.0,270,-1.6966311241364778,6.163314804034641,Pop,US,0,0,3.6,3,1.0986122886681098,-0.221614396051147,-2.078492650552856,-1.6661445811198665,2.2866145722419646,-0.6731644246924096,-1.028597274227677,0.3856915915252903,47.06310457897449
668,Ends of the Earth,Ty Myers,1,False,109399717,127575,513,0.1166,,1.0,True,3048625941.0,Ends of the Earth,Ty Myers,USQX92404450,2024-10-18,269.0,0,-9.8,,424649.0,single,1.0,RECORDS Nashville / Columbia / Outlier Recordings,Country,Country,0.648,0.295,0.237,0.261,2.46e-05,0.1,0.0286,129.941,-7.743,9.0,1.0,4Zgw0xTP8TzHXtcm3hWO5l,US,Person,2007.0,country|americana,2024-10-18,2024-10-18,deezer,2024.0,635.0,155,-2.149006005065745,6.453624998892692,Country,US,0,0,4.483333333333333,3,1.0986122886681098,-0.023448268734812597,-1.961398867082622,-1.2813777306196454,-0.10626851658229337,-0.6393233651495253,0.23773926001869566,0.26129194099075015,29.860672663361477
669,Pusherman,Curtis Mayfield,1,False,109350427,37100,693,0.0339,,1.0,True,741548.0,Pusherman,Curtis Mayfield,USRH10282848,2004-07-27,300.0,1,-14.0,126.4,530859.0,album,11.0,Rhino,R&B,R&B,0.851,0.669,0.911,0.239,0.0852,0.108,0.0379,126.624,-9.562,10.0,1.0,7zrPswSV1yxrill5OyCuaU,US,Person,1942.0,soul|funk|r&b|chicago soul|psychedelic soul,1972-07,1972-07-01,musicbrainz,1972.0,19737.0,-24,-3.3843402645957323,9.890250325754108,R&B,US,0,0,5.0,1,0.0,1.2742202424011821,0.02919545191136045,1.537457674131975,-0.19049800130890734,-0.5307985879947585,0.11238671938497853,-0.5773223589966867,-43.86004176490697
670,Drinkin' Alone,Ty Myers,1,False,109325805,130928,507,0.1198,,1.0,True,2845648472.0,Drinkin' Alone,Ty Myers,USQX92402775,2023-05-12,254.0,0,-9.7,,323135.0,single,1.0,RECORDS Nashville / Columbia,Country,Country,0.446,0.403,0.0779,0.878,0.00306,0.119,0.0296,131.908,-9.393,7.0,1.0,3Ni91Z7QsnmgEUwgdaVZV0,US,Person,2007.0,country|americana,2024-10-18,2023-05-12,deezer,2023.0,1160.0,163,-2.121931593300788,7.05617528410041,Country,US,0,0,4.233333333333333,3,1.0986122886681098,-1.314724324150926,-1.3865748391378354,-1.946773447082528,2.255985668705014,-0.6276540342726686,0.3120740346423071,0.7534864837553799,112.4393784416784
671,GIMME A HUG,Drake,1,False,109245903,83860,597,0.0768,,1.0,True,3232025591.0,GIMME A HUG,Drake,USLD91772028,2025-02-14,193.0,1,-9.4,,585498.0,album,21.0,OVO Sound,R&B,R&B,0.457,0.671,0.245,0.0643,0.0,0.0772,0.0979,142.95,-5.53,1.0,1.0,5Nz7hI3cCOHmMR4vSLJ1An,CA,Person,1986.0,hip hop|r&b|pop rap|contemporary r&b|alternative r&b,2025-02-14,2025-02-14,deezer,2025.0,516.0,74,-2.566550638828511,6.246106765481563,R&B,Canada,0,0,3.216666666666667,4,1.3862943611198906,-1.2444073112322267,0.03984034131774539,-1.2479197436196263,-0.859356682297064,0.16936126461664003,0.7293615696671795,-0.38322339697505914,-31.833939864118477
672,malibU,rusowsky,1,False,109207635,215705,374,0.1975,,1.0,True,3348923451.0,malibU,rusowsky,USWB12501234,2025-05-23,215.0,0,-10.5,,707955.0,album,13.0,Rusia-IDK/Warner Records,Latin Music,Latin Music,,,,,,,,,,,,,ES,Person,1999.0,,2025-05-23,2025-05-23,deezer,2025.0,418.0,298,-1.6220166946409604,6.035481432524756,Latin Music,UK/Europe,0,0,3.5833333333333335,1,0.0,,,,,,,0.29449387447114006,34.24467401483147
673,Tonto corazón,Los Acosta,1,False,109021094,108394,553,0.0994,,1.0,True,68095523.0,Tonto corazón,Los Acosta,MXF160100160,2013-06-21,206.0,0,-10.9,103.6,321703.0,album,24.0,WM Mexico,Latin Music,Latin Music,0.595,0.945,0.619,0.00916,6.84e-05,0.205,0.0284,103.759,-1.675,2.0,1.0,7mnmdB1K25tnHCbSFZUe2E,MX,Group,1979.0,cumbia mexicana|cumbia,1990,1990-01-01,musicbrainz,1990.0,13344.0,120,-2.308603165319609,9.498822124598528,Latin Music,Mexico,0,1,3.433333333333333,1,0.0,-0.3622484218885456,1.4981901899924803,0.31624114863127284,-1.0704663999254953,-0.6416572313248966,-0.7517030730750562,0.5969971786173165,81.66555098429227
674,Damocles,Sleep Token,1,False,108875425,132114,504,0.1213,,1.0,True,3330724001.0,Damocles,Sleep Token,USRC12500020,2025-05-09,264.0,0,-9.2,,581271.0,album,10.0,Sleep Token/RCA Records,Alternative,Alternative|Rock|Metal,0.536,0.594,0.266,0.0296,1.19e-06,0.104,0.0319,156.082,-6.722,6.0,1.0,1ulH5PIntNj0ro2K69W4Fx,GB,Group,2016.0,progressive metal|alternative metal|alternative pop|djent|progressive rock,2025-04-25,2025-04-25,musicbrainz,2025.0,446.0,170,-2.1094884630321324,6.100318952020064,Alternative,UK/Europe,0,1,4.4,3,1.0986122886681098,-0.7394033093615685,-0.3699879008280748,-1.1600925277445757,-0.9922095513885867,-0.6008145732558984,1.2256321646632513,-0.10760755302921687,-10.202006320552249
675,CN TOWER,PARTYNEXTDOOR,1,False,108536398,103098,560,0.095,,1.0,True,3232025501.0,CN TOWER,PARTYNEXTDOOR,USLD91772019,2025-02-14,242.0,1,-7.9,,541269.0,album,21.0,OVO Sound,R&B,R&B,0.672,0.412,0.217,0.318,0.0,0.131,0.194,126.921,-7.057,3.0,0.0,4u43I0LP2Xf85OAS85eG0R,CA,Person,1993.0,r&b|contemporary r&b|alternative r&b|trap soul|canadian,2025-02-14,2025-02-14,deezer,2025.0,516.0,115,-2.353878387381596,6.246106765481563,R&B,Canada,0,0,4.033333333333333,4,1.3862943611198906,0.1299706685423495,-1.3386728368091034,-1.3650226981196936,0.11196242111847894,1.2907839618825634,0.12361062790720202,-0.17055114552814432,-15.680003738167347
676,NO ERA AMOR,DJ Asul,1,False,108409708,222802,366,0.2055,,1.0,True,3747816432.0,NO ERA AMOR,DJ Asul,CA5KR2533353,2025-05-13,83.0,0,-5.1,,398178.0,ep,6.0,INTERTONE,Electro,Electro,0.586,0.918,0.785,0.0336,0.0651,0.232,0.029,130.007,-0.858,1.0,1.0,63eP0T5gXN0xqp5xMrWhhs,SE,Person,,electronic|phonk|brazilian phonk,2025-05-13,2025-05-13,deezer,2025.0,428.0,310,-1.5823092450458478,6.059123195581797,Electro,UK/Europe,0,0,1.3833333333333333,1,0.0,-0.4197805233674814,1.3544841830062844,1.010494378881672,-0.9768950996201113,-0.6346556327987827,0.2402334619125231,0.3655939836745423,44.136990412196006
677,FXCK UP THE WORLD,LISA,1,False,108181506,66363,627,0.0613,,1.0,True,3251065581.0,FXCK UP THE WORLD (feat. Future),LISA,USRC12500277,2025-02-28,181.0,1,-9.1,,596917.0,album,15.0,Lloud Co./RCA Records,Asian Music,Asian Music|Pop,0.687,0.663,0.25,0.00598,3.53e-06,0.215,0.0468,146.02,-5.707,2.0,1.0,4rBRRLgdB9DYJhqA9uVcWt,JP,Person,1987.0,anime|j-pop|j-rock|pop rock,2025-02-28,2025-02-28,deezer,2025.0,502.0,50,-2.791975436039971,6.218600119691729,Asian Music,Asia,0,0,3.0166666666666666,2,0.6931471805599453,0.22585750434057586,-0.00273921630779437,-1.2270085017446142,-1.082641389081433,-0.4269415431907344,0.8453797486679372,-0.6415476652747252,-47.35230169536449
678,Amen,Shaboozey,1,False,108071469,179718,426,0.1663,,1.0,True,3339513921.0,Amen,Shaboozey,USUYG1717095,2025-04-24,197.0,0,-7.3,,681044.0,single,1.0,American Dogwood / EMPIRE,Country,Country,0.512,0.859,0.374,0.0361,0.0,0.255,0.0323,170.111,-4.364,7.0,1.0,2iSfSJrho5XkU2NmAnZ9ZV,US,Person,1995.0,country|hip hop|country pop|stomp and holler,2025,2025-01-01,musicbrainz,2025.0,560.0,252,-1.793961892783255,6.327936783729195,Country,US,0,0,3.283333333333333,2,0.6931471805599453,-0.8928222466387306,1.0404599455179286,-0.7084097032443161,-0.9673235672648144,-0.5961468409051557,1.7558012308527036,0.48329243282553924,62.14039874394515
679,Bad State of Mind,Treaty Oak Revival,1,False,107612336,316308,262,0.2939,,1.0,True,3219747081.0,Bad State of Mind,Treaty Oak Revival,QZDA62588926,2025-02-14,261.0,1,-7.9,,435130.0,single,1.0,Treaty Oak Revival,Country,Country,0.463,0.972,0.393,5.29e-05,0.00899,0.151,0.0945,173.004,-3.917,9.0,0.0,6WYheuwyFXkYkNDQUZm8NE,US,Group,,,2025-02-14,2025-02-14,deezer,2025.0,516.0,417,-1.2245157055572653,6.246106765481563,Country,US,0,1,4.35,1,0.0,-1.2060525769129362,1.6418961969786772,-0.6289469841192704,-1.1053339608506654,0.12968553963532742,1.8651304138654692,0.9588115362961864,160.85944106686964
680,Aquamarine,Addison Rae,1,False,107337373,102169,562,0.0952,,1.0,True,3397850511.0,Aquamarine,Addison Rae,USSM12406242,2025-06-06,163.0,0,-9.1,,625895.0,album,12.0,Columbia,Pop,Pop,0.568,0.827,0.685,0.0765,0.0243,0.096,0.0326,112.035,-8.266,7.0,0.0,3TPKsQTu9jZyzQJiax5rLA,US,Person,2000.0,pop|dance-pop|teen pop|2020s|trip hop,2024-10-25,2024-10-25,musicbrainz,2024.0,628.0,118,-2.3517753371848173,6.4425401664681985,Pop,US,0,0,2.716666666666667,3,1.0986122886681098,-0.534844726325353,0.8701417150157695,0.5922695413814317,-0.8126476044032144,-0.5926460416420988,-0.43894527196422106,0.047324468688690224,4.8462147032602765
681,Kali Kali Zulfon Ke,Madhur Sharma,1,False,107320116,38476,689,0.0359,,1.0,True,3067190211.0,Kali Kali Zulfon Ke,Madhur Sharma,FRX202114363,2024-10-30,350.0,0,-9.9,,33231.0,single,1.0,Universal Music India Pvt Ltd.,Indian Music,Indian Music,0.439,0.504,0.396,0.708,0.0,0.138,0.0516,153.924,-6.74,7.0,1.0,2kT3iaXNyWpLzIx1DmUsDF,,,,,,2024-10-30,deezer,2024.0,623.0,-8,-3.3270179834879037,6.434546518787453,Other,Unknown,0,0,5.833333333333333,1,0.0,-1.3594715141900984,-0.8490079241153965,-0.6164002389942631,1.6051214685448159,-0.37092875498182254,1.1440793209226545,-0.9360570697101012,-60.78289058358024
682,Stupid Cupid,Connie Francis,1,False,107298967,29209,709,0.0272,,1.0,True,4302809.0,Stupid Cupid,Connie Francis,USPR35812018,2000-06-27,133.0,0,-11.9,136.4,496791.0,album,18.0,Spectrum,Pop,Pop,0.596,0.82,0.966,0.78,1.85e-06,0.047,0.0372,135.874,-4.172,3.0,1.0,5G2FFxPjdhSkkNWWjKkxZv,US,Person,1937.0,pop|american|vocal jazz|traditional pop|brill building,1982,1982-01-01,musicbrainz,1982.0,16266.0,-27,-3.6045383056801854,9.69683231872672,Pop,US,0,0,2.216666666666667,2,0.6931471805599453,-0.3558559661686639,0.8328846020934222,1.767481334757107,1.8807816003773705,-0.5389671196085583,0.46195289389865984,-0.7498338211610935,-52.755494341105404
683,You Make Me Feel (Mighty Real),Sylvester,1,False,107186898,39948,688,0.0373,,1.0,True,13151378.0,You Make Me Feel (Mighty Real),Sylvester,GBQRF1037263,2011-07-31,213.0,0,-10.7,128.0,78879.0,album,16.0,Vanilla OMP,Pop,Pop|Disco,0.661,0.93,0.886,0.00898,0.0455,0.0757,0.0289,128.18,-6.635,10.0,1.0,67p4AmymfM5MdF66n4ZGIL,US,Person,1947.0,soul|disco|funk|hi-nrg|us,1990,1990-01-01,musicbrainz,1990.0,13344.0,-5,-3.2887619523323672,9.498822124598528,Pop,US,0,0,3.55,1,0.0,0.059653655623650215,1.418353519444594,1.4329014647569147,-1.0711555502550767,-0.6358225658864683,0.17118941857884795,-0.3831616083954419,-31.829727849958722
684,Heart Of A Woman,Summer Walker,1,False,107165321,93871,580,0.0876,,1.0,True,3050948141.0,Heart Of A Woman,Summer Walker,USUM72412378,2024-10-25,171.0,1,-11.4,,608124.0,single,3.0,LVRN/Interscope Records,R&B,R&B,0.717,0.412,0.556,0.549,0.0,0.146,0.123,129.869,-8.284,9.0,0.0,2jow3uCDOFhZL0ZsAz7zsB,US,Person,1996.0,soul|r&b|hip hop|neo soul|contemporary r&b,2024-10-25,2024-10-25,deezer,2024.0,628.0,104,-2.4349742810397914,6.4425401664681985,R&B,US,0,0,2.85,1,0.0,0.4176311759370278,-1.3386728368091034,0.05275950100612163,0.9963720107479248,0.4622614696257417,0.23501831249815663,-0.03587447516628384,-3.5238612604453934
685,Wake Up,Fetty Wap,1,False,106956978,9830,729,0.0092,,1.0,True,122996102.0,Wake Up,Fetty Wap,QMCE31600567,2016-04-22,224.0,0,-10.1,179.76,197035.0,single,1.0,300 Entertainment/RGF Productions,Rap/Hip Hop,Rap/Hip Hop,0.654,0.682,0.519,0.215,0.0,0.23,0.141,179.956,-6.089,5.0,1.0,4rvbxROs16M6xM5h3lNKQv,US,Person,1990.0,hip hop|pop rap|trap|contemporary r&b|2010s,2016-04-22,2016-04-22,deezer,2016.0,3736.0,-44,-4.688551794927142,8.225770799348734,Rap/Hip Hop,US,0,0,3.7333333333333334,1,0.0,0.014906465584477932,0.09838723305286257,-0.10198368886896746,-0.28238471191975884,0.6723094254091612,2.1278530133486164,-1.5472254645778176,-78.71623189480952
686,Headphones On,Addison Rae,1,False,106633394,119672,532,0.1122,,1.0,True,3326208711.0,Headphones On,Addison Rae,USSM12501184,2025-04-18,240.0,0,-8.2,,771030.0,single,1.0,Columbia,Pop,Pop,0.605,0.819,0.854,0.0236,0.0166,0.149,0.04,94.01,-7.041,6.0,0.0,3H6xZgwRZx8McVUJzmMxWe,US,Person,2000.0,pop|dance-pop|teen pop|2020s|trip hop,2025-04-18,2025-04-18,deezer,2025.0,453.0,154,-2.1874722858935414,6.115892125483034,Pop,US,0,0,4.0,3,1.0986122886681098,-0.29832386468972805,0.8275621573902298,1.2990695167568378,-1.0151812290412996,-0.5062929931533595,-1.1201269255435835,-0.16545308647191037,-15.249037806124088
687,Ishqa Ve,Zeeshan Ali,1,False,106450961,365504,221,0.3434,,1.0,True,3495725511.0,Ishqa Ve,Zeeshan Ali,FRX872514264,2025-08-20,207.0,0,-8.1,,225191.0,single,1.0,Openmic Studios,Asian Music,Asian Music,,,,,,,,,,,,,PK,Person,,,2025-08-20,2025-08-20,deezer,2025.0,329.0,466,-1.068859330518762,5.796057750765372,Asian Music,Other,0,0,3.45,1,0.0,,,,,,,0.5199879300189618,68.2007347779571
688,Una Noche Sin Pensar,Sebastian Yatra,1,False,106271351,20675,717,0.0195,,1.0,True,2144414637.0,Una Noche Sin Pensar,Sebastián Yatra,USUM72300897,2023-02-17,161.0,0,-6.7,,448006.0,single,1.0,UMLE - Latino,Pop,Pop|Latin Music,0.676,0.858,0.67,0.0354,0.0,0.211,0.0467,139.998,-2.636,0.0,1.0,2oW52tBeJNSv93Ct5AJb8q,CO,Person,1994.0,latin pop|latin|reggaeton|pop|colombian,2023-02-17,2023-02-17,deezer,2023.0,1244.0,-29,-3.937340813412436,7.126087273299125,Pop,Latin America (other),0,0,2.683333333333333,2,0.6931471805599453,0.15554049142187654,1.035137500814736,0.5295358157563956,-0.9700035963242977,-0.4281084762784201,0.6178027213250836,-1.0247530498229795,-64.11149188020097
689,Pal Pal,Afusic,1,False,106242585,214784,376,0.2022,,1.0,True,3232033101.0,Pal Pal,Afusic,AEUM72500015,2025-02-17,147.0,0,-11.6,,437531.0,single,1.0,Afusic,Pop,Pop,0.752,0.596,0.249,0.67,0.00166,0.106,0.0505,105.088,-9.177,5.0,0.0,4LMlVCXHJtCE9abhmn0mYo,IN,Person,,,2025-02-17,2025-02-17,deezer,2025.0,513.0,313,-1.598497972395766,6.240275845170769,Pop,Asia,0,0,2.45,1,0.0,0.6413671261328893,-0.35934301142168984,-1.2311907501196167,1.4596341767443013,-0.3837650189463648,-0.7014789167584421,0.577911414530581,78.2312029643992
690,X TI,Kapo,1,False,106224438,189080,411,0.178,,1.0,True,3427618611.0,X TI,Kapo,QZDYA1800535,2025-07-03,215.0,1,-8.2,,595057.0,album,15.0,Sony Music Latin/La Industria,African Music,African Music|Rap/Hip Hop|Pop,0.695,0.799,0.737,0.244,4.24e-05,0.0703,0.222,189.951,-2.907,6.0,0.0,4TFjpINnVhINpTdrtNQIvx,,Group,,,2025-07-03,2025-07-03,deezer,2025.0,377.0,279,-1.725971728690052,5.932245187448011,Other,Unknown,0,1,3.5833333333333335,3,1.0986122886681098,0.27699715009962916,0.7211132633263809,0.8097464568815566,-0.17135493659831325,1.6175252264345492,2.505573436512319,0.050748142496691795,5.205789123940496
691,"Matargashti (From ""Tamasha"")",Mohit Chauhan,1,False,106196299,89043,588,0.0838,,1.0,True,3271891061.0,"Matargashti (From ""Tamasha"")",Mohit Chauhan,INS181501794,2025-03-10,328.0,0,-9.4,,97226.0,album,25.0,Super Cassettes Industries Private Limited,Indian Music,Indian Music,0.792,0.63,0.659,0.102,0.0,0.0758,0.0682,100.022,-6.741,0.0,1.0,5GeBgck1MU2tlIkMpsn8uT,IN,Person,1966.0,indian pop,2015-10-16,2015-10-16,musicbrainz,2015.0,3925.0,103,-2.4793222714941,8.275121630216509,Other,Asia,0,0,5.466666666666667,4,1.3862943611198906,0.8970653549281594,-0.17837989151314587,0.48353108363136915,-0.7150179743791847,-0.1772178624260023,-0.8929278075785833,0.6597188862495744,93.42485141138748
692,putielegante,Peso Pluma,1,False,105963312,291402,287,0.275,,1.0,True,3729422292.0,putielegante,Peso Pluma,QMFMG2586971,2025-12-25,160.0,1,-7.7,,518164.0,album,15.0,Double P Records,,,0.776,0.881,0.812,0.571,0.00117,0.124,0.0857,138.094,-5.29,4.0,0.0,3Vd3esnuOFB6ohs7LzajCf,MX,Person,1999.0,regional mexicano|corrido tumbado,2026-02-26,2025-12-25,deezer,2025.0,202.0,405,-1.2909841813155656,5.308267697401205,Other,Mexico,0,0,2.6666666666666665,8,2.0794415416798357,0.7947860634100513,1.157553728988163,1.123415085006737,1.0806014954745384,0.026995427918988953,0.5458487757819434,-0.322747235634094,-27.58431277106229
693,Adiós Amor,Conjunto Primavera,1,False,105417719,129452,509,0.1228,,1.0,True,1758862617.0,Adiós Amor,Conjunto Primavera,USFI20302627,2005-05-31,197.0,0,-6.4,,430495.0,album,12.0,UMLE - Fonovisa,Latin Music,Latin Music,0.637,0.794,0.495,0.129,0.0,0.0696,0.0269,116.104,-1.683,2.0,0.0,3kF19JYd8cesPCvFjSzVxL,MX,Group,1978.0,norteño|regional mexicano|norteño-sax,2003-08-19,2003-08-19,musicbrainz,2003.0,8366.0,184,-2.097198263269095,9.031931152002144,Latin Music,Mexico,0,1,3.283333333333333,4,1.3862943611198906,-0.0937652816535119,0.6945010398104186,-0.20235764986902524,-0.6116454249419767,-0.6591612276401816,-0.28517394611598645,0.9246184478944461,152.09062197594582
694,Le temps de l'amour,Françoise Hardy,1,False,105398517,41029,685,0.0389,,1.0,True,1384472042.0,Le temps de l'amour,Françoise Hardy,FRZ052100153,2021-06-01,191.0,0,-9.6,,739661.0,single,1.0,Columbia,French Chanson,French Chanson|Pop,0.602,0.73,0.521,0.155,0.0,0.294,0.0411,119.062,-7.268,8.0,0.0,5shtZ4h7uNYO1KrBjVcDml,FR,Person,1944.0,yé-yé|pop|french|baroque pop|chanson française,1962-11-30,1962-11-30,musicbrainz,1962.0,23238.0,9,-3.2467610283577364,10.053544148742807,Other,UK/Europe,0,0,3.183333333333333,1,0.0,-0.31750123184937334,0.3538645788061005,-0.09361919211896264,-0.5121014884468876,-0.4934567291888173,-0.17338835214717901,-0.47697301873682063,-37.934072476122715
695,Con Toda La Fe,LOS DOS DE TAMAULIPAS,1,False,105327625,209311,381,0.1987,,1.0,True,3038370381.0,Con Toda La Fe,LOS DOS DE TAMAULIPAS,DGA0P2448849,2024-10-18,144.0,0,-7.9,,411472.0,single,1.0,Afinarte Music,Latin Music,Latin Music,,,,,,,,,,,,,US,Group,,,2025-07-02,2024-10-18,deezer,2024.0,635.0,314,-1.615959129424366,6.453624998892692,Latin Music,US,0,1,2.4,2,0.6931471805599453,,,,,,,0.7943388166321292,121.29773291775234
696,ROSE,HANA,1,False,105098761,187018,412,0.1779,,1.0,True,3284976721.0,ROSE,HANA,JPU902500941,2025-04-02,165.0,0,-7.7,,290800.0,single,1.0,Sony Music Labels Inc.,Asian Music,Asian Music,0.748,0.86,0.361,0.0613,0.0,0.095,0.0667,125.024,-3.929,0.0,1.0,3920QegiL2PHmaYYBVwexC,CZ,Person,1946.0,pop,2025-04-02,2025-04-02,deezer,2025.0,469.0,284,-1.7265336843103476,6.150602768446279,Asian Music,Other,0,0,2.75,1,0.0,0.6157973032533622,1.045782390221121,-0.7627789321193474,-0.8708425211234203,-0.19472185874128728,0.051921218928558194,0.3397834129803108,40.46433301027568
697,Survive,Lewis Capaldi,1,False,104982812,126324,519,0.1203,,1.0,True,3423848071.0,Survive,Lewis Capaldi,DEUM72504276,2025-06-27,225.0,0,-6.5,,762014.0,single,1.0,Vertigo Berlin,Alternative,Alternative,0.589,0.632,0.265,0.0457,0.0,0.0428,0.0316,98.991,-3.892,7.0,1.0,5oQ4EZPvV16BY6oHVBb3rc,GB,Person,1996.0,pop|singer-songwriter|scottish|blue-eyed soul|2020s,2025-06-27,2025-06-27,deezer,2025.0,383.0,178,-2.117766656001504,5.948034989180646,Alternative,UK/Europe,0,0,3.75,1,0.0,-0.40060315620783615,-0.16773500210676093,-1.1642747761195782,-0.9305688830204738,-0.6043153725189553,-0.9318902644351895,-0.3194391564233363,-27.34435926783504
698,La culebra,Banda Machos,1,False,104959446,56914,653,0.0542,,1.0,True,6615827.0,La culebra,Banda Machos,MXF160600270,2009-03-24,188.0,0,-12.2,140.2,408443.0,album,13.0,WM Mexico,Latin Music,Latin Music,0.866,0.891,0.96,0.591,2.63e-06,0.0491,0.0849,140.395,-7.382,7.0,1.0,6bJlR3XVNgAOIkKdiKkZz4,MX,Orchestra,1990.0,regional mexicano|technobanda,1992,1992-01-01,musicbrainz,1992.0,12614.0,45,-2.9150743705365367,9.442562587223597,Latin Music,Mexico,0,0,3.1333333333333333,2,0.6931471805599453,1.3701070781994085,1.2107781760200875,1.7423878445070926,1.1571737543169147,0.017659963217503696,0.6328057236258338,0.0050790028241296525,0.5091922823283079
699,Roundtable Rival,Lindsey Stirling,1,False,104866928,28027,710,0.0267,,1.0,True,4208450672.0,Roundtable Rival,Lindsey Stirling,QMF921450110,2014-05-05,203.0,0,-7.7,,644507.0,album,12.0,Lindseystomp Records,Electro,Electro|Rock,0.498,0.877,0.619,0.00266,0.25,0.411,0.0597,128.069,-3.84,2.0,0.0,7fLOFRCRe1c4kyoLJkNW1w,US,Person,1986.0,classical crossover|violin|dubstep|classical|american,2014-04-29,2014-04-29,musicbrainz,2014.0,4460.0,-11,-3.623091713575933,8.40290404501411,Electro,US,0,0,3.3833333333333333,3,1.0986122886681098,-0.9823166267170751,1.136263950175393,0.31624114863127284,-1.0953523840492676,-0.2764071748792837,0.16699462448468308,-0.4936634438532068,-38.961382225463794
701,CRUSH,Playboi Carti,1,False,104502245,57296,651,0.0548,,1.0,True,3278625181.0,CRUSH,Playboi Carti,USUM72414869,2025-03-14,173.0,1,-10.0,,523062.0,album,30.0,AWGE/Interscope Records,Rap/Hip Hop,Rap/Hip Hop,0.432,0.62,0.255,0.202,5.12e-05,0.173,0.0486,139.936,-7.392,7.0,1.0,3VdooJLOy4tLxKpnn46SMP,US,Person,1995.0,hip hop|trap|rap|southern hip hop|cloud rap,2025-03-14,2025-03-14,deezer,2025.0,488.0,50,-2.9040650850281673,6.1903154058531475,Rap/Hip Hop,US,0,0,2.8833333333333333,5,1.6094379124341003,-1.4042187042292706,-0.23160433854507056,-1.2060972598696023,-0.3321566801673033,-0.40593674761239246,0.615459683182398,-0.788163595319705,-54.532099627375395
702,Chevaliers De Sangreal,Hans Zimmer,1,False,104261625,36314,696,0.0348,,0.94,True,2511688.0,Chevaliers De Sangreal (From The Da Vinci Code Original Motion Picture Soundtrack),Hans Zimmer,USUM70602461,2006-06-22,247.0,0,-13.6,162.1,607002.0,album,14.0,Decca Soundtracks,Films/Games,Films/Games|Film Scores,0.0978,0.223,0.04,0.53,0.965,0.107,0.0344,88.799,-15.884,7.0,0.0,5vpFVpFShjv7fjnc0Vk04t,US,Person,1957.0,soundtrack|orchestral|modern classical|film composer|cinematic classical,2006-05-09,2006-05-09,musicbrainz,2006.0,7372.0,6,-3.3581378922017087,8.905444318789714,Other,US,0,0,4.116666666666666,1,0.0,-3.5405774058137514,-2.3446148857124793,-2.105280660495119,0.9236283648476673,-0.5716412460637568,-1.317055502342588,-0.3084531362059413,-26.541762329024642
703,MF Gabhru!,Karan Aujla,1,False,104172642,159555,456,0.1532,,1.0,True,3481407371.0,MF Gabhru!,Karan Aujla,CAW112500971,2025-08-01,200.0,1,-7.2,,241735.0,single,1.0,WM Canada,Rap/Hip Hop,Rap/Hip Hop|Rock,0.667,0.911,0.39,0.000836,0.0,0.145,0.0464,95.986,-3.844,11.0,1.0,1jjmRJyc4A8bzH9PlLQdG3,IN,Person,1997.0,karanaujal,2025-08-22,2025-08-01,deezer,2025.0,348.0,247,-1.876011021675646,5.8522024797744745,Rap/Hip Hop,Asia,0,0,3.3333333333333335,3,1.0986122886681098,0.09800838994294074,1.317227070083937,-0.6414937292442776,-1.1023357740556923,-0.4316092755414771,-1.0454520324799041,-0.20954888012485995,-18.90500008729239
704,Face 2 Face,Juice WRLD,1,False,103967179,24590,716,0.0237,,1.0,True,2071895007.0,Face 2 Face,Juice WRLD,USUG12209223,2022-12-15,124.0,0,-8.9,,385262.0,single,1.0,Grade A Productions/Interscope Records,Rap/Hip Hop,Rap/Hip Hop,0.7,0.738,0.433,0.0616,0.0,0.101,0.0313,155.985,-4.47,9.0,1.0,6L4XGeAdRRC32vVJpp8MdM,US,Person,1998.0,hip hop|emo rap|rap|trap|alternative hip hop,2022-12-15,2022-12-15,deezer,2022.0,1308.0,-12,-3.7422802308410517,7.176254532017144,Rap/Hip Hop,US,0,0,2.066666666666667,2,0.6931471805599453,0.308959428699038,0.3964441364316403,-0.46165704911917427,-0.8696939372407847,-0.6078161717820123,1.2219664436980815,-0.8049747328550523,-55.290077666248074
705,Energía Bacana,Sebastian Yatra,1,False,103844317,33119,704,0.0319,,1.0,True,2444474075.0,Energía Bacana,Sebastián Yatra,USUM72310741,2023-09-15,147.0,0,-7.8,,447269.0,single,1.0,UMLE - Latino,Pop,Pop|Latin Music,0.756,0.739,0.627,0.144,0.0,0.108,0.0508,92.061,-4.378,0.0,1.0,66BJ0C0v3xjYM9GVB6RGxB,CO,Person,1994.0,latin pop|latin|reggaeton|pop|colombian,2023-09-15,2023-09-15,deezer,2023.0,1034.0,1,-3.4451492691913383,6.9411900550683745,Pop,Latin America (other),0,0,2.45,2,0.6931471805599453,0.6669369490124162,0.40176658113483277,0.3496991356312921,-0.5542162308101946,-0.38026421968330787,-1.1937814632870607,-0.6379894079008448,-47.16463394758863
706,I'll Take Care of You,"Tyler, The Creator",2,True,103657182,149369,471,0.1441,,1.0,True,3470153011.0,I'll Take Care of You (feat. Yebba),"Tyler, The Creator",USQX92503277,2025-07-21,200.0,1,-8.1,,650345.0,album,10.0,Columbia,Rap/Hip Hop,Rap/Hip Hop,0.712,0.831,0.359,0.565,0.000336,0.109,0.0528,133.794,-4.113,11.0,0.0,4waPZF96vX1Oz5pzH6dB0h,US,Person,1991.0,hip hop|hardcore hip hop|horrorcore|west coast hip hop|rock,2025-07-21,2025-07-21,deezer,2025.0,359.0,235,-1.9372477759766606,5.883322388488279,Rap/Hip Hop,US,1,0,3.3333333333333335,3,1.0986122886681098,0.385668897337619,0.8914314938285394,-0.7711434288693523,1.0576298178218255,-0.3569255579295946,0.38334774330531374,-0.2278125760063776,-20.37265133924463
707,familie,Mrs. GREEN APPLE,1,False,103558232,48742,670,0.0471,,1.0,True,2929760281.0,familie,Mrs. GREEN APPLE,JPPO02403372,2024-08-08,222.0,0,-6.9,,109651.0,single,1.0,Universal Music LLC,Rock,Rock,0.67,0.827,0.761,0.0516,0.0,0.0357,0.0797,95.472,-4.481,9.0,1.0,4PCQHOJFMV9BWq46UMVf2l,JP,Group,2013.0,j-rock|j-pop|pop rock|emi|mrs. green apple,2024-08-09,2024-08-08,deezer,2024.0,706.0,37,-3.055482277959765,6.559615237493242,Other,Asia,0,1,3.7,1,0.0,0.11718575710258601,0.8701417150157695,0.9101204178816142,-0.9079800666619728,-0.04302055734215096,-1.0648765745015296,-0.5432096533113544,-41.91191689931797
708,Enough (Miami),Cardi B,1,False,103434782,75254,612,0.0728,,1.0,True,2700509182.0,Enough (Miami),Cardi B,USAT22401679,2024-03-15,158.0,1,-8.1,,435835.0,single,1.0,Atlantic Records,Rap/Hip Hop,Rap/Hip Hop,0.926,0.791,0.473,0.00255,0.0,0.0772,0.273,139.166,-4.553,5.0,1.0,3QZO50euoMql4fSehzRJ3b,US,Person,1992.0,hip hop|pop|east coast hip hop|alternative pop|hardcore hip hop,2024-03-15,2024-03-15,deezer,2024.0,852.0,96,-2.6200393237794968,6.747586526829315,Rap/Hip Hop,US,0,0,2.6333333333333333,2,0.6931471805599453,1.753654421392314,0.6785337057008411,-0.29436711411907823,-1.0957735314729007,2.2126611011542385,0.5863606610877452,0.05114352191073124,5.247393551422963
709,LA REINA,Lola Indigo,1,False,103120483,33447,703,0.0324,,1.0,True,2835962342.0,LA REINA,Lola Indigo,ESUM72400932,2024-06-13,153.0,0,-8.1,,567925.0,single,1.0,Universal Music Spain S.L.,Pop,Pop|Latin Music,0.721,0.731,0.711,0.0146,0.0,0.356,0.0909,128.062,-4.273,11.0,0.0,06JM1fuKPQOrSL6s9mzDvV,ES,Person,1992.0,latin pop|reggaeton|electropop|dance-pop|funk carioca,2024-06-13,2024-06-13,deezer,2024.0,762.0,6,-3.4295968561838532,6.635946555686647,Pop,UK/Europe,0,0,2.55,2,0.6931471805599453,0.44320099881655484,0.359187023509293,0.7010079991314939,-1.0496387455203688,0.08767594847864345,0.16673008792018712,-0.8494811232869335,-57.23632348492039
710,Body Splash,Felipe Araújo,1,False,102994750,36798,694,0.0357,,0.94,True,3069018071.0,Body Splash (Ao Vivo),Felipe Araújo,BRUM72402243,2024-11-08,155.0,0,-6.8,,808738.0,album,8.0,Universal Music Ltda.,Brazilian Music,Brazilian Music,0.602,0.793,0.708,0.723,0.0,0.598,0.0418,116.665,-3.757,1.0,1.0,48Q4K2A5mWTH3j130Jpfme,BR,Person,1995.0,sertanejo|sertanejo universitário,2024-11-06,2024-11-06,musicbrainz,2024.0,616.0,16,-3.3326045901965435,6.423246963533519,Brazilian Music,Brazil,0,0,2.5833333333333335,1,0.0,-0.31750123184937334,0.6891785951072261,0.6884612540064867,1.662550662676598,-0.4852881975750177,-0.26397323001845374,-0.9532396662195408,-61.45098610566991
711,Eu Quero Só Você,Jorge & Mateus,2,True,102950678,64073,635,0.0622,,0.94,True,61025821.0,Eu Quero Só Você (Ao Vivo),Jorge & Mateus,BR3PJ1200030,2012-10-15,191.0,0,-6.5,,620558.0,album,18.0,Som Livre,Brazilian Music,Brazilian Music|Latin Music,0.547,0.869,0.351,0.567,0.0,0.962,0.0457,94.492,-4.79,0.0,1.0,7blWdaLlmXMEh4ej2IPP8N,BR,Group,2005.0,country|sertanejo|sertanejo universitário,2010,2010-01-01,musicbrainz,2010.0,6039.0,76,-2.7774002792370034,8.705993714307901,Brazilian Music,Brazil,1,1,3.183333333333333,7,1.9459101490553132,-0.6690862964428691,1.0936843925498532,-0.8046014158693715,1.065287043706063,-0.43977780715527676,-1.1019116935310869,0.31075310190312466,36.44522989192593
712,Calma,Jorge & Mateus,2,True,102891385,176384,431,0.1714,,1.0,True,88645053.0,Calma,Jorge & Mateus,BRUXD1400193,2014-10-21,187.0,0,-7.7,130.8,620128.0,single,1.0,Som Livre,Brazilian Music,Brazilian Music,0.692,0.728,0.594,0.579,0.0,0.245,0.0516,130.843,-6.122,1.0,1.0,08S87JhTuW05ewSCeIwvwy,BR,Group,2005.0,country|sertanejo|sertanejo universitário,2014-10-21,2014-10-21,deezer,2014.0,4285.0,281,-1.7637552728184576,8.36287583103188,Brazilian Music,Brazil,1,1,3.1166666666666667,7,1.9459101490553132,0.2578197829399839,0.3432196893997156,0.21168493925621265,1.111230399011489,-0.37092875498182254,0.27182668590100223,1.3692359484437453,293.2345033033941
713,Don’t Worry I’ll Make You Worry,Sabrina Carpenter,1,False,102585383,138826,492,0.1353,,1.0,True,3529873571.0,Don’t Worry I’ll Make You Worry,Sabrina Carpenter,USUM72504448,2025-08-29,222.0,1,-8.5,,568998.0,album,12.0,Island Records,Pop,Pop,0.455,0.437,0.278,0.458,0.0,0.151,0.0259,89.973,-6.961,1.0,1.0,21IVPfi81m6ywNgOvqTj1i,US,Person,1999.0,pop|electropop|dance-pop|2020s|american,2025-08-29,2025-08-29,deezer,2025.0,320.0,221,-2.0002607438053945,5.768320995793772,Pop,US,0,0,3.7,14,2.6390573296152584,-1.2571922226719903,-1.2056117192292917,-1.1099055472445467,0.6479682330151127,-0.6708305585170382,-1.2726889413826898,-0.44969521985911576,-36.21774823623974
714,"If You Want To Sing Out, Sing Out",Yusuf / Cat Stevens,1,False,102344035,19956,718,0.0195,,1.0,True,1705424157.0,"If You Want To Sing Out, Sing Out",Yusuf / Cat Stevens,GBAAN8400009,2022-04-08,168.0,0,-15.2,,455224.0,album,27.0,UMC (Universal Music Catalogue),Pop,Pop,0.687,0.284,0.851,0.791,0.0145,0.158,0.0355,132.242,-13.452,0.0,1.0,340t55txxJWQmTFK7wARZh,,,,,,2022-04-08,deezer,2022.0,1559.0,-4,-3.937340813412436,7.351799869057777,Pop,Unknown,0,0,2.8,1,0.0,0.22585750434057586,-2.019945758817739,1.2865227716318306,1.9228963427406773,-0.5588049820992145,0.324696207862585,-0.9258654584752617,-60.381161394052626
715,ZEN,JENNIE,1,False,102184490,131568,506,0.1288,,1.0,True,3262816661.0,ZEN,JENNIE,USQX92500267,2025-03-07,201.0,1,-8.4,,649667.0,album,15.0,OA Entertainment/Columbia,Asian Music,Asian Music|Pop,0.68,0.749,0.182,0.0163,0.00273,0.243,0.0547,107.948,-7.842,6.0,0.0,0BpDXGD919oMdvaNjgVCM3,KR,Person,1996.0,k-pop|pop|hip hop|rock|dance,2025-01-25,2025-01-25,musicbrainz,2025.0,536.0,209,-2.049494465311884,6.284134161070802,Asian Music,Asia,0,0,3.35,7,1.9459101490553132,0.18111031430140356,0.45499102816675746,-1.5114013912447777,-1.043130103518767,-0.33475382926356695,-0.5933968346925904,0.17821153145078616,19.507809110188347
716,Life Is Simple (Move Your Body) [Feat Salomé Das],Maesic,1,False,102173224,232944,351,0.228,,1.0,True,3249093041.0,Life Is Simple (Move Your Body),Maesic,QZUCN2202170,2025-03-07,172.0,0,-9.9,,816078.0,single,1.0,Helix Records,Dance,Dance,0.755,0.707,0.69,0.445,0.228,0.149,0.104,120.982,-9.766,3.0,0.0,6sgYrldk8IdtSERq4eGZj1,US,Person,,,2025-03-07,2025-03-07,deezer,2025.0,495.0,365,-1.4784096500276962,6.20455776256869,Dance,US,0,0,2.8666666666666667,1,0.0,0.6605444932925345,0.23144835063267372,0.6131807832564433,0.5981962647675682,0.24054418296546548,-0.10082975159947428,0.6549632639090386,92.50717964647434
717,Bluest Flame,Selena Gomez,1,False,102168737,81431,602,0.0797,,1.0,True,3285871901.0,Bluest Flame,Selena Gomez,USUG12408963,2025-03-21,162.0,0,-9.9,,638732.0,album,14.0,SMG Music LLC & Friends Keep Secrets under exclusive license to Interscope Records,Pop,Pop,0.819,0.612,0.463,0.0109,0.0267,0.109,0.0909,135.617,-7.305,7.0,0.0,6vuVCtwukUA57ioTnKKeuL,US,Person,1992.0,pop|dance-pop|electropop|teen pop|rock,2025-03-19,2025-03-19,musicbrainz,2025.0,483.0,115,-2.529485693185968,6.180016653652572,Pop,US,0,0,2.7,3,1.0986122886681098,1.0696616593649662,-0.27418389617061034,-0.3361895978691021,-1.0638046134062085,0.08767594847864345,0.4522406228878471,-0.42632314508760905,-34.70946751204892
718,Someone That Loves You,HONNE,1,False,101984959,12941,725,0.0127,,1.0,True,121804864.0,Someone That Loves You,HONNE,GBAHS1600143,2016-04-08,244.0,0,-7.3,104.93,414563.0,single,1.0,Atlantic Records UK,Alternative,Alternative,0.531,0.728,0.418,0.0416,7.19e-06,0.135,0.063,104.978,-4.985,6.0,0.0,1yraET52i6ZkrvvrmKNyn6,GB,Group,2014.0,,2016,2016-01-01,musicbrainz,2016.0,3848.0,-7,-4.3661532855175915,8.255308811785596,Alternative,UK/Europe,0,1,4.066666666666666,2,0.6931471805599453,-0.7713655879609772,0.3432196893997156,-0.5243907747442104,-0.946266196083161,-0.2378983829856568,-0.705635919914821,-1.2260952143336081,-70.65638512044065
720,Reliquia,ROSALÍA,1,False,101904014,151794,466,0.149,,1.0,True,3640140902.0,Reliquia,ROSALÍA,USSM12504030,2025-11-07,229.0,0,-11.0,,695059.0,album,15.0,Columbia,Alternative,Alternative,0.502,0.424,0.576,0.871,0.00137,0.154,0.162,104.017,-8.463,0.0,1.0,4ORvXsPK9AJmDzm36BYcdy,ES,Person,1992.0,flamenco|reggaeton|spanish|female vocals|latin pop,2025-11-04,2025-11-04,musicbrainz,2025.0,253.0,254,-1.903808973036678,5.53338948872752,Alternative,UK/Europe,0,0,3.816666666666667,3,1.0986122886681098,-0.9567468038375482,-1.2748035003707938,0.13640446850616933,2.2291853781101825,0.9173653738231509,-0.7419530111264586,-0.6683311707157187,-48.74367550053502
722,Namumula,Maki,1,False,101410876,52576,663,0.0518,,1.0,True,2958376911.0,Namumula,Maki,PHS032402779,2024-08-30,174.0,1,-10.5,,160551.0,single,1.0,Tarsier Records,Alternative,Alternative|Indie Pop,0.568,0.611,0.478,0.0239,0.0,0.159,0.0392,75.979,-8.202,0.0,1.0,5OAGg2B2BjxzpiEcuzaCkZ,JP,Character,,,2024-08-30,2024-08-30,deezer,2024.0,684.0,59,-2.9603651297166995,6.52795791762255,Alternative,Asia,0,0,2.9,1,0.0,-0.534844726325353,-0.2795063408738028,-0.27345587224406614,-1.014032645158664,-0.5156284578548449,-1.8015353247496582,-0.47759262832252647,-37.97251720817002
723,bckpckbyz,Peso Pluma,1,False,100921984,252063,329,0.2498,,1.0,True,3729422402.0,bckpckbyz,Peso Pluma,QMFMG2587014,2025-12-25,223.0,1,-8.0,,446201.0,album,15.0,Double P Records,,,0.699,0.743,0.797,0.616,0.000444,0.205,0.0428,90.016,-6.339,5.0,0.0,1x5h3eMg6pmC7P9EVF18Pc,MX,Person,1999.0,regional mexicano|corrido tumbado,2026-02-26,2025-12-25,deezer,2025.0,202.0,394,-1.3870946812906597,5.308267697401205,Other,Mexico,0,0,3.716666666666667,8,2.0794415416798357,0.3025669729791562,0.42305635994760266,1.060681359381701,1.2528890778698851,-0.473618866698161,-1.2710639310579233,-0.41885773560918815,-34.2202230189504
724,Sei tocar violão,Clayton & Romário,2,True,100833736,32979,705,0.0327,,0.94,True,2992024051.0,Sei Tocar Violão (Ao Vivo),Clayton & Romário,BCYWS2400021,2024-09-26,164.0,0,-7.4,,632777.0,single,3.0,WM Brazil,Brazilian Music,Brazilian Music,0.642,0.773,0.608,0.64,0.0,0.448,0.0407,108.035,-4.014,0.0,0.0,2KdyhL41F9solmRiyLQ3yl,,Group,,,2025-02-06,2024-09-26,deezer,2024.0,657.0,19,-3.4203802010789293,6.48768401848461,Brazilian Music,Unknown,1,1,2.7333333333333334,3,1.0986122886681098,-0.06180300305410313,0.5827297010433767,0.27023641650624636,1.3447757884807368,-0.4981244615395599,-0.5901090231052725,-0.9763119212980578,-62.33021686608997
725,Bintang 5,Tenxi,1,False,100811879,138534,493,0.1374,,1.0,True,3506623421.0,Bintang 5,TENXI,QMDA72560810,2025-08-29,246.0,0,-10.3,,174342.0,album,13.0,AntiNRML,Rap/Hip Hop,Rap/Hip Hop,0.613,0.461,0.485,0.518,0.00218,0.214,0.0454,137.98,-5.656,8.0,1.0,0HoWTALX2BktSIrSmflWSP,ID,Person,2000.0,hip hop,2025-08-29,2025-08-29,deezer,2025.0,320.0,232,-1.984858899193888,5.768320995793772,Rap/Hip Hop,Asia,0,0,4.1,3,1.0986122886681098,-0.24718421893067402,-1.0778730463526724,-0.2441801336190493,0.8776850095422416,-0.44327860641833366,0.5415406088744232,-0.43429337524760925,-35.227779805316636
726,Bete Balanço,Barão Vermelho,1,False,100802110,50986,666,0.0506,,1.0,True,11085356.0,Bete Balanço,Barão Vermelho,BRRGE8400009,1984-01-01,213.0,0,-13.5,117.1,735359.0,album,11.0,Som Livre,Brazilian Music,Brazilian Music|Latin Music,0.782,0.705,0.902,0.416,0.00179,0.0743,0.038,116.967,-9.16,11.0,0.0,0SrDqCmn2ClzEzNkAZYc2Y,BR,Group,1981.0,,1984,1984-01-01,deezer,1984.0,15536.0,60,-2.9838037026887174,9.650915190531107,Brazilian Music,Brazil,0,1,3.55,1,0.0,0.8331407977293419,0.22080346122628877,1.4998174387569534,0.4871664894461225,-0.5296316549070729,-0.25256036680730465,-0.1174080205276411,-11.077770181714964
727,Dance With My Father,Luther Vandross,1,False,100667340,37443,691,0.0372,,1.0,True,15397232.0,Dance With My Father,Luther Vandross,USJAY0300056,2003-06-10,266.0,0,-14.5,162.13,489521.0,album,14.0,J Records,R&B,R&B,0.739,0.341,0.231,0.525,1.1e-06,0.072,0.0378,80.958,-9.971,10.0,1.0,7snmvZMLdGGk3l9PcvoYSM,US,Person,1951.0,soul|r&b|quiet storm|queer|pop,2002,2002-01-01,musicbrainz,2002.0,8961.0,36,-3.291446517703036,9.10063710688422,R&B,US,0,0,4.433333333333334,2,0.6931471805599453,0.5582652017744264,-1.7165664107357683,-1.30647122086966,0.9044853001370733,-0.5319655210824442,-1.6133742455168345,-0.28565627457745935,-24.847911160814885
728,Piel Morena,Thalia,1,False,100633015,41238,684,0.041,,1.0,True,3255362.0,Piel Morena,Thalia,MXF060100285,2004-02-10,282.0,0,-9.7,180.5,469235.0,album,16.0,Capitol Latin,Latin Music,Latin Music,0.738,0.866,0.898,0.312,0.0,0.0332,0.126,180.784,-4.257,2.0,0.0,2SskegvRkUbZA6HgOxpkdf,MX,Person,1971.0,latin pop|latin,1995,1995-01-01,musicbrainz,1995.0,11518.0,44,-3.1941832122778293,9.351666308066617,Latin Music,Mexico,0,0,4.7,3,1.0986122886681098,0.5518727460545446,1.0777170584402758,1.4830884452569437,0.08899074346576603,0.49726946225631163,2.159143909834814,-0.25064066563250664,-22.169800802865957
729,Clave Privada,Banda El Recodo,1,False,100615715,141056,488,0.1402,,0.96,True,564956292.0,Clave Privada,Banda El Recodo De Cruz Lizárraga,TCADQ1892383,2018-10-12,175.0,0,-9.9,196.88,196559.0,album,12.0,Banda El Recodo2 DD,Latin Music,Latin Music,0.827,0.498,0.968,0.499,0.0,0.0757,0.0391,98.512,-5.831,8.0,1.0,58M23yvItJBuCsxdT3MYXO,MX,Orchestra,1938.0,regional mexicano|banda sinaloense|latin|banda,1996-02-27,1996-02-27,musicbrainz,1996.0,11096.0,241,-1.9646853043816475,9.314339961994667,Latin Music,Mexico,0,0,2.9166666666666665,2,0.6931471805599453,1.1208013051240202,-0.8809425923345513,1.7758458315071117,0.804941363641984,-0.5167953909425306,-0.9499921236343304,0.9883776036598644,168.68717633693663
730,with the IE (way up),JENNIE,1,False,100284982,103544,559,0.1032,,1.0,True,3262816621.0,with the IE (way up),JENNIE,USQX92500263,2025-03-07,163.0,1,-6.8,,610046.0,album,15.0,OA Entertainment/Columbia,Asian Music,Asian Music|Pop,0.691,0.811,0.79,0.0604,3.45e-05,0.0451,0.198,90.115,-1.281,1.0,1.0,1i6BItuKCtaHiigEKQovXb,KR,Person,1996.0,k-pop|pop|hip hop|rock|dance,2025-03-07,2025-03-07,deezer,2025.0,495.0,171,-2.2710864259346746,6.20455776256869,Asian Music,Asia,0,0,2.716666666666667,7,1.9459101490553132,0.25142732722010214,0.7849825997646906,1.0314056207566842,-0.8742882727713273,1.33746128538999,-1.2673226282171826,-0.1377135119979398,-12.865171317911607
