rank,track,artist,billed_artist_count,is_collaboration,spotify_streams_total,daily_streams,daily_streams_rank,daily_stream_share_pct,wrapped_global_top10_rank,dz_match_score,dz_artist_match,dz_track_id,dz_title,dz_artist,isrc,release_date,duration_sec,explicit,loudness_gain_db,bpm,dz_popularity_rank,album_type,album_tracks,label,genre,genres_all,af_danceability,af_energy,af_valence,af_acousticness,af_instrumentalness,af_liveness,af_speechiness,af_tempo,af_loudness,af_key,af_mode,spotify_track_id,artist_country,artist_type,artist_begin_year,artist_tags,mb_first_release,original_release_date,date_source,release_year,days_since_release,momentum
1,Ordinary,Alex Warren,1,False,1948570210,2333502,11,0.1198,4.0,1.0,True,3210709941.0,Ordinary,Alex Warren,USAT22500463,2025-02-07,186.0,False,-6.8,,990241.0,single,1.0,Atlantic Records,Pop,Pop,0.368,0.694,0.391,0.704,6.59e-06,0.055,0.06,168.115,-6.141,2.0,1.0,303GR2WugkKRu2rE3sEXMe,US,Person,2000,pop|indie pop|folk|singer-songwriter|indie folk,2024-09-27,2024-09-27,musicbrainz,2024.0,656.0,-10
2,DtMF,Bad Bunny,1,False,1912497312,3017476,3,0.1578,5.0,1.0,True,3171003131.0,DtMF,Bad Bunny,QMFMF2447070,2025-01-05,237.0,True,-8.4,,981279.0,album,17.0,Rimas Entertainment LLC.,Latin Music,Latin Music,0.625,0.131,0.032,0.177,0.218,0.0807,0.0717,136.02,-27.405,7.0,0.0,3sK8wGT43QFpWrvNQsrQya,PR,Person,1994,reggaeton|trap latino|latin|latin trap|hip hop,2025-01-05,2025-01-05,deezer,2025.0,556.0,-1
3,Golden,HUNTR/X,1,False,1759912501,2286960,14,0.1299,7.0,1.0,True,3412534581.0,Golden,HUNTR/X,QZ8BZ2513510,2025-06-20,192.0,False,-7.4,,979012.0,album,12.0,K-Pop Demon Hunters,Asian Music,Asian Music,0.722,0.68,0.104,0.0984,0.0,0.187,0.0537,122.823,-4.489,4.0,0.0,64CfsZTgVJgOnj1jhEDuNM,US,Group,2025,k-pop|fictional group,2025-07-25,2025-06-20,deezer,2025.0,390.0,-11
4,BAILE INoLVIDABLE,Bad Bunny,1,False,1553054400,2624716,7,0.169,,1.0,True,3171003001.0,BAILE INoLVIDABLE,Bad Bunny,QMFMF2447057,2025-01-05,367.0,True,-8.4,,971935.0,album,17.0,Rimas Entertainment LLC.,Latin Music,Latin Music,0.168,0.00332,0.219,0.192,0.79,0.112,0.0615,119.387,-46.113,10.0,1.0,2lTm559tuIvatlT1u0JYG2,PR,Person,1994,reggaeton|trap latino|latin|latin trap|hip hop,2025-01-05,2025-01-05,deezer,2025.0,556.0,-3
5,The Fate of Ophelia,Taylor Swift,1,False,1425834222,3046797,2,0.2137,,1.0,True,3579685431.0,The Fate of Ophelia,Taylor Swift,USUG12506436,2025-10-03,226.0,False,-8.5,,999852.0,album,12.0,Taylor Swift,Pop,Pop,0.728,0.606,0.536,0.281,0.0,0.101,0.0283,123.966,-5.211,5.0,1.0,31TXxq8gfgYyrYClnYY48m,US,Person,1989,pop|country|country pop|singer/songwriter|female vocals,2025-10-03,2025-10-03,deezer,2025.0,285.0,3
6,NUEVAYoL,Bad Bunny,1,False,1304961163,2331822,12,0.1787,,1.0,True,3171002981.0,NUEVAYoL,Bad Bunny,QMFMF2447055,2025-01-05,183.0,False,-8.0,,977729.0,album,17.0,Rimas Entertainment LLC.,Latin Music,Latin Music,0.142,0.195,0.12,0.265,0.995,0.204,0.139,137.922,-20.024,6.0,1.0,5TFD2bmFKGhoCRbX61nXY5,PR,Person,1994,reggaeton|trap latino|latin|latin trap|hip hop,2025-01-05,2025-01-05,deezer,2025.0,556.0,-6
7,Man I Need,Olivia Dean,1,False,1163100298,3075070,1,0.2644,,1.0,True,3503857201.0,Man I Need,Olivia Dean,GBUM72503089,2025-08-15,184.0,False,-8.7,,991622.0,single,1.0,PLG - Capitol,Pop,Pop,0.572,0.58,0.716,0.462,0.000268,0.0999,0.132,119.009,-7.285,1.0,1.0,0mYXRQpTGjaLJt1l9MY4ps,GB,Person,1999,neo soul|pop soul|pop|female vocals|indie pop,2025-08-15,2025-08-15,deezer,2025.0,334.0,6
8,EoO,Bad Bunny,1,False,1134697302,1852754,20,0.1633,,1.0,True,3171003121.0,EoO,Bad Bunny,QMFMF2447069,2025-01-05,204.0,True,-8.1,,979885.0,album,17.0,Rimas Entertainment LLC.,Latin Music,Latin Music,0.36,0.464,0.184,0.749,0.859,0.0825,0.0702,63.662,-29.598,10.0,0.0,6J5kc12BW5HuP3d7C3vvx8,PR,Person,1994,reggaeton|trap latino|latin|latin trap|hip hop,2025-01-05,2025-01-05,deezer,2025.0,556.0,-12
9,La Plena,W Sound,1,False,1122378160,1440291,31,0.1283,,0.94,True,3241972661.0,La Plena (W Sound 05),W Sound,USWL12500595,2025-02-20,150.0,True,-8.5,,896219.0,single,1.0,WEA Latina,Rap/Hip Hop,Rap/Hip Hop|Latin Music,0.894,0.643,0.659,0.543,0.000984,0.101,0.132,99.039,-3.485,5.0,1.0,7n1u6oUKlSmNt8XCpl9Djz,CO,Group,,,2025-02-19,2025-02-19,musicbrainz,2025.0,511.0,-22
10,VOY A LLeVARTE PA PR,Bad Bunny,1,False,983744897,1286871,34,0.1308,,1.0,True,3171002991.0,VOY A LLeVARTE PA PR,Bad Bunny,QMFMF2447056,2025-01-05,156.0,True,-6.5,,888323.0,album,17.0,Rimas Entertainment LLC.,Latin Music,Latin Music,0.148,0.604,1e-05,0.921,0.453,0.405,0.0588,106.295,-35.032,7.0,1.0,59D4DOkspUbWyMmbAPQkxZ,PR,Person,1994,reggaeton|trap latino|latin|latin trap|hip hop,2025-01-05,2025-01-05,deezer,2025.0,556.0,-24
11,Manchild,Sabrina Carpenter,1,False,981082452,1976118,19,0.2014,,1.0,True,3400077541.0,Manchild,Sabrina Carpenter,USUM72504354,2025-06-06,213.0,True,-7.5,,908720.0,single,1.0,Island Records,Pop,Pop,0.73,0.686,0.839,0.0987,0.0,0.317,0.0615,123.014,-5.107,7.0,1.0,2BwO5K8Q7EPAJSGze3AAh9,US,Person,1999,pop|electropop|dance-pop|2020s|american,2025-06-05,2025-06-05,musicbrainz,2025.0,405.0,-8
12,Clean Baby Sleep White Noise (Loopable no fade),Dream Supplier,1,False,960025082,2763626,5,0.2879,,1.0,True,3958450291.0,Clean Baby Sleep White Noise (Loopable no fade),Dream Supplier,NLC8M2000480,2020-12-07,142.0,False,-13.7,,179819.0,album,28.0,Dream Supplier,Pop,Pop,0.157,0.00396,1e-05,0.905,1.0,0.111,0.174,75.103,-26.71,10.0,0.0,1DSyUXM2EkP4axbPtLy6Dn,,,,,2020-12-07,2020-12-07,deezer,2020.0,2046.0,7
13,undressed,sombr,1,False,945060981,1355653,32,0.1434,,1.0,True,3278008371.0,undressed,sombr,USWB12500737,2025-03-21,182.0,False,-6.7,,920249.0,single,1.0,Warner Records,Alternative,Alternative|Indie Rock,0.642,0.887,0.888,0.137,0.0,0.0829,0.0406,115.999,-3.883,0.0,1.0,0TFTAtCYhp2tQ9KcJIZb55,US,Person,2005,indie pop|pop rock|2020s|gen z,2025-03-21,2025-03-21,deezer,2025.0,481.0,-19
14,Don’t Say You Love Me,Jin,1,False,944886547,914780,58,0.0968,,1.0,True,3366124711.0,Don’t Say You Love Me,Jin,USA2P2509874,2025-05-16,180.0,False,-7.1,,621369.0,ep,7.0,BIGHIT MUSIC,Asian Music,Asian Music,,,,,,,,,,,,,US,Person,1982,hip-hop|rap|american|hip hop|usa,2025-05-16,2025-05-16,deezer,2025.0,425.0,-44
15,VeLDÁ,Bad Bunny,1,False,896447955,1197282,36,0.1336,,1.0,True,3171003031.0,VeLDÁ,Bad Bunny,QMFMF2447060,2025-01-05,235.0,True,-7.1,,822286.0,album,17.0,Rimas Entertainment LLC.,Latin Music,Latin Music,0.613,0.981,0.0337,0.29,0.0023,0.437,0.149,101.852,-18.638,1.0,1.0,7d6yK8v8J484SWH5prIQiE,PR,Person,1994,reggaeton|trap latino|latin|latin trap|hip hop,2025-01-05,2025-01-05,deezer,2025.0,556.0,-21
16,like JENNIE,JENNIE,1,False,863266315,962240,52,0.1115,,1.0,True,3262816591.0,like JENNIE,JENNIE,USQX92500261,2025-03-07,123.0,True,-8.0,,832011.0,album,15.0,OA Entertainment/Columbia,Asian Music,Asian Music|Pop,0.798,0.695,0.783,0.153,9.55e-06,0.104,0.0771,130.045,-5.269,10.0,0.0,0PEKVfePLFsfEkVZaCx5iX,KR,Person,1996,k-pop|pop|hip hop|rock|dance,2025-03-07,2025-03-07,deezer,2025.0,495.0,-36
17,Sports car,Tate McRae,1,False,857317165,801308,73,0.0935,,1.0,True,3196460531.0,Sports car,Tate McRae,USRC12403580,2025-01-24,165.0,False,-7.6,,885662.0,single,1.0,RCA Records Label,Pop,Pop,0.86,0.815,0.887,0.0487,0.00114,0.1,0.0345,106.983,-3.673,11.0,0.0,0vRZm4RiCqucc89v3AVbbI,CA,Person,2003,pop|dance-pop|2020s|female vocals|pop rock,2025-01-21,2025-01-21,musicbrainz,2025.0,540.0,-56
18,So Easy (To Fall In Love),Olivia Dean,1,False,847224271,2534851,9,0.2992,,1.0,True,3562948071.0,So Easy (To Fall In Love),Olivia Dean,GBUM72503087,2025-09-26,169.0,False,-8.6,,989620.0,album,12.0,PLG - Capitol,Pop,Pop,0.749,0.633,0.572,0.665,0.0,0.0817,0.0373,139.898,-5.917,3.0,1.0,6sGIMrtIzQjdzNndVxe397,GB,Person,1999,neo soul|pop soul|pop|female vocals|indie pop,2025-09-26,2025-09-26,deezer,2025.0,292.0,9
19,Gabriela,KATSEYE,1,False,839510868,1450285,30,0.1728,,1.0,True,3412611901.0,Gabriela,KATSEYE,USUM72503465,2025-06-20,196.0,False,-8.3,,991587.0,single,1.0,HYBE/Geffen,Pop,Pop,0.66,0.773,0.602,0.192,0.0,0.369,0.0677,145.906,-4.543,7.0,1.0,4wAaJ2QDQQk82OYCOOJixW,US,Group,2023,pop|girl group|dance-pop|2020s|electronic,2025-06-20,2025-06-20,deezer,2025.0,390.0,-11
20,WHERE IS MY HUSBAND!,RAYE,1,False,833325921,2444119,10,0.2933,,1.0,True,3548216281.0,WHERE IS MY HUSBAND!,RAYE,QMFME2535037,2025-09-19,197.0,False,-8.0,,991846.0,single,1.0,Human Re Sources,Pop,Pop,0.39,0.781,0.628,0.0599,0.0,0.14,0.0918,115.939,-7.04,8.0,1.0,55lijDD6OAjLFFUHU9tcDm,GB,Person,1997,pop|dance|dance-pop|r&b|contemporary r&b,2025-09-19,2025-09-19,deezer,2025.0,299.0,10
21,DAISIES,Justin Bieber,1,False,830599247,2317392,13,0.279,,1.0,True,4115974061.0,DAISIES,Justin Bieber,USUG12605929,2026-06-26,258.0,False,-8.3,,468030.0,album,22.0,Justin Bieber - Coachella Live,Pop,Pop,0.655,0.601,0.429,0.491,1.73e-05,0.79,0.0521,110.171,-7.151,1.0,1.0,02MhLlbBNdj0E07hCUsCov,CA,Person,1994,pop|teen pop|2010s|dance-pop|2020s,2025-07-11,2025-07-11,musicbrainz,2025.0,369.0,8
22,Abracadabra,Lady Gaga,1,False,801798555,638803,102,0.0797,,1.0,True,3214169391.0,Abracadabra,Lady Gaga,USUM72412581,2025-02-03,223.0,False,-6.7,,929186.0,single,1.0,Interscope Records,Pop,Pop,0.684,0.885,0.624,0.0129,0.0,0.257,0.0665,126.009,-3.441,10.0,0.0,4vcDr56fq4Jjxpegx3XPnv,US,Person,1986,pop|dance-pop|electropop|pop rock|synth-pop,2025-02-03,2025-02-03,deezer,2025.0,527.0,-80
23,No Broke Boys,Disco Lines,1,False,761482483,1639517,25,0.2153,,1.0,True,3410229851.0,No Broke Boys,Disco Lines,USAT22504362,2025-06-06,163.0,True,-10.5,,946199.0,single,1.0,Nice Life/Atlantic,Dance,Dance,0.767,0.834,0.962,0.34,0.111,0.0901,0.0315,130.999,-7.415,1.0,0.0,4c4m7gQe2lZgIY0tvS2aRB,US,Person,1999,,2025-06-06,2025-06-06,deezer,2025.0,404.0,-2
24,Soda Pop,Saja Boys,1,False,760211482,690317,92,0.0908,,1.0,True,3412534561.0,Soda Pop,Saja Boys,QZ8BZ2513509,2025-06-20,150.0,False,-7.4,,855049.0,album,12.0,K-Pop Demon Hunters,Asian Music,Asian Music,0.845,0.868,0.702,0.0707,0.0,0.0687,0.0481,125.978,-3.533,0.0,1.0,4K8wTS6UZD7lQE8H7BpoXc,,Group,,fictional group,,2025-06-20,deezer,2025.0,390.0,-68
25,Opalite,Taylor Swift,1,False,755870394,1570535,27,0.2078,,1.0,True,3579685451.0,Opalite,Taylor Swift,USUG12506438,2025-10-03,235.0,False,-8.4,,968567.0,album,12.0,Taylor Swift,Pop,Pop,0.806,0.821,0.774,0.0809,0.0,0.0707,0.0373,124.997,-5.097,4.0,0.0,3euZKF0hmGxQ6h2JHHY4iu,US,Person,1989,pop|country|country pop|singer/songwriter|female vocals,2025-10-03,2025-10-03,deezer,2025.0,285.0,-2
26,Your Idol,Saja Boys,1,False,736752555,543611,132,0.0738,,1.0,True,3412534611.0,Your Idol,Saja Boys,QZ8BZ2513512,2025-06-20,191.0,False,-7.4,,814735.0,album,12.0,K-Pop Demon Hunters,Asian Music,Asian Music,0.685,0.841,0.327,0.129,0.0,0.14,0.0623,90.013,-3.814,11.0,0.0,4yzEsx3feOL3mc1PK4ngVj,,Group,,fictional group,2025-06-19,2025-06-19,musicbrainz,2025.0,391.0,-106
27,TU SANCHO,Fuerza Regida,1,False,678620909,2125598,16,0.3132,,1.0,True,3345439201.0,TU SANCHO,Fuerza Regida,QZ9QQ2500157,2025-05-02,178.0,True,-8.4,,670715.0,album,12.0,Rancho Humilde/Street Mob Records/Sony Music Latin,,,0.689,0.84,0.631,0.576,0.0,0.126,0.0457,120.012,-6.423,8.0,1.0,6eLQXa6uk2EW8drsiKbABZ,MX,Group,2015,regional mexicano,2025-05-02,2025-05-02,deezer,2025.0,439.0,11
28,Marlboro Rojo,Fuerza Regida,1,False,674740134,1562264,28,0.2315,,1.0,True,3345439211.0,Marlboro Rojo,Fuerza Regida,QZ9QQ2500158,2025-05-02,184.0,True,-8.3,,670796.0,album,12.0,Rancho Humilde/Street Mob Records/Sony Music Latin,,,0.773,0.645,0.923,0.342,3.38e-06,0.32,0.0349,114.996,-6.376,4.0,0.0,3hpm0fTeSqlhJbnqAgaLZs,MX,Group,2015,regional mexicano,2025-05-02,2025-05-02,deezer,2025.0,439.0,0
29,12 to 12,sombr,1,False,673035539,1772502,21,0.2634,,1.0,True,3471224101.0,12 to 12,sombr,USWB12502453,2025-07-24,242.0,False,-5.7,,959353.0,single,1.0,Warner Records,Alternative,Alternative|Indie Rock,0.659,0.898,0.511,0.0134,5.02e-06,0.0971,0.0526,123.992,-2.578,11.0,0.0,05od2qm2MTSKCHxy1GBp5W,US,Person,2005,indie pop|pop rock|2020s|gen z,2025-07-24,2025-07-24,deezer,2025.0,356.0,8
30,Te Quería Ver,Alemán,1,False,671258573,599829,112,0.0894,,1.0,True,3177340641.0,Te Quería Ver,Alemán,MXA4M2500001,2025-01-31,176.0,False,-8.5,,638425.0,single,1.0,HOMEGROWN MAFIA S.A. DE C.V./Sony Music México-Latin,Rap/Hip Hop,Rap/Hip Hop,0.802,0.761,0.448,0.188,1.69e-05,0.0922,0.0681,100.019,-5.182,4.0,0.0,0dR2ra1hU9BJD4E7L9dGle,AR,Person,1909,latin jazz|swing|gypsy jazz|jazz,2025-01-31,2025-01-31,deezer,2025.0,530.0,-82
31,Just Keep Watching (From F1® The Movie),Tate McRae,1,False,662648391,1082331,39,0.1633,,1.0,True,3387508461.0,Just Keep Watching (From F1® The Movie),Tate McRae,USAT22503496,2025-05-30,142.0,False,-7.2,,889637.0,single,1.0,Atlantic Records,Pop,Pop,,,,,,,,,,,,,CA,Person,2003,pop|dance-pop|2020s|female vocals|pop rock,2025-05-30,2025-05-30,deezer,2025.0,411.0,-8
32,KLOuFRENS,Bad Bunny,1,False,658567308,999823,50,0.1518,,1.0,True,3171003071.0,KLOuFRENS,Bad Bunny,QMFMF2447064,2025-01-05,199.0,True,0.0,,747199.0,album,17.0,Rimas Entertainment LLC.,Latin Music,Latin Music,0.326,0.125,0.306,0.703,0.706,0.18,0.148,106.974,-32.45,1.0,1.0,4MUrUT38U98olfnyzMBCzm,PR,Person,1994,reggaeton|trap latino|latin|latin trap|hip hop,2025-01-05,2025-01-05,deezer,2025.0,556.0,-18
33,Show Me Love,WizTheMc,1,False,643142920,929630,55,0.1445,,1.0,True,3187953971.0,Show Me Love,WizTheMc,DE1FB2500005,2025-02-07,177.0,False,-8.6,,909128.0,single,1.0,Bamboo Artists,Pop,Pop,0.713,0.685,0.138,0.0219,0.000359,0.108,0.0425,107.147,-7.311,1.0,1.0,1S7Q7FhwoxaWoosVYoahe6,DE,Person,,pop rap,2025-12-12,2025-02-07,deezer,2025.0,523.0,-22
34,How It’s Done,HUNTR/X,1,False,641911586,597522,114,0.0931,,1.0,True,3412534551.0,How It’s Done,HUNTR/X,QZ8BZ2513508,2025-06-20,176.0,False,-6.6,,855958.0,album,12.0,K-Pop Demon Hunters,Asian Music,Asian Music,0.602,0.856,0.64,0.0103,0.0,0.256,0.0777,160.059,-3.41,7.0,1.0,5p9UNx7gLRdRoaEHd8TAnz,US,Group,2025,k-pop|fictional group,2025-06-19,2025-06-19,musicbrainz,2025.0,391.0,-80
35,no tiene sentido,Beéle,1,False,634620760,885133,64,0.1395,,1.0,True,3353337101.0,no tiene sentido,Beele,QZ7B82500302,2025-05-15,159.0,False,-8.4,,769831.0,album,26.0,5020 Records,African Music,African Music|Rap/Hip Hop,0.682,0.594,0.492,0.0866,1.12e-05,0.119,0.0541,121.996,-7.568,2.0,0.0,62JvBuH9kzuCRtKG8bQaxX,CO,Person,2003,latin|reggaeton|trap latino,2025-05-15,2025-05-15,deezer,2025.0,426.0,-29
36,JUMP,BLACKPINK,1,False,623525520,816487,72,0.1309,,1.0,True,3454677991.0,JUMP,BLACKPINK,KRA402400094,2025-07-11,164.0,False,-8.0,,923507.0,single,1.0,YG Entertainment,Asian Music,Asian Music,0.706,0.927,0.523,0.00243,3.88e-05,0.101,0.0714,144.972,-5.762,5.0,0.0,5jQ3mnhNhs9VuEvmVKllWM,KR,Group,2016,k-pop|girl group|3rd gen k-pop|pop|female vocals,2025-07-11,2025-07-11,deezer,2025.0,369.0,-36
37,NOKIA,Drake,1,False,622303060,559273,130,0.0899,,1.0,True,3232025631.0,NOKIA,Drake,USLD91772032,2025-02-14,241.0,True,-7.5,,815962.0,album,21.0,OVO Sound,R&B,R&B,0.537,0.727,0.508,0.247,0.0,0.173,0.15,106.037,-4.184,5.0,1.0,2u9S9JJ6hTZS3Vf22HOZKg,CA,Person,1986,hip hop|r&b|pop rap|contemporary r&b|alternative r&b,2025-02-14,2025-02-14,deezer,2025.0,516.0,-93
38,Raindance,Dave,1,False,608011016,2762424,6,0.4543,,1.0,True,3616144112.0,Raindance,Dave,GBUM72506029,2025-10-23,221.0,False,-9.7,,995170.0,album,10.0,Neighbourhood,Rap/Hip Hop,Rap/Hip Hop,0.796,0.741,0.249,0.236,0.0619,0.103,0.0789,107.0,-6.815,1.0,1.0,3oTuTpF1F3A7rEC6RKsMRz,US,Group,1991,rock|alternative rock|jazz rock|jam band|pop rock,2025-10-23,2025-10-23,deezer,2025.0,265.0,32
39,What It Sounds Like,HUNTR/X,1,False,601777378,573336,120,0.0953,,1.0,True,3412534631.0,What It Sounds Like,HUNTR/X,QZ8BZ2513514,2025-06-20,250.0,False,-8.0,,819584.0,album,12.0,K-Pop Demon Hunters,Asian Music,Asian Music,0.513,0.732,0.3,0.0416,0.0,0.288,0.0593,120.314,-4.465,1.0,0.0,36FlVeExlCnmIQlseBU98K,US,Group,2025,k-pop|fictional group,2025-06-19,2025-06-19,musicbrainz,2025.0,391.0,-81
40,Morena,Neton Vega,1,False,598038433,539321,135,0.0902,,1.0,True,3214287521.0,Morena,Neton Vega,US3DF2514822,2025-02-14,193.0,False,-9.2,,608591.0,album,21.0,Josa Records,Latin Music,Latin Music,0.697,0.776,0.189,0.379,0.00148,0.341,0.0308,118.007,-7.409,4.0,0.0,4oB8Xd7gMlUEtWoD8bmCXW,MX,Person,2003,regional mexicano|corrido tumbado,2025-02-14,2025-02-14,deezer,2025.0,516.0,-95
41,I Really Like You,Carly Rae Jepsen,1,False,592587611,232005,352,0.0392,,0.94,True,104168912.0,I Really Like You (Bleachers Remix),Carly Rae Jepsen,USUM71508411,2015-07-10,205.0,False,-8.5,122.0,66413.0,single,1.0,604 Records,Pop,Pop,0.647,0.871,0.879,0.0124,0.00609,0.109,0.0389,121.977,-5.059,0.0,1.0,0zs24z5zeAZcFISxu488dY,CA,Person,1985,pop|electropop|synth-pop|folk|synthpop,2015,2015-01-01,musicbrainz,2015.0,4213.0,-311
42,Bullet With Butterfly Wings,The Smashing Pumpkins,1,False,584919916,316607,261,0.0541,,0.94,True,62791738.0,Bullet With Butterfly Wings (Remastered 2012),The Smashing Pumpkins,USVI21200897,2012-11-30,256.0,False,-11.3,130.83,763142.0,album,92.0,Virgin Records,Alternative,Alternative,0.404,0.72,0.475,5.59e-05,0.836,0.0466,0.0623,121.864,-9.18,10.0,0.0,6GtX0jaNL8IjVQfrDBx81z,US,Group,1988,alternative rock|dream pop|shoegaze|neo-psychedelia|grunge,1995-11,1995-11-01,musicbrainz,1995.0,11214.0,-219
43,Anxiety,Doechii,1,False,569640172,529801,140,0.093,,1.0,True,3262675101.0,Anxiety,Doechii,USUG12500650,2025-03-05,249.0,True,-8.7,,928515.0,single,2.0,Top Dawg Entertainment/Capitol Records,Rap/Hip Hop,Rap/Hip Hop,0.805,0.587,0.905,0.35,0.0012,0.105,0.0392,129.025,-6.855,0.0,1.0,0HVduDCuyjgdyTsCFyIHwb,US,Person,1998,hip hop|pop rap|rap|hip-hop|rnb,2020-01-31,2025-03-05,deezer,2025.0,497.0,-97
44,Stateside + Zara Larsson,PinkPantheress,1,False,559516865,2537274,8,0.4535,,1.0,True,3588926901.0,Stateside + Zara Larsson,PinkPantheress,GBAYE2501415,2025-10-10,184.0,False,-7.4,,906294.0,album,31.0,Warner Records,Pop,Pop,,,,,,,,,,,,,GB,Person,2001,uk garage|drum and bass|pop|jungle|alternative pop,,2025-10-10,deezer,2025.0,278.0,36
45,WELTiTA,Bad Bunny,1,False,552943518,697791,91,0.1262,,1.0,True,3171003021.0,WELTiTA,Bad Bunny,QMFMF2447059,2025-01-05,187.0,False,-10.3,,839901.0,album,17.0,Rimas Entertainment LLC.,Latin Music,Latin Music,0.458,0.297,0.357,0.866,0.329,0.346,0.6,96.14,-32.354,4.0,0.0,5WEF0icHWmAZBBMglBd599,PR,Person,1994,reggaeton|trap latino|latin|latin trap|hip hop,2025-01-05,2025-01-05,deezer,2025.0,556.0,-46
46,Mystical Magical,Benson Boone,1,False,552296125,816772,71,0.1479,,1.0,True,3333720471.0,Mystical Magical,Benson Boone,USWB12500844,2025-04-24,165.0,False,-6.9,,920407.0,single,1.0,"Night Street Records, Inc./Warner Records Inc.",Pop,Pop,0.671,0.697,0.848,0.19,0.0,0.393,0.116,119.867,-3.851,11.0,1.0,38tQqcg4CiduGs5tGKg5YN,US,Person,2002,pop|pop rock|2020s|contemporary pop/rock|contemporary singer/songwriter,2025-04-24,2025-04-24,deezer,2025.0,447.0,-25
47,Gnarly,KATSEYE,1,False,541671166,823647,69,0.1521,,1.0,True,3336180251.0,Gnarly,KATSEYE,USUM72503410,2025-04-30,137.0,True,-7.3,,840823.0,single,1.0,HYBE/Geffen,Pop,Pop,0.772,0.833,0.647,0.18,0.0,0.0856,0.378,135.041,-5.134,0.0,0.0,2DZAUfBukS6CVFkaysHYhT,US,Group,2023,pop|girl group|dance-pop|2020s|electronic,2025-04-30,2025-04-30,deezer,2025.0,441.0,-22
48,Revolving door,Tate McRae,1,False,526885514,563808,125,0.107,,1.0,True,3321646581.0,Revolving door,Tate McRae,USRC12403577,2025-02-20,180.0,True,-6.9,,213301.0,ep,6.0,RCA Records Label,Dance,Dance|Pop,0.445,0.74,0.189,0.356,0.0,0.105,0.286,147.765,-6.214,10.0,0.0,6bjmsAt7KfuOVYSBzAqht7,CA,Person,2003,pop|dance-pop|2020s|female vocals|pop rock,2025-02-21,2025-02-20,deezer,2025.0,510.0,-77
49,Takedown,HUNTR/X,1,False,516004235,514291,147,0.0997,,1.0,True,3412534601.0,Takedown,HUNTR/X,QZ8BZ2513511,2025-06-20,182.0,False,-7.8,,832269.0,album,12.0,K-Pop Demon Hunters,Asian Music,Asian Music,0.736,0.844,0.644,0.0369,0.0,0.193,0.105,139.988,-4.186,9.0,1.0,1mtBDvgqHSgBREARi93HYq,US,Group,2025,k-pop|fictional group,2025-06-19,2025-06-19,musicbrainz,2025.0,391.0,-98
50,Por Esos Ojos,Fuerza Regida,1,False,512442675,781590,76,0.1525,,1.0,True,3219458901.0,Por Esos Ojos,Fuerza Regida,QZ9QQ2500079,2025-02-11,188.0,True,-9.9,,587952.0,single,1.0,Rancho Humilde/Street Mob Records/Sony Music Latin,,,0.509,0.681,0.511,0.294,0.0,0.191,0.106,102.462,-6.978,5.0,0.0,5jHozZMWbrExAFni95mvvH,MX,Group,2015,regional mexicano,2025-02-05,2025-02-05,musicbrainz,2025.0,525.0,-26
51,TU VAS SIN (fav),Rels B,1,False,511049664,1037895,44,0.2031,,1.0,True,3407512021.0,TU VAS SIN (fav),Rels B,UYB282508143,2025-06-20,110.0,False,-7.0,,819131.0,album,9.0,DALE PLAY Records / FLAKK Team,Soul & Funk,Soul & Funk,0.882,0.567,0.277,0.0677,0.00381,0.219,0.129,101.01,-6.405,10.0,1.0,6uiQ0DqbXTBc8tl0AUKZkR,ES,Person,1993,,2025-06-20,2025-06-20,deezer,2025.0,390.0,7
52,Folded,Kehlani,1,False,493498588,1065769,41,0.216,,1.0,True,3410232121.0,Folded,Kehlani,USAT22504344,2025-06-11,238.0,False,-9.1,,794554.0,single,1.0,TSNMI / Atlantic,R&B,R&B,0.631,0.628,0.49,0.0698,1.97e-06,0.138,0.0465,135.733,-5.072,1.0,1.0,089yBP7ZUXEtJhUiQCjkS0,US,Person,1995,pop|hip hop|neo soul|r&b|electronic,2025-06-12,2025-06-11,deezer,2025.0,399.0,11
53,Nice To Each Other,Olivia Dean,1,False,486900365,1006869,48,0.2068,,1.0,True,3380570801.0,Nice To Each Other,Olivia Dean,GBUM72502230,2025-05-30,209.0,False,-8.4,,830822.0,single,1.0,PLG - Capitol,Pop,Pop,0.757,0.748,0.749,0.37,0.00316,0.314,0.0478,132.005,-6.883,0.0,1.0,4UBPpQcPyLu8uh2GHN9E8y,GB,Person,1999,neo soul|pop soul|pop|female vocals|indie pop,2025-05-30,2025-05-30,deezer,2025.0,411.0,5
54,Die On This Hill,SIENNA SPIRO,1,False,474422630,1592858,26,0.3357,,1.0,True,3584616411.0,Die On This Hill,SIENNA SPIRO,USUG12508560,2025-10-10,217.0,False,-7.8,,929464.0,single,1.0,Capitol Records,Pop,Pop,0.526,0.426,0.214,0.746,1.93e-06,0.4,0.0291,82.107,-4.642,5.0,0.0,0l72HGRQkAR0imHxvpLi8a,GB,Person,2005,pop soul|pop|singer-songwriter|adult contemporary|alternative pop,2025-10-09,2025-10-09,musicbrainz,2025.0,279.0,28
55,En Privado,Xavi,1,False,470258488,642634,101,0.1367,,1.0,True,3216020161.0,En Privado,Xavi,USA2P2504641,2025-02-06,199.0,False,-7.4,,669667.0,single,1.0,Interscope Records,,,0.833,0.863,0.91,0.111,4.75e-06,0.135,0.0377,126.973,-3.822,7.0,1.0,2SkB7jADnfiWH8qAE9H8cO,US,Person,,,2025-02-06,2025-02-06,deezer,2025.0,524.0,-46
56,Tears,Sabrina Carpenter,1,False,469159053,724772,87,0.1545,,1.0,True,3529873491.0,Tears,Sabrina Carpenter,USUM72504355,2025-08-29,160.0,False,-7.7,,821219.0,album,12.0,Island Records,Pop,Pop,0.699,0.876,0.485,0.0204,0.000105,0.0307,0.0514,113.036,-4.855,0.0,1.0,42VUCXerQ5qTr4Qp6PhKo4,US,Person,1999,pop|electropop|dance-pop|2020s|american,2025-08-29,2025-08-29,deezer,2025.0,320.0,-31
57,QLOO*,Young Cister,1,False,465568840,850279,66,0.1826,,1.0,True,3370856431.0,QLOO*,Young Cister,CLPP22500021,2025-05-22,149.0,False,-7.7,,639225.0,single,1.0,Sony Music Entertainment Chile S.A,Rap/Hip Hop,Rap/Hip Hop,0.638,0.796,0.683,0.318,1.05e-06,0.338,0.125,117.922,-4.917,5.0,0.0,7CMj1OOS1ho4CPEQTFKzcN,CL,Person,1996,trap|latin,2025-05-22,2025-05-22,deezer,2025.0,419.0,-9
58,YO y TÚ,Ovy On The Drums,1,False,461572434,784039,75,0.1699,,1.0,True,3382134521.0,YO y TÚ,Ovy On The Drums,USWL12502366,2025-06-11,198.0,False,-8.7,,754646.0,single,1.0,WEA Latina,Rap/Hip Hop,Rap/Hip Hop|Latin Music,,,,,,,,,,,,,CO,Person,,latin|reggaeton,2025-06-11,2025-06-11,deezer,2025.0,399.0,-17
59,Shake It To The Max (FLY),MOLIY,1,False,459214759,460227,170,0.1002,,1.0,True,3111655521.0,Shake It To The Max (FLY),Moliy,QZS7J2443865,2024-12-03,127.0,False,-9.5,,541224.0,single,1.0,gamma.,,,0.851,0.407,0.287,0.629,0.000535,0.0999,0.112,98.017,-10.056,10.0,1.0,5JgNxMf1Z9oksGKidbFAUq,US,Person,2001,,2025-02-20,2024-12-03,deezer,2024.0,589.0,-111
60,bergema sampai selamanya,Nadhif Basalamah,1,False,450131763,898737,62,0.1997,,1.0,True,3185579661.0,bergema sampai selamanya,Nadhif Basalamah,FR10S2538888,2025-01-31,198.0,False,-7.8,,172334.0,single,1.0,After School,Alternative,Alternative|Indie Pop|Indie Rock|Pop,0.263,0.506,0.209,0.761,0.0274,0.0626,0.0341,159.852,-5.843,8.0,1.0,1RaJdXCj61oSRUUciGKoWe,ID,Person,2000,,2025-01-31,2025-01-31,deezer,2025.0,530.0,-2
61,Azizam,Ed Sheeran,1,False,448805160,502929,151,0.1121,,1.0,True,3303979891.0,Azizam,Ed Sheeran,GBAHS2500081,2025-04-04,162.0,False,-7.0,,961388.0,single,1.0,Gingerbread Man Records / Atlantic Records UK,Pop,Pop|Singer & Songwriter,,,,,,,,,,,,,GB,Person,1991,pop|folk pop|folk|singer-songwriter|uk,2025-04-04,2025-04-04,deezer,2025.0,467.0,-90
62,P do Pecado,Grupo Menos É Mais,1,False,444670782,554719,131,0.1247,,0.94,True,3329623921.0,P do Pecado (Ao Vivo),Grupo Menos É Mais,BRRGE2500260,2025-04-30,192.0,False,-9.2,,913206.0,ep,4.0,Som Livre,Brazilian Music,Brazilian Music,0.631,0.817,0.755,0.661,0.0,0.553,0.072,166.97,-6.645,5.0,0.0,38Ps9Kui6qJjpVqdBOfN5M,BR,Group,,,2026-04-16,2025-04-30,deezer,2025.0,441.0,-69
63,Finding Her,Kushagra,1,False,441799706,746573,81,0.169,,1.0,True,3149280691.0,Finding Her,Kushagra,US38Y2435162,2025-01-29,207.0,False,-10.0,,243973.0,single,1.0,EYP Creations,Indian Music,Indian Music|Pop,0.558,0.378,0.44,0.894,2.32e-06,0.0799,0.0526,170.195,-6.419,0.0,1.0,5ThyDv6aRVU8AH4vXQNldF,IN,Person,,,2025-01-29,2025-01-29,deezer,2025.0,532.0,-18
64,Busy Woman,Sabrina Carpenter,1,False,441048997,503710,150,0.1142,,1.0,True,3228090971.0,Busy Woman,Sabrina Carpenter,USUM72413907,2025-02-14,186.0,True,-7.5,,767784.0,album,17.0,Island Records,Pop,Pop,0.715,0.764,0.882,0.146,0.0,0.133,0.0343,117.023,-5.118,7.0,1.0,1NXRqsDLvImFva0nKLqZgF,US,Person,1999,pop|electropop|dance-pop|2020s|american,2024-08-29,2024-08-29,musicbrainz,2024.0,685.0,-86
65,ANSIEDAD,Fuerza Regida,1,False,437195303,935479,54,0.214,,1.0,True,3345439191.0,ANSIEDAD,Fuerza Regida,QZ9QQ2500156,2025-05-02,151.0,True,-9.5,,624135.0,album,12.0,Rancho Humilde/Street Mob Records/Sony Music Latin,,,0.659,0.684,0.737,0.421,0.0,0.0814,0.0336,107.057,-7.631,10.0,0.0,1a7onn7lPqqRWul5ogyMyX,MX,Group,2015,regional mexicano,2025-05-02,2025-05-02,deezer,2025.0,439.0,11
66,Saiyaara,Tanishk Bagchi,1,False,435404301,569590,121,0.1308,,0.94,True,4160016592.0,"Saiyaara Title Song - Revisited by Arslan Nizami (From ""Saiyaara"")",Tanishk Bagchi,INY092600025,2026-07-18,372.0,False,-7.9,,31411.0,single,1.0,YRF Music,Asian Music,Asian Music,0.279,0.57,0.297,0.698,5.52e-05,0.13,0.0414,110.796,-7.035,8.0,0.0,5XpZvfCNiqv1wLk6ARlExW,IN,Person,1980,filmi,,,,,,-55
67,Dracula,Tame Impala,1,False,431257642,2086079,17,0.4837,,1.0,True,3567385391.0,Dracula,Tame Impala,USQX92504223,2025-09-26,205.0,True,-7.5,,962173.0,single,1.0,Columbia,Alternative,Alternative|Indie Pop|Indie Rock|Dance,0.415,0.731,0.612,0.0267,4.58e-05,0.317,0.0586,114.837,-3.507,3.0,0.0,1NXbNEAcPvY5G1xvfN57aA,AU,Person,1986,psychedelic rock|neo-psychedelia|psychedelic pop|alternative rock|indie rock,2025-09-24,2025-09-24,musicbrainz,2025.0,294.0,50
68,VITAMINA,Jombriel,1,False,429397922,387182,208,0.0902,,1.0,True,3240178571.0,VITAMINA,Jombriel,USWL12500632,2025-02-27,208.0,False,-8.9,,659684.0,single,1.0,WEA Latina,Rap/Hip Hop,Rap/Hip Hop|Latin Music,0.815,0.746,0.768,0.015,2.26e-06,0.056,0.0528,92.007,-4.855,10.0,0.0,0DMJz677XfXiiruhIELu2e,EC,Person,,,2025-02-27,2025-02-27,deezer,2025.0,503.0,-140
69,Choosin' Texas,Ella Langley,1,False,424686832,2929067,4,0.6897,,1.0,True,3602074142.0,Choosin' Texas,Ella Langley,USSM12504190,2025-10-17,232.0,False,-8.3,,978085.0,single,1.0,SAWGOD/Columbia,Country,Country|Pop,0.683,0.78,0.486,0.00939,0.0,0.194,0.031,112.027,-4.74,1.0,1.0,65DbTqJKhbwqYbZ1Okr0rc,US,Person,1999,country,2025-10-17,2025-10-17,deezer,2025.0,271.0,65
70,I'm The Problem,Morgan Wallen,1,False,422721736,758689,78,0.1795,,1.0,True,3206261161.0,I'm The Problem,Morgan Wallen,USUG12500975,2025-01-31,177.0,False,-8.4,,622320.0,single,1.0,Big Loud Records / Mercury Records / Republic Records,Country,Country,0.549,0.752,0.446,0.665,1.2e-05,0.102,0.0367,92.053,-4.94,5.0,0.0,7AeM1BGYM7emrqmQn1PuWv,US,Person,1993,country|country pop|2020s|racist,2025-01-31,2025-01-31,deezer,2025.0,530.0,-8
71,2+2,Omar Camacho,1,False,421820248,608401,109,0.1442,,1.0,True,4029996581.0,2+2,Omar Camacho,US3DF2577695,2026-05-28,198.0,True,-9.7,,541821.0,album,19.0,WM Mexico,Rap/Hip Hop,Rap/Hip Hop,0.807,0.72,0.791,0.0182,0.0,0.209,0.0655,80.022,-5.976,5.0,0.0,2GP6UzoA55p6yYiPCGyEhg,,Person,,,,2026-05-28,deezer,2026.0,48.0,-38
72,TATTOO,Tito Double P,1,False,416827012,484683,158,0.1163,,1.0,True,3253064911.0,TATTOO,Tito Double P,QM4TW2569581,2025-02-27,167.0,True,-7.4,,543939.0,single,1.0,Double P Records,,,0.755,0.747,0.463,0.482,5.48e-06,0.0853,0.0656,109.897,-4.278,10.0,0.0,3KgHiAVuP88QoQs9CO4z1P,MX,Person,1997,latin|regional mexicano|corrido,2025-02-27,2025-02-27,deezer,2025.0,503.0,-86
73,Sorry I'm Here For Someone Else,Benson Boone,1,False,416464476,516665,144,0.1241,,1.0,True,3245608751.0,Sorry I'm Here For Someone Else,Benson Boone,USWB12500464,2025-02-27,156.0,False,-8.2,,786029.0,single,1.0,"Night Street Records, Inc./Warner Records Inc.",Pop,Pop,0.533,0.758,0.515,0.0437,0.0,0.16,0.034,149.719,-4.613,2.0,1.0,3Tco4YRdl5lmmIGFgUlVZ1,US,Person,2002,pop|pop rock|2020s|contemporary pop/rock|contemporary singer/songwriter,2025-02-27,2025-02-27,deezer,2025.0,503.0,-71
74,What I Want,Morgan Wallen,1,False,410976822,727053,85,0.1769,,1.0,True,3366676861.0,What I Want,Morgan Wallen,USUG12501601,2025-05-16,184.0,False,-7.9,,736275.0,album,37.0,Big Loud Records / Mercury Records / Republic Records,Country,Country,0.654,0.708,0.467,0.616,0.0,0.152,0.0262,116.029,-3.939,9.0,1.0,48NthgcgfoRrWT8LtgW28A,US,Person,1993,country|country pop|2020s|racist,2025-05-16,2025-05-16,deezer,2025.0,425.0,-11
75,Dark Thoughts,Lil Tecca,1,False,410779727,431495,186,0.105,,1.0,True,3277684691.0,Dark Thoughts,Lil Tecca,USUM72502156,2025-03-14,136.0,True,-7.9,,720435.0,single,1.0,Galactic / Republic Records,Rap/Hip Hop,Rap/Hip Hop,0.622,0.794,0.704,0.0431,0.0,0.162,0.349,203.83,-3.523,1.0,0.0,7cEJRLlQy1rBH9mXxKmgpQ,US,Person,2002,hip hop|east coast hip hop|trap|pop rap,2025-03-14,2025-03-14,deezer,2025.0,488.0,-111
76,Tubarões,Diego & Victor Hugo,2,True,410283212,457935,172,0.1116,,1.0,True,3648749602.0,Tubarões,Diego & Victor Hugo,BC29Q2500001,2025-11-20,162.0,False,-7.5,,931780.0,album,17.0,Sony Music Entertainment,Brazilian Music,Brazilian Music,0.429,0.793,0.506,0.185,0.0,0.939,0.0428,123.729,-4.115,5.0,0.0,6Emsu0BaMpG0ilZCRT8KHZ,BR,Group,2009,sertanejo,2025-03-27,2025-03-27,musicbrainz,2025.0,475.0,-96
77,PERFuMITO NUEVO,Bad Bunny,1,False,408310809,426481,189,0.1045,,1.0,True,3171003011.0,PERFuMITO NUEVO,Bad Bunny,QMFMF2447058,2025-01-05,200.0,True,-8.7,,767065.0,album,17.0,Rimas Entertainment LLC.,Latin Music,Latin Music,0.513,0.0302,0.557,0.996,0.977,0.15,0.0701,120.026,-33.8,0.0,1.0,1Q9Efnm5csdCMFynISxL2x,PR,Person,1994,reggaeton|trap latino|latin|latin trap|hip hop,2025-01-05,2025-01-05,deezer,2025.0,556.0,-112
78,Fame is a Gun,Addison Rae,1,False,408261627,907098,60,0.2222,,1.0,True,3387454721.0,Fame is a Gun,Addison Rae,USSM12501572,2025-05-30,183.0,False,-8.6,,848971.0,single,1.0,Columbia,Pop,Pop,0.693,0.4,0.413,0.168,0.00127,0.1,0.0348,137.969,-7.325,3.0,0.0,1c2AFg2WpURtpsOTMr6ZBX,US,Person,2000,pop|dance-pop|teen pop|2020s|trip hop,2025-05-30,2025-05-30,deezer,2025.0,411.0,18
79,YUKON,Justin Bieber,1,False,403396306,1003931,49,0.2489,,1.0,True,3454558671.0,YUKON,Justin Bieber,USUG12506174,2025-07-11,164.0,False,-11.4,,797835.0,album,21.0,"JRC Entertainment, LLC / ILH Production Co. LLC / Def Jam Recordings",Pop,Pop,0.446,0.301,0.589,0.802,0.000164,0.105,0.218,80.572,-12.748,7.0,0.0,2q806mixyBFn36DmCHdVwW,CA,Person,1994,pop|teen pop|2010s|dance-pop|2020s,2025-07-11,2025-07-11,deezer,2025.0,369.0,30
80,Eternity,Alex Warren,1,False,398670565,568769,122,0.1427,,1.0,True,3461914191.0,Eternity,Alex Warren,USAT22503779,2025-07-18,189.0,False,-8.9,,896576.0,album,21.0,Atlantic Records,Pop,Pop,0.62,0.423,0.425,0.577,0.0,0.122,0.0403,137.684,-7.848,7.0,0.0,303V3ma3WP4KDUSYJK5dr6,US,Person,2000,pop|indie pop|folk|singer-songwriter|indie folk,2025-07-17,2025-07-17,musicbrainz,2025.0,363.0,-42
81,Cry For Me,The Weeknd,1,False,398635434,424259,193,0.1064,,1.0,True,3210598391.0,Cry For Me,The Weeknd,USUG12501129,2025-01-31,224.0,True,-9.5,,922128.0,album,22.0,XO / Republic Records,R&B,R&B,0.647,0.645,0.422,0.0871,0.0,0.671,0.0303,120.098,-6.425,7.0,0.0,3AWDeHLc88XogCaCnZQLVI,CA,Person,1990,r&b|dance-pop|contemporary r&b|alternative r&b|synth-pop,2025-01-31,2025-01-31,deezer,2025.0,530.0,-112
82,7 DIAS,Gabito Ballesteros,1,False,397923828,294851,283,0.0741,,1.0,True,3205562811.0,7 DIAS,Gabito Ballesteros,USA2P2503458,2025-01-30,180.0,True,-8.2,,605710.0,single,1.0,Los CT Records,,,0.838,0.746,0.577,0.386,0.0,0.0839,0.0614,111.913,-3.749,11.0,1.0,0hRAjGmnjM4dAe5AP38r6z,MX,Person,,,2025-01-30,2025-01-30,deezer,2025.0,531.0,-201
83,When Did You Get Hot?,Sabrina Carpenter,1,False,396777172,658634,97,0.166,,1.0,True,3529873551.0,When Did You Get Hot?,Sabrina Carpenter,USUM72504446,2025-08-29,145.0,False,-8.1,,759831.0,album,12.0,Island Records,Pop,Pop,0.704,0.659,0.603,0.231,0.0,0.235,0.0995,89.034,-4.587,5.0,1.0,1XAFXZEG9lGInUwkREqLAX,US,Person,1999,pop|electropop|dance-pop|2020s|american,2025-08-29,2025-08-29,deezer,2025.0,320.0,-14
84,POR SUS BESOS,Tito Double P,1,False,393452063,900339,61,0.2288,,1.0,True,3450887891.0,POR SUS BESOS,Tito Double P,QMDA62505214,2025-07-11,186.0,True,-8.1,,643007.0,single,1.0,Double P Records,,,0.825,0.752,0.632,0.462,1.56e-05,0.226,0.035,112.943,-5.308,5.0,0.0,1eunv1DeEi29UfAcVEoLTt,MX,Person,1997,latin|regional mexicano|corrido,2025-07-11,2025-07-11,deezer,2025.0,369.0,23
85,Sugar On My Tongue,"Tyler, The Creator",2,True,381470994,402538,199,0.1055,,1.0,True,3470152941.0,Sugar On My Tongue,"Tyler, The Creator",USQX92503270,2025-07-21,153.0,True,-7.9,,783472.0,album,10.0,Columbia,Rap/Hip Hop,Rap/Hip Hop,0.703,0.501,0.463,0.0327,0.0,0.193,0.101,126.073,-7.037,11.0,1.0,6xV7Be6XEvkSnighmh2Tzj,US,Person,1991,hip hop|hardcore hip hop|horrorcore|west coast hip hop|rock,2025-07-21,2025-07-21,deezer,2025.0,359.0,-114
86,COMO CAPO,Clave Especial,1,False,376659745,484237,159,0.1286,,1.0,True,3240204061.0,COMO CAPO,Clave Especial,USWL12500622,2025-02-20,165.0,True,-9.0,,564879.0,album,16.0,WEA Latina,Latin Music,Latin Music,0.767,0.768,0.802,0.147,0.0,0.068,0.0474,133.082,-4.529,5.0,0.0,395oynN3pkdaY3Np0igFCN,US,Group,,,2025-02-20,2025-02-20,deezer,2025.0,510.0,-73
87,CAFé CON RON,Bad Bunny,1,False,375349291,750031,79,0.1998,,1.0,True,3171003091.0,CAFé CON RON,Bad Bunny,QMFMF2447066,2025-01-05,228.0,False,-7.5,,963433.0,album,17.0,Rimas Entertainment LLC.,Latin Music,Latin Music,0.328,0.153,0.0376,0.148,1.28e-06,0.397,0.0564,95.506,-26.802,9.0,1.0,6VNXmo59yDYgcwLS17UNAW,PR,Person,1994,reggaeton|trap latino|latin|latin trap|hip hop,2025-01-05,2025-01-05,deezer,2025.0,556.0,8
88,Sapphire,Ed Sheeran,1,False,370233797,380507,212,0.1028,,1.0,True,3395410481.0,Sapphire,Ed Sheeran,GBAHS2500177,2025-06-05,179.0,False,-8.1,,849328.0,single,1.0,Gingerbread Man Records / Atlantic Records UK,Pop,Pop|Singer & Songwriter,,,,,,,,,,,,,GB,Person,1991,pop|folk pop|folk|singer-songwriter|uk,2025-06-05,2025-06-05,deezer,2025.0,405.0,-124
89,Born Again,LISA,1,False,369943062,257170,320,0.0695,,1.0,True,3215956841.0,Born Again (feat. Doja Cat & RAYE),LISA,USRC12403763,2025-02-06,231.0,True,-7.6,,729531.0,single,1.0,Lloud Co./RCA Records,Asian Music,Asian Music|Pop,0.688,0.777,0.368,0.0688,0.0,0.0801,0.0408,114.998,-4.714,1.0,1.0,7KNmIjcmGJIBrhP2s5Vioe,JP,Person,1987,anime|j-pop|j-rock|pop rock,2007-09-14,2025-02-06,deezer,2025.0,524.0,-231
90,DIE TRYING,PARTYNEXTDOOR,1,False,369537323,560749,128,0.1517,,1.0,True,3232025641.0,DIE TRYING,PARTYNEXTDOOR,USLD91772033,2025-02-14,195.0,True,-8.2,,753887.0,album,21.0,OVO Sound,R&B,R&B,0.763,0.531,0.665,0.146,0.0,0.175,0.0328,110.497,-6.154,11.0,1.0,0NUqi0ps17YpLUC3kgsZq0,CA,Person,1993,r&b|contemporary r&b|alternative r&b|trap soul|canadian,2025-02-14,2025-02-14,deezer,2025.0,516.0,-38
91,I Got Better,Morgan Wallen,1,False,367594347,1015265,46,0.2762,,1.0,True,3366676191.0,I Got Better,Morgan Wallen,USUG12501599,2025-05-16,205.0,False,-7.1,,544988.0,album,37.0,Big Loud Records / Mercury Records / Republic Records,Country,Country,0.598,0.798,0.542,0.576,0.000564,0.155,0.0295,84.986,-4.587,0.0,1.0,4gfrYDtaRmp6HPvN80V2ob,US,Person,1993,country|country pop|2020s|racist,2025-05-16,2025-05-16,deezer,2025.0,425.0,45
92,Frecuencia,Los Dareyes De La Sierra,1,False,366952213,643108,100,0.1753,,1.0,True,3398112181.0,Frecuencia,Los Dareyes De La Sierra,QM6P42503788,2025-06-05,190.0,True,-8.2,,614457.0,album,28.0,Double P Records,,,,,,,,,,,,,,,US,Group,2004,,2025-06-05,2025-06-05,deezer,2025.0,405.0,-8
93,CHANEL,Tyla,1,False,362363125,563283,127,0.1554,,1.0,True,3606166592.0,CHANEL,Tyla,USSM12503648,2025-10-24,188.0,True,-7.7,,823022.0,single,1.0,Epic,Pop,Pop,0.861,0.77,0.883,0.133,0.0,0.446,0.0529,114.958,-4.977,11.0,0.0,4VxTzYm00mg82MuoT35Ja7,GB,Person,,spike,2025-10-24,2025-10-24,deezer,2025.0,264.0,-34
94,M&M,Neton Vega,1,False,358624878,286394,293,0.0799,,1.0,True,3214287571.0,M&M,Neton Vega,US3DF2514827,2025-02-14,166.0,False,-9.4,,481047.0,album,21.0,Josa Records,Latin Music,Latin Music,0.596,0.839,0.537,0.334,0.00713,0.0952,0.038,178.837,-6.022,5.0,1.0,3t72JCbFJ3syOhFC7x9Pa4,MX,Person,2003,regional mexicano|corrido tumbado,2025-02-14,2025-02-14,deezer,2025.0,516.0,-199
95,Elizabeth Taylor,Taylor Swift,1,False,356928448,581683,117,0.163,,1.0,True,3579685441.0,Elizabeth Taylor,Taylor Swift,USUG12506437,2025-10-03,208.0,False,-9.2,,921265.0,album,12.0,Taylor Swift,Pop,Pop,0.629,0.629,0.573,0.351,0.0,0.116,0.046,81.951,-6.656,9.0,0.0,6VmoWv16P8CXpVvutfhQVI,US,Person,1989,pop|country|country pop|singer/songwriter|female vocals,2025-10-03,2025-10-03,deezer,2025.0,285.0,-22
96,Perlas Negras,Natanael Cano,1,False,355047691,626659,104,0.1765,,1.0,True,3429241701.0,Perlas Negras,Natanael Cano,QZ9QQ2500398,2025-07-01,203.0,False,-8.8,,644625.0,album,16.0,WEA Latina,Rap/Hip Hop,Rap/Hip Hop|Latin Music,0.769,0.709,0.611,0.317,0.0,0.101,0.0442,100.012,-4.53,8.0,1.0,0N6h5RnzCNJG3JfROXQIMQ,MX,Person,2001,regional mexicano|trap latino|corrido tumbado,2025-07-01,2025-07-01,deezer,2025.0,379.0,-8
97,Blessings,Calvin Harris,1,False,352437146,727824,84,0.2065,,1.0,True,3344642921.0,Blessings,Calvin Harris,GBARL2500591,2025-05-09,220.0,False,-8.0,,875690.0,single,1.0,Columbia,Dance,Dance,0.676,0.888,0.479,0.00319,0.0898,0.0639,0.0536,129.915,-4.485,11.0,0.0,20C8FNj9eUVevsDNDoTPvz,GB,Person,1984,dance-pop|electronic|edm|electropop|electro house,2025-05-09,2025-05-09,deezer,2025.0,432.0,13
98,Cuando No Era Cantante,El Bogueto,1,False,351110526,2081518,18,0.5928,,1.0,True,3708289102.0,Cuando No Era Cantante,El Bogueto,AEA3A2366094,2024-09-26,211.0,True,-7.6,,567218.0,album,23.0,Candela Music,Latin Music,Latin Music,0.742,0.801,0.759,0.226,1.17e-05,0.0595,0.0495,165.969,-5.612,11.0,0.0,6tKpGpbNeVXnQjOWWz8WDq,MX,Person,,,2024-09-26,2024-09-26,deezer,2024.0,657.0,80
99,Crystalised,The xx,1,False,344887513,100108,569,0.029,,1.0,True,3787857.0,Crystalised,The xx,GBBKS0900025,2009-08-16,201.0,False,-12.3,,774762.0,album,11.0,Young,Alternative,Alternative,0.762,0.484,0.415,0.812,0.389,0.0841,0.0311,122.916,-12.368,11.0,0.0,5UBBJnFxsfjFxfrtvErQoH,GB,Group,2005,indie pop|alternative dance|indietronica|electronic|pop,2009-04-27,2009-04-27,musicbrainz,2009.0,6288.0,-470
100,Amigos? No.,Oscar Maydon,1,False,343129626,329110,249,0.0959,,1.0,True,3260805271.0,Amigos? No.,Óscar Maydon,QZ9QQ2500119,2025-03-06,227.0,True,-9.9,,597790.0,single,1.0,Rancho Humilde/Sony Music Latin,,,0.673,0.653,0.597,0.0765,0.000392,0.12,0.029,122.064,-5.945,10.0,1.0,7hNgSEQ4Ho7kWBA2rKpDd9,MX,Person,1999,,2025-06-06,2025-03-06,deezer,2025.0,496.0,-149
101,si te pillara,Beéle,1,False,341694253,457637,173,0.1339,,1.0,True,3353337171.0,si te pillara,Beele,QZ7B82500397,2025-05-15,185.0,False,-8.6,,657522.0,album,26.0,5020 Records,African Music,African Music|Rap/Hip Hop,,,,,,,,,,,,,CO,Person,2003,latin|reggaeton|trap latino,2025-05-15,2025-05-15,deezer,2025.0,426.0,-72
102,Vita Fer,Los Dareyes De La Sierra,1,False,339460458,313579,267,0.0924,,1.0,True,3293574411.0,Vita Fer,Los Dareyes De La Sierra,QM6MZ2578679,2025-03-27,184.0,True,-7.5,,579740.0,single,1.0,Double P Records,,,0.769,0.81,0.753,0.351,0.0,0.111,0.0626,125.021,-3.567,3.0,0.0,5HZBdV5AwSvKdHFOYbXYD7,US,Group,2004,,2025-05-08,2025-03-27,deezer,2025.0,475.0,-165
103,Who Knows,Daniel Caesar,1,False,337326315,1276085,35,0.3783,,1.0,True,3612800442.0,Who Knows,Daniel Caesar,USUG12505893,2025-10-24,226.0,False,-12.8,,847746.0,album,12.0,Republic Records,R&B,R&B,0.676,0.258,0.36,0.726,3.18e-05,0.355,0.0355,120.913,-14.969,5.0,0.0,1OtnMzmWT61Ht5QkRy3pGt,CA,Person,1995,toronto|r&b|contemporary r&b|daniel|caesar,2025-10-24,2025-10-24,deezer,2025.0,264.0,68
104,Pvta Luna,Neton Vega,1,False,335658751,1129113,37,0.3364,,1.0,True,3575002941.0,Pvta Luna,Neton Vega,USANG2520892,2025-09-26,198.0,False,-11.9,,626754.0,single,1.0,Josa Records (Neton Vega),Latin Music,Latin Music,,,,,,,,,,,,,MX,Person,2003,regional mexicano|corrido tumbado,,2025-09-26,deezer,2025.0,292.0,67
105,SPIDER,GIMS,1,False,330147874,251867,330,0.0763,,1.0,True,2781673612.0,SPIDER,GIMS,FR8FB2407800,2024-05-10,188.0,False,-9.4,,967661.0,single,1.0,Play Two,Rap/Hip Hop,Rap/Hip Hop|French Rap,0.823,0.691,0.707,0.0774,1.73e-06,0.1,0.197,119.96,-7.322,9.0,0.0,2fFTn0f94EopgZyfSGQuyK,FR,Person,1986,pop rap|french hip hop|pop|hardcore hip hop|sapés comme jamais,2024-05-10,2024-05-10,deezer,2024.0,796.0,-225
106,Just In Case,Morgan Wallen,1,False,329878795,412829,195,0.1251,,1.0,True,3278152451.0,Just In Case,Morgan Wallen,USUG12501602,2025-03-21,166.0,False,-9.7,,641422.0,single,1.0,Mercury Records/Morgan Wallen,Country,Country,0.649,0.505,0.386,0.647,0.0,0.144,0.0313,145.998,-6.664,10.0,1.0,5z0LSDpPpGwc2ZyJHpsE3J,US,Person,1993,country|country pop|2020s|racist,2025-03-21,2025-03-21,deezer,2025.0,481.0,-89
107,Phantom,EsDeeKid,1,False,329347821,657274,98,0.1996,,1.0,True,3399233851.0,Phantom,EsDeeKid,QZHN32557300,2025-06-20,109.0,True,-7.0,,800223.0,album,11.0,Lizzy Records,Rap/Hip Hop,Rap/Hip Hop,0.875,0.525,0.315,0.0185,0.000454,0.112,0.129,140.006,-4.2,1.0,1.0,57Z6TJCTMACXxdrcwZ3Zvf,GB,Person,,uk|liverpool|rage|jerk|hardcore hip hop,2025-03-07,2025-03-07,musicbrainz,2025.0,495.0,9
108,Killin' It Girl,j-hope,1,False,328497104,302482,276,0.0921,,1.0,True,3409046451.0,Killin' It Girl (feat. GloRilla),j-hope,USA2P2523089,2025-06-13,148.0,True,-7.4,,686842.0,single,2.0,BIGHIT MUSIC,Asian Music,Asian Music,,,,,,,,,,,,,KR,Person,1994,pop|hip hop|dance-pop|k-pop|r&b,2025-06-13,2025-06-13,deezer,2025.0,397.0,-168
109,ExtraL,JENNIE,1,False,328470273,235585,348,0.0717,,1.0,True,3241971481.0,ExtraL,JENNIE,USQX92500264,2025-02-21,167.0,True,-7.4,,683260.0,single,1.0,OA Entertainment/Columbia,Asian Music,Asian Music|Pop,0.765,0.767,0.754,0.0589,0.0,0.29,0.126,139.909,-4.973,1.0,1.0,61MydXBwufaYQ1Xg03H25O,KR,Person,1996,k-pop|pop|hip hop|rock|dance,2025-02-21,2025-02-21,deezer,2025.0,509.0,-239
110,Bloodline,Alex Warren,1,False,326523719,605874,110,0.1856,,1.0,True,3371081661.0,Bloodline,Alex Warren,USAT22503114,2025-05-22,182.0,False,-6.8,,717867.0,single,1.0,Atlantic Records,Pop,Pop,0.62,0.882,0.645,0.361,0.0,0.145,0.0942,127.883,-5.307,4.0,0.0,5UVSjQ2rUap9bf7PYf6WG3,US,Person,2000,pop|indie pop|folk|singer-songwriter|indie folk,2025-05-22,2025-05-22,deezer,2025.0,419.0,0
111,Verano Rosa,KAROL G,1,False,326503617,530446,139,0.1625,,1.0,True,3421452581.0,Verano Rosa,KAROL G,USUG12504525,2025-06-20,210.0,False,-7.6,,726712.0,album,20.0,Bichota/Interscope Records,Latin Music,Latin Music,0.77,0.714,0.513,0.126,0.0,0.109,0.0465,119.937,-4.25,0.0,1.0,2S0Ys0LmhJm5fC86uyIz80,CO,Person,1991,reggaeton|spanish|latin urban|latin|r&b,2025-06-17,2025-06-17,musicbrainz,2025.0,393.0,-28
112,TURiSTA,Bad Bunny,1,False,325961455,400165,200,0.1228,,1.0,True,3171003081.0,TURiSTA,Bad Bunny,QMFMF2447065,2025-01-05,190.0,False,-8.9,,766405.0,album,17.0,Rimas Entertainment LLC.,Latin Music,Latin Music,0.358,0.12,0.318,0.456,0.0653,0.146,0.523,90.929,-30.487,8.0,1.0,7tCuCjhxzjX2XCz4JiiAsp,PR,Person,1994,reggaeton|trap latino|latin|latin trap|hip hop,2025-01-05,2025-01-05,deezer,2025.0,556.0,-88
113,La Perla,ROSALÍA,1,False,323952882,596427,115,0.1841,,1.0,True,3640140952.0,La Perla,ROSALÍA,USSM12504035,2025-11-07,195.0,True,-9.1,,856122.0,album,15.0,Columbia,Alternative,Alternative,0.651,0.335,0.427,0.906,0.0,0.119,0.0584,146.974,-6.008,4.0,1.0,4oVO4fGNRRvEn0CRuFO4qv,ES,Person,1992,flamenco|reggaeton|spanish|female vocals|latin pop,,2025-11-07,deezer,2025.0,250.0,-2
114,"TAKEDOWN (JEONGYEON, JIHYO, CHAEYOUNG) (from the Netflix film KPop Demon Hunters)",TWICE,1,False,322663165,261854,315,0.0812,,1.0,True,3455645211.0,"TAKEDOWN (JEONGYEON, JIHYO, CHAEYOUNG) (from the Netflix film KPop Demon Hunters)",TWICE,USUG12504881,2025-07-14,180.0,False,-7.6,,289557.0,album,16.0,Republic Records - TWICE,Asian Music,Asian Music,0.823,0.795,0.509,0.0801,0.0,0.217,0.126,139.939,-3.801,1.0,0.0,6wNpw74ZXwNvgkR1KzXQRl,KR,Group,2015,k-pop|girl group|pop|dance|3rd gen k-pop,2025-06-20,2025-06-20,musicbrainz,2025.0,390.0,-201
115,The Subway,Chappell Roan,1,False,321326855,441154,177,0.1373,,1.0,True,3476801931.0,The Subway,Chappell Roan,USUG12506170,2025-08-01,252.0,True,-8.7,,760564.0,single,1.0,Chappell Roan PS/ Island,Pop,Pop,0.303,0.619,0.492,0.454,0.0,0.176,0.0344,165.826,-6.266,10.0,1.0,6Wckwwcf1aIV8r9usvB83P,US,Person,1998,pop|synth-pop|dance-pop|queer|indie pop,2024,2024-01-01,musicbrainz,2024.0,926.0,-62
116,FAMOSINHA,Dj Caio Vieira,1,False,321135635,261843,316,0.0815,,1.0,True,3250684331.0,FAMOSINHA,Dj Caio Vieira,GBRKQ2577665,2025-02-28,133.0,True,-6.6,,707558.0,single,1.0,BR MUSIC DIREITOS MUSICAIS LTDA.,Brazilian Music,Brazilian Music|Soul & Funk,,,,,,,,,,,,,,,,,,2025-02-28,deezer,2025.0,502.0,-200
117,TU TU TU,Clave Especial,1,False,315329431,341735,235,0.1084,,1.0,True,3240204021.0,TU TU TU,Clave Especial,USWL12500619,2025-02-20,151.0,True,-9.4,,546386.0,album,16.0,WEA Latina,Latin Music,Latin Music,0.768,0.816,0.828,0.169,5.1e-05,0.477,0.0755,142.163,-5.264,5.0,0.0,0L5gbpFGU06vqSHacOxgka,US,Group,,,2025-02-20,2025-02-20,deezer,2025.0,510.0,-118
118,Father Figure,Taylor Swift,1,False,313964565,346642,232,0.1104,,1.0,True,4304169512.0,Father Figure,Taylor Swift,USUG12506439,2026-09-25,212.0,True,-8.8,,829056.0,album,16.0,Taylor Swift,Pop,Pop,0.745,0.661,0.321,0.302,0.0,0.249,0.0354,93.949,-6.29,11.0,0.0,03bTIHJElXZ0O0jqOQvAbY,US,Person,1989,pop|country|country pop|singer/songwriter|female vocals,2025-10-03,2025-10-03,musicbrainz,2025.0,285.0,-114
119,KETU TeCRÉ,Bad Bunny,1,False,311195782,366089,220,0.1176,,1.0,True,3171003051.0,KETU TeCRÉ,Bad Bunny,QMFMF2447062,2025-01-05,250.0,True,-6.9,,719926.0,album,17.0,Rimas Entertainment LLC.,Latin Music,Latin Music,0.27,0.277,0.082,0.0177,0.485,0.111,0.0477,111.353,-32.187,8.0,1.0,4c2Pc0NrfkesPR0jff6q3F,PR,Person,1994,reggaeton|trap latino|latin|latin trap|hip hop,2025-01-05,2025-01-05,deezer,2025.0,556.0,-101
120,Midnight Sun,Zara Larsson,1,False,311013242,1756173,22,0.5647,,1.0,True,3650137942.0,Midnight Sun,Zara Larsson,USSM12509195,2025-11-14,226.0,False,-7.8,,692773.0,single,1.0,Sommer House/Epic,Pop,Pop,0.639,0.918,0.428,0.0142,1.08e-05,0.0999,0.111,150.934,-4.849,9.0,1.0,6q2YSturdfEzMpoUR5gq0R,SE,Person,1997,pop|electropop|dance-pop|contemporary r&b|alternative pop,2025-06-13,2025-06-13,musicbrainz,2025.0,397.0,98
121,BOKeTE,Bad Bunny,1,False,310413728,362657,224,0.1168,,1.0,True,3171003061.0,BOKeTE,Bad Bunny,QMFMF2447063,2025-01-05,215.0,True,-7.0,,694776.0,album,17.0,Rimas Entertainment LLC.,Latin Music,Latin Music,0.4,0.07,0.0344,0.194,0.956,0.116,0.0456,124.927,-32.756,1.0,1.0,79x7xtoCLpf6l32Zz6mWo4,PR,Person,1994,reggaeton|trap latino|latin|latin trap|hip hop,2025-01-05,2025-01-05,deezer,2025.0,556.0,-103
122,A Couple Minutes,Olivia Dean,1,False,306713434,841399,67,0.2743,,1.0,True,3562948141.0,A Couple Minutes,Olivia Dean,GBUM72503093,2025-09-26,212.0,False,-10.0,,828109.0,album,12.0,PLG - Capitol,Pop,Pop,0.56,0.406,0.164,0.709,0.0,0.359,0.0369,124.782,-7.733,3.0,1.0,312z6PZ8wwREck8613PkJk,GB,Person,1999,neo soul|pop soul|pop|female vocals|indie pop,2025-09-26,2025-09-26,deezer,2025.0,292.0,55
123,Casanova,Soolking,1,False,305865540,119718,531,0.0391,,1.0,True,2352206125.0,Casanova,Soolking,FRPZ92324651,2023-07-06,189.0,False,-7.0,,932779.0,single,1.0,Universal Music MENA Distributed Labels,Rap/Hip Hop,Rap/Hip Hop,0.798,0.831,0.721,0.697,5.87e-05,0.112,0.171,132.039,-4.481,7.0,0.0,4uPVvzTQeYGQ4SuJCn7hft,DZ,Person,1989,french|hip hop|rap,2023-07-06,2023-07-06,deezer,2023.0,1105.0,-408
124,TIT FOR TAT,Tate McRae,1,False,305725341,397357,201,0.13,,1.0,True,3569857331.0,TIT FOR TAT,Tate McRae,USRC12502004,2025-09-26,177.0,True,-8.7,,754523.0,single,1.0,RCA Records Label,Pop,Pop,0.623,0.705,0.492,0.206,0.0,0.273,0.072,83.974,-5.036,8.0,0.0,04a44cx2PJthIbN2aLMXhl,CA,Person,2003,pop|dance-pop|2020s|female vocals|pop rock,2025-02-21,2025-02-21,musicbrainz,2025.0,509.0,-77
125,Rein Me In,Sam Fender,1,False,305483699,1684118,23,0.5513,,1.0,True,3416737961.0,Rein Me In,Sam Fender,GBUM72503308,2025-06-20,339.0,True,-9.2,,900174.0,single,1.0,Polydor Records,Alternative,Alternative,0.502,0.818,0.575,0.0414,0.000113,0.306,0.0371,124.016,-5.625,1.0,0.0,3AIDocdT6XmEHJjPkDItdn,GB,Person,1994,alternative rock|indie rock|rock|heartland rock,2025-02-21,2025-02-21,musicbrainz,2025.0,509.0,102
126,4 Raws,EsDeeKid,1,False,305161915,766838,77,0.2513,,1.0,True,3399233781.0,4 Raws,EsDeeKid,US38Y2546738,2025-06-20,146.0,True,-6.5,,784110.0,album,11.0,Lizzy Records,Rap/Hip Hop,Rap/Hip Hop,0.614,0.579,0.194,0.0124,0.608,0.141,0.0443,144.041,-7.481,6.0,0.0,554qQSs9lpRVq6TlaaiIKT,GB,Person,,uk|liverpool|rage|jerk|hardcore hip hop,2025-06-20,2025-06-20,deezer,2025.0,390.0,49
127,LA MuDANZA,Bad Bunny,1,False,305035830,534318,138,0.1752,,1.0,True,3171003141.0,LA MuDANZA,Bad Bunny,QMFMF2447071,2025-01-05,213.0,True,-8.3,,873922.0,album,17.0,Rimas Entertainment LLC.,Latin Music,Latin Music,0.565,0.926,0.971,0.975,0.944,0.131,0.0573,173.978,-5.607,7.0,1.0,3G7agPwWfcORnWCAGMDOpm,PR,Person,1994,reggaeton|trap latino|latin|latin trap|hip hop,2025-01-05,2025-01-05,deezer,2025.0,556.0,-11
128,YOGURCITO REMIX,Blessd,1,False,304799934,822361,70,0.2698,,0.969,True,3521387361.0,"YOGURCITO REMIX (feat. Kris R., ROA)",Blessed,QZZ3N2500038,2025-08-26,375.0,True,-7.3,,588006.0,single,1.0,WEA Latina,Rap/Hip Hop,Rap/Hip Hop|Latin Music,0.568,0.721,0.691,0.326,0.0,0.159,0.0603,142.05,-4.734,5.0,0.0,7nrd0eIftH3NQLfgk20Qp9,CO,Person,2000,reggaeton|latin,2025-08-26,2025-08-26,deezer,2025.0,323.0,58
129,White Keys,Dominic Fike,1,False,304456164,2278035,15,0.7482,,1.0,True,3651959272.0,White Keys,Dominic Fike,USQX92506204,2025-11-14,141.0,False,-9.3,,887767.0,single,1.0,Columbia,Alternative,Alternative|Pop,0.713,0.549,0.842,0.781,1.61e-05,0.146,0.191,81.973,-8.513,11.0,0.0,0bSv2vtkHtIUFD3DF06X8D,US,Person,1995,alternative pop,2025-11-14,2025-11-14,deezer,2025.0,243.0,114
130,RATHER LIE,Playboi Carti,1,False,303923954,279742,296,0.092,,1.0,True,3278625241.0,RATHER LIE,Playboi Carti,USUM72414871,2025-03-14,209.0,True,-9.3,,720413.0,album,30.0,AWGE/Interscope Records,Rap/Hip Hop,Rap/Hip Hop,0.72,0.665,0.279,0.0583,0.0,0.213,0.0325,132.991,-4.431,8.0,1.0,68qeaZhtMZ6abrJCYt6nQn,US,Person,1995,hip hop|trap|rap|southern hip hop|cloud rap,2025-03-14,2025-03-14,deezer,2025.0,488.0,-166
131,Chiquita,Neton Vega,1,False,302353284,164073,446,0.0543,,1.0,True,3214287551.0,Chiquita,Neton Vega,US3DF2514825,2025-02-14,132.0,False,-6.9,,439964.0,album,21.0,Josa Records,Latin Music,Latin Music,0.745,0.862,0.815,0.519,2.29e-05,0.12,0.058,138.065,-6.345,1.0,0.0,07bruo5RoHasGqnun1Z31S,MX,Person,2003,regional mexicano|corrido tumbado,2025-02-14,2025-02-14,deezer,2025.0,516.0,-315
132,Lose My Mind,Don Toliver,1,False,302209343,516377,145,0.1709,,1.0,True,3434062691.0,Lose My Mind (feat. Doja Cat),Don Toliver,USAT22503076,2025-06-26,209.0,False,-7.6,,654961.0,album,32.0,Atlantic Records,Pop,Pop,,,,,,,,,,,,,US,Person,1994,hip hop|alternative r&b|trap,2025-04-30,2025-04-30,musicbrainz,2025.0,441.0,-13
133,CHAVALITAS,Fuerza Regida,1,False,301971241,1062695,42,0.3519,,1.0,True,3345439171.0,CHAVALITAS,Fuerza Regida,QZ9QQ2500155,2025-05-02,164.0,True,-8.7,,563391.0,album,12.0,Rancho Humilde/Street Mob Records/Sony Music Latin,,,0.713,0.824,0.811,0.416,0.0,0.113,0.0776,123.038,-6.902,6.0,1.0,3qdeRGn9erK9sjs1kUtBys,MX,Group,2015,regional mexicano,2025-05-02,2025-05-02,deezer,2025.0,439.0,91
134,Sedia Aku Sebelum Hujan,Idgitaf,1,False,301224786,737654,82,0.2449,,1.0,True,3538275311.0,Sedia Aku Sebelum Hujan,Idgitaf,DGA052503460,2025-10-08,230.0,False,-7.6,,157088.0,single,1.0,idgitaf musik,Asian Music,Asian Music|Pop,,,,,,,,,,,,,,Person,2001,,2025-10-08,2025-10-08,deezer,2025.0,280.0,52
135,Show Me Love,WizTheMc,1,False,300140092,539297,136,0.1797,,1.0,True,3187953971.0,Show Me Love,WizTheMc,DE1FB2500005,2025-02-07,177.0,False,-8.6,,909128.0,single,1.0,Bamboo Artists,Pop,Pop,0.713,0.685,0.138,0.0219,0.000359,0.108,0.0425,107.147,-7.311,1.0,1.0,1S7Q7FhwoxaWoosVYoahe6,DE,Person,,pop rap,2025-12-12,2025-02-07,deezer,2025.0,523.0,-1
136,MONTAGEM XONADA,MXZI,1,False,300090632,438811,180,0.1462,,1.0,True,3429111541.0,MONTAGEM XONADA,MXZI,GXBAV2138587,2025-07-02,76.0,True,-5.0,,697114.0,ep,4.0,Lunar Media,Electro,Electro,0.524,0.971,0.718,0.0685,0.0,0.157,0.0504,130.095,-1.945,6.0,0.0,2Gs0iF27my40p0dANv2rAg,GB,Person,,,2025-07-02,2025-07-02,deezer,2025.0,378.0,-44
137,DIA DELÍCIA,Nakama,1,False,299886609,315055,265,0.1051,,1.0,True,3387200751.0,DIA DELÍCIA,Nakama,CH7812534814,2025-04-25,75.0,True,-8.4,,683280.0,ep,4.0,Nakama,Electro,Electro,0.824,0.744,0.531,0.344,3.82e-06,0.0281,0.0337,130.039,-3.72,8.0,1.0,5WCC5w7bTsAOv1g1W1fU7A,US,Person,,,2025,2025-01-01,musicbrainz,2025.0,560.0,-128
138,"Tonight, Tonight",The Smashing Pumpkins,1,False,297205135,193324,407,0.065,,0.94,True,62791734.0,"Tonight, Tonight (Remastered 2012)",The Smashing Pumpkins,USVI21200893,2012-11-30,255.0,False,-12.2,150.34,727683.0,album,92.0,Virgin Records,Alternative,Alternative,0.277,0.67,0.217,6.28e-05,0.751,0.237,0.0376,148.342,-9.381,6.0,1.0,7bu0znpSbTks0O6I98ij0W,US,Group,1988,alternative rock|dream pop|shoegaze|neo-psychedelia|grunge,1995,1995-01-01,musicbrainz,1995.0,11518.0,-269
139,Coleccionando Heridas,KAROL G,1,False,297001643,657213,99,0.2213,,1.0,True,3421452521.0,Coleccionando Heridas,KAROL G,USUG12502632,2025-06-20,204.0,False,-8.8,,669572.0,album,20.0,Bichota/Interscope Records,Latin Music,Latin Music,0.934,0.619,0.652,0.382,0.0,0.0868,0.04,115.068,-5.632,9.0,1.0,2XgSUQDkCdmm4LFU1BPW1c,CO,Person,1991,reggaeton|spanish|latin urban|latin|r&b,2025-06-20,2025-06-20,deezer,2025.0,390.0,40
140,Nobody’s Son,Sabrina Carpenter,1,False,294810868,664854,95,0.2255,,1.0,True,3529873531.0,Nobody’s Son,Sabrina Carpenter,USUM72504443,2025-08-29,182.0,True,-6.9,,721654.0,album,12.0,Island Records,Pop,Pop,0.452,0.735,0.65,0.336,0.0,0.0649,0.0449,173.919,-4.921,2.0,1.0,4SRShYMtFIGgnOU7iBicMH,US,Person,1999,pop|electropop|dance-pop|2020s|american,2025-08-29,2025-08-29,deezer,2025.0,320.0,45
141,TABOLA BALE,Silet Open Up,1,False,293724231,271067,304,0.0923,,1.0,True,3706535052.0,TABOLA BALE,Silet Open Up,SGW502518151,2025-04-04,274.0,False,-11.0,,329899.0,single,1.0,SILET OPEN UP,Dance,Dance,0.785,0.867,0.863,0.205,9.65e-06,0.0897,0.0393,99.989,-6.345,10.0,1.0,4jIGZPcgg0U8Lemv2Ylg8W,,Person,,,2025-04-04,2025-04-04,deezer,2025.0,467.0,-163
142,top diesel,Beéle,1,False,293676679,375756,215,0.1279,,1.0,True,3353337131.0,top diesel,Beele,QZ7B82500345,2025-05-15,190.0,False,-7.0,,677817.0,album,26.0,5020 Records,African Music,African Music|Rap/Hip Hop,,,,,,,,,,,,,CO,Person,2003,latin|reggaeton|trap latino,2025-05-15,2025-05-15,deezer,2025.0,426.0,-73
143,Wish I Knew You,The Revivalists,1,False,292052013,142324,485,0.0487,,1.0,True,135871618.0,Wish I Knew You,The Revivalists,USWU31500062,2016-09-30,274.0,False,-9.5,101.08,598346.0,album,14.0,Concord Records,Alternative,Alternative,0.649,0.719,0.717,0.147,0.0486,0.124,0.0263,101.041,-6.585,0.0,0.0,6WCjnJsxRht6zrVy7MlxZ2,US,Group,2007,,2015-07-15,2015-07-15,musicbrainz,2015.0,4018.0,-342
144,twilight zone,Ariana Grande,1,False,291088885,317829,259,0.1092,,1.0,True,3294514251.0,twilight zone,Ariana Grande,USUM72501915,2025-03-28,198.0,False,-8.9,,732023.0,album,19.0,Republic Records,Pop,Pop,0.737,0.48,0.207,0.0897,0.00022,0.0984,0.0306,114.915,-7.364,5.0,1.0,1SdJK81uqfXNIhlZI9vjlg,US,Person,1993,pop|r&b|dance-pop|contemporary r&b|dance,2025-03-27,2025-03-27,musicbrainz,2025.0,475.0,-115
145,Apaguei pra todos,Ferrugem,1,False,290040267,271789,302,0.0937,,0.94,True,2714500592.0,Apaguei Pra Todos (Ao Vivo),Ferrugem,BXG3O2400032,2024-04-18,198.0,False,-9.6,,814446.0,album,15.0,WM Brazil,Brazilian Music,Brazilian Music,0.624,0.734,0.499,0.516,0.0,0.828,0.0475,139.905,-6.498,4.0,0.0,65vJAh07BdwurqR9SRa6f8,BR,Person,1988,,2024-01-18,2024-01-18,musicbrainz,2024.0,909.0,-157
146,Garam & Madu (Sakit Dadaku),Tenxi,1,False,290017191,161568,453,0.0557,,1.0,True,3137065741.0,Garam & Madu (Sakit Dadaku),TENXI,IDC302114186,2025-01-03,184.0,False,-8.2,,275595.0,single,1.0,Mighty Record,Rap/Hip Hop,Rap/Hip Hop,0.937,0.749,0.471,0.365,0.00619,0.14,0.0458,124.992,-6.055,3.0,0.0,3jJkB9wdKpwxnkjgUBnE4c,ID,Person,2000,hip hop,2024-12-20,2024-12-20,musicbrainz,2024.0,572.0,-307
147,dopamina,Peso Pluma,1,False,289145336,968012,51,0.3348,,1.0,True,3729422272.0,dopamina,Peso Pluma,QMFMG2587003,2025-12-25,185.0,True,-7.7,,648979.0,album,15.0,Double P Records,,,0.805,0.907,0.475,0.598,0.000227,0.125,0.121,119.891,-4.963,4.0,0.0,6aXr5m1pMaqOFfXKwdsgtT,MX,Person,1999,regional mexicano|corrido tumbado,2026-02-26,2025-12-25,deezer,2025.0,202.0,96
148,Ya Borracho,Herencia De Grandes,1,False,283940668,1085905,38,0.3824,,1.0,True,3616746992.0,Ya Borracho,Herencia De Grandes,QZ9QQ2500667,2025-11-07,158.0,False,-11.0,,658355.0,album,16.0,Rancho Humilde,,,,,,,,,,,,,,,MX,Group,2015,regional mexicano|sierreño,2025-11-07,2025-11-07,deezer,2025.0,250.0,110
149,SOLEAO,Myke Towers,1,False,283631073,514761,146,0.1815,,1.0,True,3368936011.0,SOLEAO,Myke Towers,USWL12502238,2025-05-29,218.0,False,-7.9,,655399.0,single,1.0,WEA Latina,Rap/Hip Hop,Rap/Hip Hop|Latin Music,0.738,0.606,0.628,0.253,1.11e-05,0.105,0.0603,104.131,-5.175,5.0,0.0,4OsBqqMwFabHATATT527tH,PR,Person,1994,reggaeton|latin urban|latin|trap latino,2025-05-29,2025-05-29,deezer,2025.0,412.0,3
150,Chula Vente,Luis R Conriquez,1,False,280140409,406113,198,0.145,,1.0,True,3465949921.0,Chula Vente,Luis R Conriquez,USQX92504015,2025-07-24,242.0,True,-12.3,,588322.0,single,1.0,K Music/Sony Music Latin,Rap/Hip Hop,Rap/Hip Hop,0.841,0.623,0.63,0.261,0.000658,0.116,0.142,98.012,-8.286,0.0,0.0,2AWY8422GKdGpGw6ejB1Ys,MX,Person,1996,regional mexicano|corrido|corrido belico|sierreño,,2025-07-24,deezer,2025.0,356.0,-48
151,Wi$h Li$t,Taylor Swift,1,False,279598120,333020,244,0.1191,,1.0,True,4304169552.0,Wi$h Li$t,Taylor Swift,USUG12506443,2026-09-25,207.0,True,-9.7,,781483.0,album,16.0,Taylor Swift,Pop,Pop,0.694,0.494,0.479,0.303,1.76e-05,0.0811,0.0352,147.873,-6.543,0.0,1.0,2TEQvxxQabwLQMqWMg1qGu,US,Person,1989,pop|country|country pop|singer/songwriter|female vocals,2025-10-03,2025-10-03,musicbrainz,2025.0,285.0,-93
152,Real Man,beabadoobee,1,False,278155906,253503,327,0.0911,,1.0,True,2758748021.0,Real Man,beabadoobee,GBK3W2402964,2024-08-09,160.0,False,-8.2,,674124.0,album,14.0,Dirty Hit,Alternative,Alternative,0.555,0.745,0.442,0.636,0.0,0.146,0.0342,129.986,-5.94,10.0,0.0,0OpC8hRrbsh24taKOsQBEX,GB,Person,2000,indie pop|indie rock|bedroom pop|pop|lo-fi,2024-08-09,2024-08-09,deezer,2024.0,705.0,-175
153,ライラック,Mrs. GREEN APPLE,1,False,278065024,226117,360,0.0813,,0.633,False,,,,,,,,,,,,,,,,,,,,,,,,,,,,JP,Group,2013,j-rock|j-pop|pop rock|emi|mrs. green apple,2024-04-12,2024-04-12,musicbrainz,2024.0,824.0,-207
154,LATINA FOREVA,KAROL G,1,False,277682749,526676,141,0.1897,,1.0,True,3376766301.0,LATINA FOREVA,KAROL G,USUG12502629,2025-05-23,161.0,True,-8.1,,801921.0,single,1.0,Bichota/Interscope Records,Latin Music,Latin Music,0.826,0.727,0.555,0.00935,0.0,0.0784,0.0465,97.969,-2.865,1.0,0.0,1xo6tfm36CjWXOPGr74MmL,CO,Person,1991,reggaeton|spanish|latin urban|latin|r&b,2025-05-22,2025-05-22,musicbrainz,2025.0,419.0,13
155,The Life of a Showgirl,Taylor Swift,1,False,277674444,318563,258,0.1147,,1.0,True,4304169602.0,The Life of a Showgirl,Taylor Swift,USUG12506447,2026-09-25,241.0,True,-9.7,,776786.0,album,16.0,Taylor Swift,Pop,Pop,0.541,0.54,0.494,0.261,0.0,0.494,0.143,157.44,-7.589,0.0,1.0,5eXgqtg3T8Av0m1FUaGHex,US,Person,1989,pop|country|country pop|singer/songwriter|female vocals,2025-10-03,2025-10-03,musicbrainz,2025.0,285.0,-103
156,MONA LISA,j-hope,1,False,276373186,260804,318,0.0944,,1.0,True,3284803801.0,MONA LISA,j-hope,USA2P2505689,2025-03-21,137.0,False,-8.6,,638832.0,single,1.0,BIGHIT MUSIC,Asian Music,Asian Music,0.799,0.805,0.96,0.0278,9.03e-06,0.0535,0.0372,137.952,-5.009,1.0,1.0,5Fhr3wqeieN5WDkAsqL1JJ,KR,Person,1994,pop|hip hop|dance-pop|k-pop|r&b,2025-03-21,2025-03-21,deezer,2025.0,481.0,-162
157,Gameboy,KATSEYE,1,False,274009050,636344,103,0.2322,,1.0,True,3423179041.0,Gameboy,KATSEYE,USUM72503467,2025-06-27,185.0,False,-6.4,,801268.0,ep,5.0,HYBE/Geffen,Pop,Pop,0.496,0.801,0.64,0.314,3.03e-06,0.0615,0.0656,118.82,-4.426,11.0,1.0,0F1CYobvh4pzGEsixhZF2k,US,Group,2023,pop|girl group|dance-pop|2020s|electronic,2025-06-27,2025-06-27,deezer,2025.0,383.0,54
158,daño,Peso Pluma,1,False,273380759,1538443,29,0.5627,,1.0,True,3729422322.0,daño,Peso Pluma,QMFMG2586999,2025-12-25,197.0,True,-7.9,,692703.0,album,15.0,Double P Records,,,0.464,0.721,0.511,0.667,0.000693,0.0902,0.131,200.181,-5.092,1.0,1.0,7zjdx5o1KmOC6rnRNHVYDb,MX,Person,1999,regional mexicano|corrido tumbado,2026-02-26,2025-12-25,deezer,2025.0,202.0,129
159,Balanço da Rede,Matheus Fernandes,1,False,272123666,27422,711,0.0101,,1.0,True,1653003022.0,Balanço da Rede,Matheus Fernandes,BCDE52200008,2022-02-24,166.0,False,-8.3,,655580.0,single,1.0,Som Livre,Brazilian Music,Brazilian Music,0.764,0.796,0.924,0.193,0.0,0.0853,0.033,140.072,-4.611,6.0,0.0,2qmG7dokbGpDGD0T5wORWt,,Person,,,2021-10-01,2021-10-01,musicbrainz,2021.0,1748.0,-552
160,House Tour,Sabrina Carpenter,1,False,269744346,883445,65,0.3275,,1.0,True,3529873581.0,House Tour,Sabrina Carpenter,USUM72504449,2025-08-29,167.0,False,-7.3,,732162.0,album,12.0,Island Records,Pop,Pop,0.763,0.874,0.564,0.149,0.0,0.36,0.0817,118.004,-4.934,6.0,1.0,4daUEDN2DnSEeP9nSt32Rf,US,Person,1999,pop|electropop|dance-pop|2020s|american,2025-08-29,2025-08-29,deezer,2025.0,320.0,95
161,LUNA BALA,Yb Wasg'ood,1,False,268727426,266348,308,0.0991,,1.0,True,3309787361.0,LUNA BALA,Yb Wasg'ood,CA5KR2527384,2025-04-18,106.0,False,-5.6,,572775.0,ep,6.0,void,Electro,Electro,,,,,,,,,,,,,IT,Person,,,2025-04-18,2025-04-18,deezer,2025.0,453.0,-147
162,Siren sounds (bonus),Tate McRae,1,False,266210131,385512,209,0.1448,,1.0,True,3243190801.0,Siren sounds (bonus),Tate McRae,USRC12500271,2025-02-24,181.0,False,-8.4,,813041.0,album,16.0,RCA Records Label,Pop,Pop,0.321,0.659,0.162,0.015,0.0,0.287,0.0532,137.893,-6.23,7.0,1.0,6SWcn5rpHaqpjJ5au2CQqv,CA,Person,2003,pop|dance-pop|2020s|female vocals|pop rock,2025-02-21,2025-02-21,musicbrainz,2025.0,509.0,-47
163,EVIL J0RDAN,Playboi Carti,1,False,265867301,229095,356,0.0862,,1.0,True,3278625201.0,EVIL J0RDAN,Playboi Carti,USUM72414866,2025-03-14,183.0,True,-11.3,,663728.0,album,30.0,AWGE/Interscope Records,Rap/Hip Hop,Rap/Hip Hop,0.689,0.36,0.0599,0.00665,6.11e-05,0.119,0.0564,154.009,-7.029,1.0,1.0,6iycYUk3oB0NPMdaDUrN1w,US,Person,1995,hip hop|trap|rap|southern hip hop|cloud rap,2024-01-15,2024-01-15,musicbrainz,2024.0,912.0,-193
164,IRIS OUT,Kenshi Yonezu,1,False,263854590,482321,162,0.1828,,1.0,True,3540533651.0,IRIS OUT,Kenshi Yonezu,JPU902502821,2025-09-15,151.0,False,-8.1,,716642.0,single,1.0,Sony Music Labels Inc.,Asian Music,Asian Music,,,,,,,,,,,,,,,,,,2025-09-15,deezer,2025.0,303.0,2
165,For A Reason,Karan Aujla,1,False,263653349,431734,184,0.1638,,1.0,True,3495188931.0,For A Reason,Karan Aujla,CAW112500963,2025-08-22,180.0,False,-6.8,,330377.0,album,11.0,WM Canada,Rap/Hip Hop,Rap/Hip Hop|Pop,,,,,,,,,,,,,IN,Person,1997,karanaujal,2025-08-22,2025-08-22,deezer,2025.0,327.0,-19
166,Triple Lavada,Esau Ortiz,1,False,263265257,265525,310,0.1009,,1.0,True,3298488061.0,Triple Lavada,Esaú Ortiz,MXA4M2500036,2025-03-28,165.0,True,-8.2,,564582.0,single,1.0,ESAU ORTIZ AZUARA/Sony Music Latin,Rap/Hip Hop,Rap/Hip Hop,0.909,0.583,0.557,0.417,0.0,0.137,0.0847,100.012,-5.735,10.0,0.0,0ZDV3tNhU0FAhUwcKYlSTn,MX,Person,2001,regional mexicano|corrido tumbado,2025-03-28,2025-03-28,deezer,2025.0,474.0,-144
167,quédate,Beéle,1,False,263139505,320547,256,0.1218,,1.0,True,3353337121.0,quédate,Beele,QZ7B82500303,2025-05-15,176.0,False,-8.5,,649482.0,album,26.0,5020 Records,African Music,African Music|Rap/Hip Hop,,,,,,,,,,,,,CO,Person,2003,latin|reggaeton|trap latino,2025-05-15,2025-05-15,deezer,2025.0,426.0,-89
168,111,Yan Block,1,False,263083211,439540,179,0.1671,,1.0,True,3217527071.0,111,Yan Block,QM4TX2502883,2025-02-20,153.0,True,0.0,,491848.0,single,1.0,Sonar LLC.,Latin Music,Latin Music,0.792,0.498,0.14,0.501,0.165,0.0951,0.196,127.974,-10.327,4.0,0.0,2SPBFiD8iITb8CKJGz1TEQ,PR,Person,,,2025-02-20,2025-02-20,deezer,2025.0,510.0,-11
169,We Hug Now,Sydney Rose,1,False,262780117,336165,242,0.1279,,1.0,True,3262900941.0,We Hug Now,Sydney Rose,QZNWP2551442,2025-03-04,249.0,False,-11.5,,752782.0,single,1.0,Sydney Rose,Pop,Pop,0.367,0.332,0.208,0.714,0.000977,0.122,0.0352,120.05,-10.86,0.0,1.0,0QFcAkEdiXKATgs6ynEgLz,US,Person,,,2025-02-13,2025-02-13,musicbrainz,2025.0,517.0,-73
170,SPAGHETTI,LE SSERAFIM,1,False,262468327,505027,149,0.1924,,1.0,True,3614444782.0,SPAGHETTI,LE SSERAFIM,USA2P2552922,2025-10-24,172.0,True,-7.5,,731179.0,single,8.0,SOURCE MUSIC,Asian Music,Asian Music,0.9,0.819,0.872,0.0813,0.0,0.289,0.0724,111.5,-4.641,11.0,1.0,2N9miXnewVmUrgl6JSK1FI,KR,Group,2022,k-pop|girl group|4th gen k-pop,2025-10-24,2025-10-24,deezer,2025.0,264.0,21
171,kota ini tak sama tanpamu,Nadhif Basalamah,1,False,262372520,1037771,45,0.3955,,1.0,True,3502472981.0,kota ini tak sama tanpamu (with Aziz Harun & Aisha Retno),Nadhif Basalamah,FRX872527141,2025-08-15,269.0,False,-8.7,,140709.0,single,2.0,After School Records & Faithful Music,Pop,Pop,,,,,,,,,,,,,ID,Person,2000,,2025-06-20,2025-06-20,musicbrainz,2025.0,390.0,126
172,"Phir Mohabbat (From ""Murder 2"")",Mohammed Irfan,1,False,261623436,267039,307,0.1021,,1.0,True,3130800131.0,"Phir Mohabbat (From ""Murder 2"")",Mohammed Irfan,INS181101313,2024-11-05,329.0,False,-8.8,,113165.0,album,50.0,Super Cassettes Industries Private Limited,,,0.461,0.481,0.262,0.789,1.01e-06,0.127,0.0327,199.807,-6.389,0.0,0.0,2b2HutIDmoeBnnKRWDLAtV,IN,Person,1984,usure,2011-05-30,2011-05-30,musicbrainz,2011.0,5525.0,-135
173,Haseen,Talwiinder,1,False,259094630,332307,247,0.1283,,1.0,True,3236914121.0,Haseen,Talwiinder,TCAJH2583153,2025-02-23,174.0,False,-10.4,,289826.0,single,1.0,Talwiinder,R&B,R&B,,,,,,,,,,,,,IN,Person,,soul|haseen,2025-02-23,2025-02-23,deezer,2025.0,507.0,-74
174,caperuza,Fuerza Regida,1,False,254822590,892774,63,0.3504,,1.0,True,3345439241.0,caperuza,Fuerza Regida,QZ9QQ2500161,2025-05-02,179.0,True,-8.9,,615188.0,album,12.0,Rancho Humilde/Street Mob Records/Sony Music Latin,,,0.685,0.6,0.518,0.251,0.0,0.111,0.0439,79.949,-5.317,4.0,0.0,6272S5nkbOvQDazRYq6muV,MX,Group,2015,regional mexicano,2025-05-02,2025-05-02,deezer,2025.0,439.0,111
175,Presepada,Marília Mendonça,1,False,254794861,46077,675,0.0181,,1.0,True,3776796112.0,Presepada,Marília Mendonça,BRWNV2100062,2026-01-28,196.0,False,-8.2,,251058.0,album,42.0,Som Livre,Brazilian Music,Brazilian Music,0.606,0.733,0.672,0.368,0.0,0.144,0.175,166.199,-4.46,9.0,1.0,3YvE7uo4ffseBoJPh8IhHp,BR,Person,1995,sertanejo|sertanejo universitário,2021-10-14,2021-10-14,musicbrainz,2021.0,1735.0,-500
176,LA VILLA,Ryan Castro,1,False,253802869,1080931,40,0.4259,,1.0,True,3613707422.0,LA VILLA,Ryan Castro,QMFMF2513037,2025-10-23,194.0,True,-8.6,,775990.0,album,13.0,AWOO Corp./Sony Music Latin,Rap/Hip Hop,Rap/Hip Hop,0.741,0.908,0.876,0.0492,1.06e-05,0.103,0.0666,180.067,-3.383,2.0,0.0,6YkGw5op7PeyP2gmMMMrfJ,CO,Person,1994,latin|reggaeton,2025-10-23,2025-10-23,deezer,2025.0,265.0,136
177,wgft,Gunna,1,False,252936359,590337,116,0.2334,,1.0,True,3495737481.0,wgft (feat. Burna Boy),Gunna,USAT22505839,2025-08-08,184.0,True,-10.5,,815560.0,album,25.0,300 Entertainment,Rap/Hip Hop,Rap/Hip Hop,,,,,,,,,,,,,US,Person,1993,hip hop|trap|pop rap|southern hip hop,2025-08-07,2025-08-07,musicbrainz,2025.0,342.0,61
178,Beautiful People,David Guetta,1,False,252782826,353417,229,0.1398,,1.0,True,3229131161.0,Beautiful People,David Guetta,UKWLG2500016,2025-03-07,187.0,False,-7.9,,854734.0,single,2.0,Atlantic Records UK,Dance,Dance,0.739,0.761,0.417,0.107,0.0,0.131,0.0904,127.033,-5.39,9.0,0.0,6DGLrATEkomMZNTh1PRnSL,FR,Person,1967,house|dance-pop|dance|electro house|electronic,2025-03-07,2025-03-07,deezer,2025.0,495.0,-51
179,Good News,Shaboozey,1,False,249878133,344740,233,0.138,,1.0,True,3056032231.0,Good News,Shaboozey,USUYG1580113,2024-11-15,199.0,False,0.0,,770960.0,single,1.0,American Dogwood / EMPIRE,Country,Country,0.572,0.535,0.414,0.471,3.61e-06,0.0902,0.0391,161.794,-7.493,8.0,1.0,54p6vNJwGkt4FTaM8SCsxt,US,Person,1995,country|hip hop|country pop|stomp and holler,2024-11-15,2024-11-15,deezer,2024.0,607.0,-54
180,Insomnia (Monster Mix),Faithless,1,False,248910145,149198,472,0.0599,,1.0,True,560269.0,Insomnia (Monster Mix),Faithless,GBBXH9820028,2005-08-30,522.0,False,-9.7,126.8,655207.0,album,16.0,Cheeky Records,Pop,Pop,0.683,0.937,0.305,0.028,0.768,0.141,0.0335,126.872,-6.388,11.0,0.0,2FH3BLTMhJlCH1Dmkua5DW,GB,Group,1995,electronic|trip hop|trance|house|progressive house,1996,1996-01-01,musicbrainz,1996.0,11153.0,-292
181,Illegal,PinkPantheress,1,False,247298025,501710,153,0.2029,,1.0,True,3344984901.0,Illegal,PinkPantheress,GBAYE2500293,2025-05-09,149.0,False,-8.3,,764503.0,album,9.0,Warner Records,Pop,Pop,,,,,,,,,,,,,GB,Person,2001,uk garage|drum and bass|pop|jungle|alternative pop,2025-05-09,2025-05-09,deezer,2025.0,432.0,28
182,Ilusão De Ótica,Matheus & Kauan,2,True,246780032,389882,205,0.158,,0.94,True,3189321571.0,Ilusão De Ótica (Ao Vivo),Matheus & Kauan,BKU8M2500001,2025-01-24,180.0,False,-7.5,,904424.0,ep,6.0,Universal Music Ltda (S&D),Brazilian Music,Brazilian Music,0.623,0.892,0.769,0.381,0.0,0.237,0.0656,163.015,-3.286,9.0,1.0,4XBrii08d2IVQoCCGChHZ7,BR,Group,2010,sertanejo|pop|country,,2025-01-24,deezer,2025.0,537.0,-23
183,Penyangkalan,For Revenge,1,False,245766969,721281,89,0.2935,,1.0,True,3667232552.0,Penyangkalan,For Revenge,IDAC52400095,2025-12-11,241.0,False,-6.5,,120698.0,album,14.0,Sony Music Entertainment,Pop,Pop,0.444,0.812,0.513,0.00187,0.0,0.325,0.0332,77.005,-4.531,11.0,0.0,5BEaISZ1DicXxN6DJ5kdtg,FI,Group,2001,black metal|experimental black metal|darkness|evil|satan,2025-12-11,2025-12-11,deezer,2025.0,216.0,94
184,"Sally, When The Wine Runs Out",ROLE MODEL,1,False,245213334,428320,187,0.1747,,1.0,True,3232179181.0,"Sally, When The Wine Runs Out",ROLE MODEL,USUM72500706,2025-02-14,218.0,True,-9.4,,672848.0,album,17.0,Interscope Records,Pop,Pop,0.678,0.814,0.857,0.015,0.0,0.104,0.0294,119.974,-6.065,1.0,1.0,2J051fjLklkoPbzOoTAACZ,US,Person,1997,pop,2024-07-19,2024-07-19,musicbrainz,2024.0,726.0,-3
185,Wood,Taylor Swift,1,False,244532763,238513,344,0.0975,,1.0,True,4304169562.0,Wood,Taylor Swift,USUG12506444,2026-09-25,150.0,True,-9.4,,839885.0,album,16.0,Taylor Swift,Pop,Pop,0.796,0.706,0.781,0.271,0.0,0.587,0.191,99.961,-6.846,5.0,1.0,5ylJtmaWPJ33cW3En7WOu0,US,Person,1989,pop|country|country pop|singer/songwriter|female vocals,2025-10-03,2025-10-03,musicbrainz,2025.0,285.0,-159
186,Afsos,Anuv Jain,1,False,244445747,256860,322,0.1051,,1.0,True,3201192741.0,Afsos,Anuv Jain,INUM72500068,2025-01-31,192.0,False,-12.8,,329779.0,single,1.0,"Universal Music India Pvt. Ltd. (on behalf of Anuv Jain, AP DHILLON INC/Republic Records)",Pop,Pop,0.702,0.341,0.582,0.502,0.0,0.143,0.0349,96.94,-10.612,0.0,0.0,4Qm7r3ImER8S2Ori1gLMAf,IN,Person,1995,singer-songwriter|indie|indian pop,2025-01-31,2025-01-31,deezer,2025.0,530.0,-136
187,Victory Lap,Fred again..,1,False,243683459,490129,155,0.2011,,1.0,True,3413895391.0,Victory Lap,Fred again..,GBAHS2500558,2025-06-18,165.0,True,-6.5,,743902.0,single,1.0,Atlantic Records UK,Electro,Electro|Dance,0.891,0.749,0.588,0.163,1.95e-06,0.0922,0.112,140.041,-3.087,11.0,1.0,6Oi5OOQcnkRvU90WgFV32x,GB,Person,1993,electronic|uk garage|edm|future garage|dance,2022-01-18,2025-06-18,deezer,2025.0,392.0,32
188,Eu Me Apaixonei,Vitinho Imperador,1,False,242135260,485885,157,0.2007,,1.0,True,3240320441.0,Eu Me Apaixonei,Vitinho Imperador,BC8VV2500003,2025-02-27,205.0,False,-7.3,,885508.0,single,1.0,Vitinho Imperador,Brazilian Music,Brazilian Music,,,,,,,,,,,,,,,,,,2025-02-27,deezer,2025.0,503.0,31
189,Mi Vida Mi Muerte,Neton Vega,1,False,241675020,311897,268,0.1291,,1.0,True,3166656081.0,Mi Vida Mi Muerte,Neton Vega,US3DF2500001,2025-01-20,175.0,False,-9.1,,497543.0,single,1.0,Josa Records,Latin Music,Latin Music,0.792,0.717,0.361,0.13,0.00557,0.379,0.0513,83.976,-3.902,2.0,0.0,2Vw8vOliCmBOAys8Q2xzJZ,MX,Person,2003,regional mexicano|corrido tumbado,2025-02-14,2025-01-20,deezer,2025.0,541.0,-79
190,Actually Romantic,Taylor Swift,1,False,241563671,250965,331,0.1039,,1.0,True,4304169542.0,Actually Romantic,Taylor Swift,USUG12506442,2026-09-25,163.0,True,-9.7,,854852.0,album,16.0,Taylor Swift,Pop,Pop,0.708,0.427,0.718,0.497,0.0,0.103,0.169,169.949,-7.804,1.0,0.0,2x3mwb96B6TquRqMtbxUE1,US,Person,1989,pop|country|country pop|singer/songwriter|female vocals,2025-10-03,2025-10-03,musicbrainz,2025.0,285.0,-141
191,Lover Girl,Laufey,1,False,240785150,683948,93,0.284,,1.0,True,3401301081.0,Lover Girl,Laufey,QM6N22553527,2025-06-25,164.0,False,-8.6,,746032.0,single,1.0,Vingolf Recordings,Pop,Pop,0.658,0.447,0.899,0.836,0.0,0.0752,0.155,87.907,-7.225,11.0,1.0,4nwjvcUjV7cexhwA40Bh5i,IS,Person,1999,jazz pop|singer-songwriter|2020s|gen z|jazz,2025-06-25,2025-06-25,deezer,2025.0,385.0,98
192,Shiny,Easykid,1,False,239809390,290545,289,0.1212,,1.0,True,3393136571.0,Shiny,Easykid,QZNJW2532497,2025-06-11,158.0,False,-8.7,,720927.0,album,12.0,Easykid,Electro,Electro,0.73,0.776,0.626,0.218,2.85e-06,0.511,0.0417,110.035,-5.069,1.0,0.0,72aGCwuSwD5Qb3tHvXBoX3,,Person,1995,,2025-06-11,2025-06-11,deezer,2025.0,399.0,-97
193,All The Way,BigXthaPlug,1,False,238832982,426729,188,0.1787,,1.0,True,3279419081.0,All The Way (feat. Bailey Zimmerman),BigXthaPlug,QZLL92584883,2025-04-04,165.0,True,-10.5,,528282.0,single,1.0,BigXthaPlug under exclusive license to UnitedMasters LLC,Rap/Hip Hop,Rap/Hip Hop,0.77,0.59,0.425,0.278,0.0,0.149,0.0385,135.058,-6.374,11.0,1.0,0bbGQllOofSd6vJtkPlUkF,US,Person,1998,hip hop|trap|country|southern hip hop,2025-04-04,2025-04-04,deezer,2025.0,467.0,5
194,sobelove,Beéle,1,False,237974227,208376,383,0.0876,,1.0,True,3257124661.0,sobelove,Beele,QZ7B82400249,2025-03-06,135.0,False,-8.2,,600261.0,single,1.0,5020 Records,Rap/Hip Hop,Rap/Hip Hop,0.756,0.721,0.715,0.36,9.88e-06,0.0794,0.191,111.994,-4.046,8.0,0.0,4GZOxR1IuvoRiUz0gpmASl,CO,Person,2003,latin|reggaeton|trap latino,2025-05-15,2025-03-06,deezer,2025.0,496.0,-189
195,her,JVKE,1,False,237861799,467015,167,0.1963,,1.0,True,2964676301.0,her,JVKE,QMBZ92455368,2024-08-30,171.0,False,-7.4,,778072.0,single,1.0,JVKE,Pop,Pop,0.434,0.589,0.582,0.932,0.00022,0.496,0.0342,143.728,-5.529,11.0,1.0,6G9YlbU3ByPJQvOFDRdwyM,US,Person,2001,pop|indie pop|alternative pop|2020s|gen z,2024-08-30,2024-08-30,deezer,2024.0,684.0,28
196,Baby Steps,Olivia Dean,1,False,235579694,608717,108,0.2584,,1.0,True,3562948131.0,Baby Steps,Olivia Dean,GBUM72503092,2025-09-26,197.0,False,-9.4,,786965.0,album,12.0,PLG - Capitol,Pop,Pop,0.698,0.671,0.385,0.162,0.0341,0.11,0.0567,94.954,-8.457,0.0,1.0,5SruEBX3KpgpDvEcIuN53P,GB,Person,1999,neo soul|pop soul|pop|female vocals|indie pop,2025-09-26,2025-09-26,deezer,2025.0,292.0,88
197,Ama Um Maloqueiro,Rafa e Junior,1,False,234800789,425471,190,0.1812,,1.0,True,4061078581.0,Ama Um Maloqueiro,Rafa e Junior,TCAJQ2510682,2025-06-01,162.0,False,-8.2,,884038.0,single,1.0,WM Brazil,Brazilian Music,Brazilian Music,,,,,,,,,,,,,,,,,,2025-06-01,deezer,2025.0,409.0,7
198,Ojos Tristes,Selena Gomez,1,False,233736293,222788,367,0.0953,,1.0,True,3285871861.0,Ojos Tristes,Selena Gomez,USUG12408959,2025-03-21,201.0,False,-7.7,,732243.0,album,14.0,SMG Music LLC & Friends Keep Secrets under exclusive license to Interscope Records,Pop,Pop,0.666,0.628,0.731,0.735,0.0352,0.204,0.0291,110.031,-7.185,8.0,1.0,1DFmBjoeQN9DpOVTEewyx0,US,Person,1992,pop|dance-pop|electropop|teen pop|rock,2025-03-19,2025-03-19,musicbrainz,2025.0,483.0,-169
199,CANCELLED!,Taylor Swift,1,False,233533573,224553,362,0.0962,,1.0,True,4304169572.0,CANCELLED!,Taylor Swift,USUG12506445,2026-09-25,211.0,True,-10.1,,780524.0,album,16.0,Taylor Swift,Pop,Pop,0.725,0.399,0.463,0.534,0.0,0.193,0.0371,90.911,-8.652,7.0,0.0,1appZ3c336FkPvCuywfmrs,US,Person,1989,pop|country|country pop|singer/songwriter|female vocals,2025-10-03,2025-10-03,musicbrainz,2025.0,285.0,-163
200,Let Alone The One You Love,Olivia Dean,1,False,232727573,469143,166,0.2016,,1.0,True,3562948081.0,Let Alone The One You Love,Olivia Dean,GBUM72503088,2025-09-26,186.0,False,-9.5,,755608.0,album,12.0,PLG - Capitol,Pop,Pop,0.553,0.423,0.312,0.704,0.00013,0.101,0.0344,82.269,-8.25,8.0,1.0,3Vd4fHzwS6pBS3muymjiDi,GB,Person,1999,neo soul|pop soul|pop|female vocals|indie pop,2025-09-26,2025-09-26,deezer,2025.0,292.0,34
201,NOW OR NEVER,Tkandz,1,False,232175017,425135,191,0.1831,,0.94,True,3638773072.0,NOW OR NEVER - Slowed,Tkandz,USAT22508690,2025-10-02,132.0,False,-9.3,,720021.0,single,3.0,Timing Is Everything Ent,Rap/Hip Hop,Rap/Hip Hop,,,,,,,,,,,,,,,,,2025-09-12,2025-09-12,musicbrainz,2025.0,306.0,10
202,Better Me For You (Brown Eyes),Max McNown,1,False,232133487,482812,161,0.208,,1.0,True,3092229871.0,Better Me For You (Brown Eyes),Max McNown,QMGVJ2400200,2025-01-24,194.0,False,-8.3,,630867.0,album,10.0,Fugitive Recordings,Country,Country|Singer & Songwriter,0.574,0.649,0.565,0.165,0.0,0.175,0.0265,76.028,-6.228,0.0,1.0,4Iu73sdCNxZXZUIyClMoPZ,US,Person,2001,folk|singer-songwriter|bluegrass|country|americana,2025-01-24,2025-01-24,deezer,2025.0,537.0,41
203,Love Hangover,JENNIE,1,False,231697292,164968,443,0.0712,,1.0,True,3208895561.0,Love Hangover,JENNIE,USQX92500253,2025-01-31,180.0,True,-7.6,,558821.0,single,1.0,OA Entertainment/Columbia,Asian Music,Asian Music|Pop,0.624,0.781,0.581,0.121,0.0,0.13,0.234,147.797,-6.009,0.0,0.0,5SNDuoVhdgf5JUg3nx25sr,KR,Person,1996,k-pop|pop|hip hop|rock|dance,2025-01-31,2025-01-31,deezer,2025.0,530.0,-240
204,Fable,Gigi Perez,1,False,230410520,276042,298,0.1198,,1.0,True,3050838911.0,Fable,Gigi Perez,USUG12407607,2024-10-25,261.0,False,-11.2,,666135.0,single,1.0,Gigi Perez PS/ Island,Alternative,Alternative,0.324,0.3,0.138,0.417,0.0,0.0864,0.0295,101.621,-9.949,10.0,1.0,1e0vsza0hIVYv9Mkz542qn,US,Person,2000,indie pop|indie folk|queer|2020s|gen z,2024-10-25,2024-10-25,deezer,2024.0,628.0,-94
205,Zoo,Disney,1,False,229200631,937894,53,0.4092,,0.94,True,3654438642.0,Hoofdstuk 15 - Zootropolis 2,Disney,DE1JS9397345,2025-12-01,128.0,False,-17.3,,98383.0,album,91.0,SAGA Kids,,,,,,,,,,,,,,,US,Other,1923,special purpose artist|special purpose|fixme|bogus artist|use actual artists,,2025-12-01,deezer,2025.0,226.0,152
206,Ruin The Friendship,Taylor Swift,1,False,229101715,326872,252,0.1427,,1.0,True,4304169532.0,Ruin The Friendship,Taylor Swift,USUG12506441,2026-09-25,220.0,False,-8.9,,797559.0,album,16.0,Taylor Swift,Pop,Pop,0.615,0.698,0.594,0.372,0.0,0.104,0.107,159.883,-5.948,7.0,1.0,6ELVyix1yp8H9qt1IneOj9,US,Person,1989,pop|country|country pop|singer/songwriter|female vocals,2025-10-03,2025-10-03,musicbrainz,2025.0,285.0,-46
207,"Gehra Hua (From ""Dhurandhar"")",Shashwat Sachdev,1,False,228305619,1009236,47,0.4421,,1.0,True,3681509082.0,"Gehra Hua (From ""Dhurandhar"")",Shashwat Sachdev,INH102506955,2025-11-27,362.0,False,-13.1,,339639.0,single,1.0,Saregama India Ltd,,,,,,,,,,,,,,,IN,Person,,,,2025-11-27,deezer,2025.0,230.0,160
208,Devil in Disguise,Marino,1,False,227773199,358056,225,0.1572,,1.0,True,3459977161.0,Devil in Disguise,Marino,CA5KR2543145,2025-07-18,105.0,False,-9.4,,763046.0,single,1.0,broke,Alternative,Alternative,0.899,0.403,0.617,0.508,2.87e-05,0.111,0.0642,109.982,-9.674,1.0,0.0,3MKhTroJs5GF9H7LqN9fiw,CA,Person,1954,heavy metal|hard rock|blues rock,2025-07-18,2025-07-18,deezer,2025.0,362.0,-17
209,NO BATIDÃO,ZXKAI,1,False,227521371,580132,118,0.255,,1.0,True,3537531961.0,NO BATIDÃO,ZXKAI,QMFME2517989,2025-09-05,89.0,True,-3.7,,889772.0,single,3.0,ZXKAI,Electro,Electro,,,,,,,,,,,,,,Person,,brazilian phonk,2025-09-05,2025-09-05,deezer,2025.0,313.0,91
210,NINAO,GIMS,1,False,226624219,257034,321,0.1134,,1.0,True,3242688291.0,NINAO,GIMS,FR8FB2503200,2025-02-20,167.0,False,-10.1,,963312.0,single,1.0,Play Two,Rap/Hip Hop,Rap/Hip Hop|French Rap,0.805,0.57,0.866,0.175,3.38e-06,0.115,0.101,122.984,-9.007,7.0,0.0,5lXLzaZoj4j4hfCYO687bN,FR,Person,1986,pop rap|french hip hop|pop|hardcore hip hop|sapés comme jamais,2024-09-13,2024-09-13,musicbrainz,2024.0,670.0,-111
211,What Did I Miss?,Drake,1,False,226623154,1057927,43,0.4668,,1.0,True,4022917841.0,What Did I Miss?,Drake,USUG12505774,2026-05-15,194.0,True,-8.7,,695025.0,album,18.0,OVO/Republic,Rap/Hip Hop,Rap/Hip Hop,0.755,0.811,0.509,0.182,0.0,0.266,0.0419,126.292,-4.11,0.0,0.0,7oDbkGSI3IRzKmhrTiQdID,CA,Person,1986,hip hop|r&b|pop rap|contemporary r&b|alternative r&b,2025-07-05,2025-07-05,musicbrainz,2025.0,375.0,168
212,7-3,Peso Pluma,1,False,224969113,801254,74,0.3562,,1.0,True,3729422302.0,7-3,Peso Pluma,QMFMG2587000,2025-12-25,189.0,True,-7.9,,609534.0,album,15.0,Double P Records,,,0.795,0.811,0.761,0.46,2.13e-06,0.125,0.21,130.24,-4.524,9.0,0.0,2MaOTgQbuYGaLzffoyh2yH,MX,Person,1999,regional mexicano|corrido tumbado,2026-02-26,2025-12-25,deezer,2025.0,202.0,138
213,Blue Strips,Jessie Murph,1,False,223879641,228085,357,0.1019,,1.0,True,3314422221.0,Blue Strips,Jessie Murph,USQX92501665,2025-04-11,147.0,False,-7.6,,547367.0,single,1.0,Columbia,Pop,Pop,0.644,0.649,0.243,0.276,0.0,0.095,0.0388,133.883,-4.117,1.0,1.0,4FQf1Cv2JnyabEuyrMjJXe,US,Person,2004,pop|hip hop|indie rock|country|indie pop,2025-04-11,2025-04-11,deezer,2025.0,460.0,-144
214,MENTE MÁ,Nakama,1,False,223218464,311383,269,0.1395,,1.0,True,3369249721.0,MENTE MÁ,Nakama,CA5KR2534261,2025-05-16,76.0,False,-7.7,,676895.0,ep,4.0,void,Electro,Electro,0.8,0.71,0.965,0.297,0.0902,0.0404,0.0346,129.922,-2.922,3.0,0.0,52utSS67OcPMXVg62QH6vJ,US,Person,,,2025-05-16,2025-05-16,deezer,2025.0,425.0,-55
215,bittersweet,Madison Beer,1,False,222475971,407492,197,0.1832,,1.0,True,3591340192.0,bittersweet,Madison Beer,USSM12503876,2025-10-10,202.0,False,-8.1,,732658.0,single,1.0,Epic/Sing It Loud,Pop,Pop,0.628,0.619,0.177,0.735,0.00123,0.214,0.0372,109.971,-7.229,5.0,1.0,3A02hWQ2ebOFDWSbAMNnpw,US,Person,1999,pop|dance-pop|singer-songwriter|indie pop|alternative pop,2025-10-10,2025-10-10,deezer,2025.0,278.0,18
216,Pela Última Vez,Grupo Menos É Mais,1,False,221988122,390117,204,0.1757,,0.94,True,3499654751.0,Pela Última Vez (Ao Vivo),Grupo Menos É Mais,BRRGE2502829,2025-08-20,162.0,False,-8.1,,899243.0,single,1.0,Som Livre,Brazilian Music,Brazilian Music,0.662,0.775,0.868,0.584,0.0,0.426,0.0405,158.057,-5.548,0.0,1.0,6B7ot6Wlqf7zt3FCkYl2FJ,BR,Group,,,2026-04-16,2025-08-20,deezer,2025.0,329.0,12
217,Zero,The Smashing Pumpkins,1,False,221230174,89902,586,0.0406,,1.0,True,7753497.0,Zero,The Smashing Pumpkins,USVI29500051,2001-11-20,159.0,True,-7.8,,209134.0,album,18.0,Virgin Records,Alternative,Alternative,0.437,0.726,0.661,1.58e-05,0.518,0.0814,0.0439,127.653,-5.666,8.0,1.0,4KVfBxSDMEKHtOqbOH4Izg,US,Group,1988,alternative rock|dream pop|shoegaze|neo-psychedelia|grunge,1995,1995-01-01,musicbrainz,1995.0,11518.0,-369
218,Ese Loco Soy Yo,Liberación,1,False,220786762,161838,451,0.0733,,1.0,True,1379095712.0,Ese Loco Soy Yo,Liberación,MXUM72101129,2021-05-28,289.0,False,-10.5,,94365.0,single,1.0,Universal Music Mexico,Latin Music,Latin Music,0.686,0.521,0.49,0.13,0.0,0.0717,0.0284,131.018,-7.048,7.0,1.0,4hh3iKF6LEosKaSyh6F5ws,MX,Group,,aleluya,1993,1993-01-01,musicbrainz,1993.0,12248.0,-233
219,morena (Bonus Track),Beéle,1,False,220743874,126932,516,0.0575,,1.0,True,3353337291.0,morena (Bonus Track),Beele,QZ7B82300079,2025-05-15,188.0,False,-9.6,,244116.0,album,26.0,5020 Records,African Music,African Music|Rap/Hip Hop,0.737,0.682,0.676,0.155,0.0,0.227,0.13,104.107,-6.149,9.0,1.0,4RPeZbmVON5ZKT5HC9wALt,CO,Person,2003,latin|reggaeton|trap latino,2023-11-09,2023-11-09,musicbrainz,2023.0,979.0,-297
220,What You Saying,Lil Uzi Vert,1,False,220395515,616206,106,0.2796,,1.0,True,3734606262.0,What You Saying,Lil Uzi Vert,NL8RL2584094,2025-12-22,131.0,False,-8.6,,773440.0,single,1.0,Cor(e),Rap/Hip Hop,Rap/Hip Hop,0.634,0.731,0.354,0.00777,0.0,0.168,0.205,133.146,-7.801,11.0,0.0,7cjoZVmWe2xsGR4wcXiV2v,US,Person,1994,hip hop|trap|emo rap|east coast hip hop|cloud rap,2025-12-22,2025-12-22,deezer,2025.0,205.0,114
221,NUNCA MUDA?,Scythermane,1,False,220156384,137631,496,0.0625,,1.0,True,3721086232.0,NUNCA MUDA?,Scythermane,SGW502245352,2025-01-10,81.0,False,-5.3,,568450.0,ep,6.0,Purple Crunch Records,Dance,Dance,0.887,0.957,0.0932,0.481,0.69,0.136,0.0432,130.067,-4.03,11.0,0.0,5EIjpM1B1VsLoKvv2iwd0P,,,,,2025-01-09,2025-01-09,musicbrainz,2025.0,552.0,-275
222,ME POSTOU NO DAILY,MC GP,1,False,220129519,489075,156,0.2222,,0.94,True,3564655871.0,ME POSTOU NO DAILY - FESTA DO BIG G,Mc GP,BK4DA2549343,2025-09-25,177.0,True,-9.3,,772982.0,single,1.0,Legenda Records,Soul & Funk,Soul & Funk,0.837,0.518,0.496,0.497,0.0,0.0951,0.264,129.828,-6.9,0.0,0.0,3ct6yW0eVwkGC99ysl6OMa,,,,,,2025-09-25,deezer,2025.0,293.0,66
223,MONTAGEM BAILÃO,Repsaj,1,False,219763380,182325,421,0.083,,1.0,True,3302987911.0,MONTAGEM BAILÃO,Repsaj,QM6N22544636,2025-04-04,103.0,True,-5.5,,653704.0,ep,5.0,Repsaj,Electro,Electro,0.67,0.976,0.34,0.027,1.59e-06,0.124,0.044,130.103,-2.113,1.0,1.0,1RnPdd7EKKhKN3E4o4DRsh,BR,Person,,,2025-04-04,2025-04-04,deezer,2025.0,467.0,-198
224,MONTAGEM TOMADA,MXZI,1,False,219537183,161554,454,0.0736,,1.0,True,3720727222.0,MONTAGEM TOMADA,MXZI,GXD7G2555879,2025-03-21,71.0,False,-4.8,,595633.0,ep,4.0,Enarma Records,Dance,Dance,0.649,0.909,0.329,0.000591,0.873,0.156,0.045,129.974,-2.523,8.0,1.0,1WusF1nfwF70ojSCSFhmLW,GB,Person,,,2025-03-21,2025-03-21,deezer,2025.0,481.0,-230
225,Islands,The xx,1,False,219483218,44158,679,0.0201,,1.0,True,3787858.0,Islands,The xx,GBBKS0900198,2009-08-16,160.0,False,-9.7,,636835.0,album,11.0,Young,Alternative,Alternative,0.871,0.472,0.707,0.74,0.269,0.145,0.0756,124.04,-11.077,4.0,1.0,0Rqwa6i410IwhTiugt6vXi,GB,Group,2005,indie pop|alternative dance|indietronica|electronic|pop,2009,2009-01-01,musicbrainz,2009.0,6404.0,-454
226,Dear god,Tate McRae,1,False,219291714,211893,378,0.0966,,1.0,True,3240044381.0,Dear god,Tate McRae,USRC12403579,2025-02-21,173.0,False,-8.2,,727486.0,album,15.0,RCA Records Label,Pop,Pop,0.716,0.745,0.465,0.0538,4.31e-05,0.277,0.0293,97.966,-5.442,1.0,1.0,2eIRfeewYUjqr7gqc4tHWh,CA,Person,2003,pop|dance-pop|2020s|female vocals|pop rock,2025-02-21,2025-02-21,deezer,2025.0,509.0,-152
227,Arz Kiya Hai | Coke Studio Bharat,Anuv Jain,1,False,219128517,825033,68,0.3765,,1.0,True,3505907491.0,Arz Kiya Hai | Coke Studio Bharat,Anuv Jain,INUM72500914,2025-08-20,295.0,False,-9.4,,330826.0,single,1.0,Universal Music India Pvt Ltd.,Pop,Pop,,,,,,,,,,,,,IN,Person,1995,singer-songwriter|indie|indian pop,,2025-08-20,deezer,2025.0,329.0,159
228,SEQUÊNCIA FEITICEIRA,PEDRO SAMPAIO,1,False,219032042,288587,291,0.1318,,1.0,True,3511049601.0,SEQUÊNCIA FEITICEIRA,PEDRO SAMPAIO,BRWMB2500962,2025-08-28,129.0,True,-6.7,,852021.0,single,1.0,WM Brazil,Brazilian Music,Brazilian Music|Soul & Funk,0.94,0.702,0.681,0.0684,0.0,0.0769,0.0439,130.007,-2.81,10.0,0.0,4Lwm0XFseZ09OBdmUJlcYp,BR,Person,1997,funk|pop|latin,2025-11-18,2025-08-28,deezer,2025.0,321.0,-63
229,"The Carnival of the Animals, R. 125: XIII. The Swan (Arr. for Cello and Piano)",Camille Saint-Saëns,1,False,218012377,72132,616,0.0331,,0.721,False,,,,,,,,,,,,,,,,,,,,,,,,,,,,FR,Person,1835,classical|french|composer|european|romantic classical,2019-12-06,2019-12-06,musicbrainz,2019.0,2413.0,-387
230,Volver,Piso 21,1,False,216298218,208052,384,0.0962,,1.0,True,3191643301.0,Volver,Piso 21,MXF152500241,2025-02-06,232.0,False,-7.4,,569324.0,single,1.0,WM Mexico,Rap/Hip Hop,Rap/Hip Hop|Pop,0.478,0.793,0.604,0.235,0.0,0.146,0.387,92.294,-4.449,11.0,1.0,32HmbeOruVcYHIShfhMxhf,CO,Group,2007,latin pop|reggaeton|latin,2025-02-06,2025-02-06,deezer,2025.0,524.0,-154
231,Which One,Drake,1,False,215646407,518066,143,0.2402,,1.0,True,3476500411.0,Which One,Drake,USUG12506621,2025-07-25,169.0,True,-8.0,,705224.0,single,1.0,OVO/Republic,Rap/Hip Hop,Rap/Hip Hop,0.91,0.498,0.501,0.342,0.000517,0.163,0.258,120.02,-7.172,7.0,0.0,5FMyXeZ0reYloRTiCkPprT,CA,Person,1986,hip hop|r&b|pop rap|contemporary r&b|alternative r&b,2020-01-12,2025-07-25,deezer,2025.0,355.0,88
232,Eu Te Seguro,Panda,1,False,215199376,1302344,33,0.6052,,1.0,True,3546914011.0,Eu Te Seguro,Panda,BX8WE2500011,2025-09-18,149.0,False,-9.7,,973194.0,single,1.0,Sony Music Entertainment,Brazilian Music,Brazilian Music,0.459,0.457,0.636,0.644,3.23e-06,0.652,0.036,173.658,-7.282,9.0,1.0,4V2rUOmaevK0C1bKAkeFf5,US,Person,1978,rock and indie|poggers,,2025-09-18,deezer,2025.0,300.0,199
233,LOS VOLTAJE,Sayfalse,1,False,214644198,205803,389,0.0959,,1.0,True,3721947282.0,LOS VOLTAJE,Sayfalse,SGW502557517,2025-04-11,99.0,False,-4.7,,466889.0,ep,5.0,PCR,Dance,Dance,0.61,0.938,0.344,0.00553,0.976,0.658,0.0972,115.974,-1.227,0.0,0.0,4LkkRLP8pldQer1YRrHwkx,US,Person,,,2025-04-11,2025-04-11,deezer,2025.0,460.0,-156
234,Oro,Bronco,1,False,214551096,132337,502,0.0617,,1.0,True,13323245.0,Oro,Bronco,MXF019701354,1991-11-07,190.0,False,-11.3,112.0,453865.0,album,14.0,Ariola,Bolero,Bolero,0.653,0.577,0.584,0.256,0.0,0.315,0.0289,112.399,-8.492,7.0,1.0,1sLQ6BFucWwgT8yaAFSpAx,MX,Group,1979,,1991,1991-01-01,musicbrainz,1991.0,12979.0,-268
235,Make Me Feel,oskar med k,1,False,214497101,490957,154,0.2289,,1.0,True,4094689641.0,Make Me Feel,oskar med k,US3DF2575112,2025-06-20,186.0,False,-7.6,,798748.0,single,1.0,7CULT,Electro,Electro|Techno/House,0.797,0.71,0.175,0.139,0.107,0.152,0.0862,124.919,-8.008,6.0,0.0,1GfJCWGLfdev016PSsrUO8,NO,Person,,house|deep house|edm,2025-06-20,2025-06-20,deezer,2025.0,390.0,81
236,Milagros,KAROL G,1,False,214401034,337984,238,0.1576,,1.0,True,3353740701.0,Milagros,KAROL G,USUG12503416,2025-05-08,235.0,False,-8.2,,596170.0,single,1.0,Bichota/Interscope Records,Latin Music,Latin Music,0.591,0.797,0.416,0.508,0.0,0.318,0.388,162.082,-5.671,2.0,1.0,1B1maIpcMpPDZ8GT0WHT0V,CO,Person,1991,reggaeton|spanish|latin urban|latin|r&b,2025-05-08,2025-05-08,deezer,2025.0,433.0,-2
237,Eldest Daughter,Taylor Swift,1,False,214347159,186705,415,0.0871,,1.0,True,3579685471.0,Eldest Daughter,Taylor Swift,USUG12506440,2025-10-03,246.0,True,-10.4,,844613.0,album,12.0,Taylor Swift,Pop,Pop,0.473,0.315,0.323,0.806,0.0,0.128,0.0313,76.794,-7.326,7.0,1.0,62HoDY1Km6lm47haFpUn9c,US,Person,1989,pop|country|country pop|singer/songwriter|female vocals,2025-10-03,2025-10-03,deezer,2025.0,285.0,-178
238,Tum Ho Toh,Vishal Mishra,1,False,213954716,682096,94,0.3188,,0.754,False,,,,,,,,,,,,,,,,,,,,,,,,,,,,IN,Person,,indie pop,2025-07-04,2025-07-04,musicbrainz,2025.0,376.0,144
239,LO QUE LE PASÓ A HAWAii,Bad Bunny,1,False,213643016,332776,245,0.1558,,1.0,True,3171003111.0,LO QUE LE PASÓ A HAWAii,Bad Bunny,QMFMF2447068,2025-01-05,229.0,False,-7.5,,840628.0,album,17.0,Rimas Entertainment LLC.,Latin Music,Latin Music,0.0939,0.00174,0.0679,0.247,0.000195,0.245,0.0638,82.653,-54.341,11.0,1.0,1Hg0e997pObvZ91w1FCPFk,PR,Person,1994,reggaeton|trap latino|latin|latin trap|hip hop,2025-01-05,2025-01-05,deezer,2025.0,556.0,-6
240,COMË N GO,Yeat,1,False,213116265,465646,169,0.2185,,1.0,True,3486842891.0,COMË N GO,Yeat,USUM72508238,2025-08-01,198.0,True,-8.6,,749140.0,ep,11.0,Lyfestyle Corporation/Field Trip Recordings/Capitol Records,Rap/Hip Hop,Rap/Hip Hop,0.9,0.587,0.315,0.0563,9.24e-05,0.145,0.0504,145.014,-5.692,9.0,0.0,0QzV1dTVta55DaaRtXFu56,US,Person,2000,hip hop|rage|trap|cloud rap|experimental hip hop,2025-08-01,2025-08-01,deezer,2025.0,348.0,71
241,NO BATIDÃO,ZXKAI,1,False,212941320,706434,90,0.3318,,1.0,True,3537531961.0,NO BATIDÃO,ZXKAI,QMFME2517989,2025-09-05,89.0,True,-3.7,,889772.0,single,3.0,ZXKAI,Electro,Electro,,,,,,,,,,,,,,Person,,brazilian phonk,2025-09-05,2025-09-05,deezer,2025.0,313.0,151
242,Saudade De Quem Eu Sou,Henrique & Juliano,2,True,212233056,337870,239,0.1592,,0.94,True,3876592281.0,Saudade De Quem Eu Sou (Ao Vivo),Henrique & Juliano,BCVDD2400046,2025-06-27,153.0,False,-9.1,,832484.0,album,28.0,"Vida Nova Produções, sob licença exclusiva para Virgin Music Group",Brazilian Music,Brazilian Music,0.684,0.76,0.537,0.39,0.0,0.886,0.0866,100.155,-5.838,11.0,0.0,7LFYnjp9lwJYRqWiJxW1bT,BR,Group,2008,sertanejo,2024-11-01,2024-11-01,musicbrainz,2024.0,621.0,3
243,we never dated,sombr,1,False,211631262,926143,56,0.4376,,1.0,True,3421402491.0,we never dated,sombr,USWB12501938,2025-06-20,196.0,False,-6.9,,882293.0,single,1.0,Warner Records,Alternative,Alternative|Indie Rock,0.589,0.873,0.966,0.145,0.000226,0.153,0.0313,104.031,-4.509,6.0,1.0,0t1fdMrn7JOg9DDsT95bxt,US,Person,2005,indie pop|pop rock|2020s|gen z,2025-06-20,2025-06-20,deezer,2025.0,390.0,187
244,Solcito,Miguel Bueno,1,False,211366116,220885,370,0.1045,,1.0,True,3408121131.0,Solcito,Miguel Bueno,COAF42502242,2025-03-13,144.0,False,-12.4,,606034.0,single,1.0,Sony Music Latin,Pop,Pop,0.762,0.57,0.734,0.674,0.0,0.315,0.0707,100.015,-6.598,11.0,1.0,2BE1Q5N4Enl1eRrM82uzsu,CO,Person,,,2025-03-13,2025-03-13,deezer,2025.0,489.0,-126
245,NUBES,De La Rose,1,False,210125663,378361,213,0.1801,,1.0,True,3294950731.0,NUBES,De La Rose,USWL12500879,2025-04-03,271.0,True,-8.6,,550210.0,single,1.0,WEA Latina,Rap/Hip Hop,Rap/Hip Hop|Latin Music,0.657,0.666,0.19,0.243,0.0,0.101,0.0302,99.945,-3.786,7.0,1.0,31we7ZzWdSBEOKs5Ln6QVF,PR,Person,,latin|reggaeton,2025-04-03,2025-04-03,deezer,2025.0,468.0,32
246,Blancanieves,Natanael Cano,1,False,209867460,314811,266,0.15,,1.0,True,3416126361.0,Blancanieves,Natanael Cano,QZ9QQ2500334,2025-06-19,151.0,True,-6.9,,591559.0,single,1.0,WEA Latina,Rap/Hip Hop,Rap/Hip Hop|Latin Music,0.749,0.727,0.371,0.277,0.0,0.174,0.0586,97.026,-3.24,8.0,1.0,3BZUM1xojiL3TvRo3T50R9,MX,Person,2001,regional mexicano|trap latino|corrido tumbado,2025-06-19,2025-06-19,deezer,2025.0,391.0,-20
247,SOMEBODY LOVES ME,PARTYNEXTDOOR,1,False,209403805,306302,274,0.1463,,1.0,True,3232025651.0,SOMEBODY LOVES ME,PARTYNEXTDOOR,USLD91772034,2025-02-14,183.0,True,-8.4,,646590.0,album,21.0,OVO Sound,R&B,R&B,0.365,0.511,0.222,0.514,0.0,0.702,0.0905,77.029,-6.14,9.0,1.0,2kZoOj1n5vk9BuF0sih58M,CA,Person,1993,r&b|contemporary r&b|alternative r&b|trap soul|canadian,2025-02-14,2025-02-14,deezer,2025.0,516.0,-27
248,"Barbaad (From ""Saiyaara"")",The Rish,1,False,208064953,579053,119,0.2783,,1.0,True,3405278811.0,"Barbaad (From ""Saiyaara"")",The Rish,INY092500015,2025-06-10,357.0,False,-8.4,,371059.0,single,1.0,YRF Music,Asian Music,Asian Music,,,,,,,,,,,,,,Person,,,2025-09-10,2025-06-10,deezer,2025.0,400.0,129
249,Kasih Aba Aba,Naykilla,1,False,207910807,144919,479,0.0697,,1.0,True,3349051701.0,Kasih Aba Aba,Naykilla,QM6P42566699,2025-04-28,176.0,False,-9.2,,236502.0,single,1.0,AntiNRML,Rap/Hip Hop,Rap/Hip Hop,0.964,0.539,0.692,0.299,0.0,0.102,0.0557,115.019,-6.095,1.0,0.0,7sY7jkMKGC5YTeUIpWX0fY,ID,Person,,,2025-10-17,2025-04-28,deezer,2025.0,443.0,-230
250,TODO KE VER,Jere Klein,1,False,207818013,301810,278,0.1452,,1.0,True,3503934461.0,TODO KE VER,Jere Klein,QMDA72520521,2025-08-13,158.0,False,-9.1,,519028.0,single,1.0,2025 JERE KLEIN,Latin Music,Latin Music,0.929,0.514,0.789,0.0728,0.0,0.177,0.145,96.986,-5.239,10.0,0.0,3D9mWy43zoJFWQUE6sz6ax,CL,Person,,,2026-03-04,2025-08-13,deezer,2025.0,336.0,-28
251,AURORA,Mora,1,False,207375214,292362,285,0.141,,1.0,True,3345133671.0,AURORA,Mora,QM6P42540023,2025-05-18,192.0,True,-6.9,,567393.0,album,17.0,Rimas Entertainment LLC.,Latin Music,Latin Music,,,,,,,,,,,,,SE,Group,1971,pop rock|children's music,2004,2025-05-18,deezer,2025.0,423.0,-34
252,Nunca Voy A Olvidarte,Bronco,1,False,207120772,82900,600,0.04,,1.0,True,13323238.0,Nunca Voy a Olvidarte,Bronco,MXF019300069,1991-11-07,140.0,False,-10.6,91.7,343836.0,album,14.0,Ariola,Bolero,Bolero,0.727,0.513,0.935,0.379,0.0,0.0286,0.083,90.878,-13.364,2.0,1.0,2jp13U7md2lDlHcklT8gIl,MX,Group,1979,,1991,1991-01-01,musicbrainz,1991.0,12979.0,-348
253,Ráfagas al Viento,Victor Mendivil,1,False,206529798,223563,364,0.1082,,1.0,True,2791856712.0,Ráfagas al Viento,Victor Mendivil,US3DF2463477,2025-02-25,161.0,False,-10.3,,469266.0,single,1.0,Rico o Muerto by Baja Sound LLC,Latin Music,Latin Music,0.699,0.648,0.826,0.0456,0.0,0.16,0.563,189.628,-9.32,10.0,0.0,5GIrmSQBxO9LTunilbwMWw,,,,,2025-05-24,2025-02-25,deezer,2025.0,505.0,-111
254,Handlebars,JENNIE,1,False,206121504,164215,445,0.0797,,1.0,True,3262816611.0,Handlebars,JENNIE,USQX92500266,2025-03-07,184.0,True,-7.1,,591896.0,album,15.0,OA Entertainment/Columbia,Asian Music,Asian Music|Pop,0.493,0.798,0.56,0.0115,0.0,0.0607,0.0791,156.469,-3.958,7.0,1.0,5QLpW3jmvxbV9iDnSMKnv3,KR,Person,1996,k-pop|pop|hip hop|rock|dance,2025-03-07,2025-03-07,deezer,2025.0,495.0,-191
255,Spring Into Summer,Lizzy McAlpine,1,False,205819873,340268,236,0.1653,,1.0,True,3023907361.0,Spring Into Summer,Lizzy McAlpine,USRC12402627,2024-10-04,262.0,False,-8.3,,581932.0,album,19.0,Indigo Blue/RCA Records,Alternative,Alternative|Pop,0.522,0.575,0.234,0.614,0.000248,0.103,0.0305,91.713,-7.294,2.0,1.0,6oCXDaFZYL7sHnowv6pdXb,US,Person,1999,singer-songwriter|indie pop|indie folk|folk pop|indie,2024-10-04,2024-10-04,deezer,2024.0,649.0,19
256,The First Time,Damiano David,1,False,203674481,321681,253,0.1579,,1.0,True,3388915941.0,The First Time,Damiano David,ITB002500180,2025-05-15,218.0,False,-6.2,,950522.0,single,1.0,Sony Music Italy / Arista Records,Pop,Pop,,,,,,,,,,,,,IT,Person,1999,,2025-05-15,2025-05-15,deezer,2025.0,426.0,3
257,Saudade Burra,Lauana Prado,1,False,202123960,141894,487,0.0702,,0.94,True,3168044101.0,Saudade Burra (Ao Vivo),Lauana Prado,BRUM72400735,2025-01-10,157.0,False,-8.0,,870937.0,single,1.0,Universal Music Ltda.,Brazilian Music,Brazilian Music,0.662,0.851,0.55,0.123,0.0,0.346,0.0358,115.856,-3.708,0.0,1.0,1XrJpQUffNrqQmBn4u0ufK,BR,Person,1989,,,2025-01-10,deezer,2025.0,551.0,-230
258,Deixa Eu,Murilo Huff,1,False,199934021,611817,107,0.306,,0.94,True,3486261391.0,Deixa Eu (Ao Vivo),Murilo Huff,BKMWS2500003,2025-08-14,158.0,False,-7.8,,857611.0,album,11.0,M Show,Country,Country,,,,,,,,,,,,,BR,Person,1995,,2025-08-14,2025-08-14,deezer,2025.0,335.0,151
259,So Far So Fake,Pierce The Veil,1,False,199777115,378036,214,0.1892,,1.0,True,2135303897.0,So Far So Fake,Pierce The Veil,US5262224930,2023-02-10,236.0,False,-7.2,,694434.0,album,12.0,Fearless Records,Rock,Rock,0.504,0.895,0.371,0.00111,2.22e-06,0.173,0.0839,125.117,-4.295,2.0,0.0,3fWibgdtgIie6LKTZ2rUoI,US,Group,2006,post-hardcore|easycore|rock|melodic hardcore|millennial,2023-02-10,2023-02-10,deezer,2023.0,1251.0,45
260,LV Sandals,EsDeeKid,1,False,199559906,422016,194,0.2115,,1.0,True,3399233821.0,LV Sandals,EsDeeKid,QZES62549912,2025-06-20,111.0,True,-6.6,,726583.0,album,11.0,Lizzy Records,Rap/Hip Hop,Rap/Hip Hop,0.729,0.581,0.412,0.0318,0.0419,0.304,0.324,189.898,-4.707,2.0,1.0,5uz5v1hRZLjNGatcPtOWUv,GB,Person,,uk|liverpool|rage|jerk|hardcore hip hop,2025-02-06,2025-02-06,musicbrainz,2025.0,524.0,66
261,Priti,Danny Ocean,1,False,199548196,257761,319,0.1292,,1.0,True,3276087551.0,Priti,Danny Ocean,USWL12500813,2025-03-20,130.0,False,-8.6,,601111.0,single,1.0,Atlantic Records,Pop,Pop,0.817,0.721,0.516,0.205,0.0,0.0829,0.0546,121.936,-6.023,9.0,1.0,5IzkKOTBxlyHQIoDqFp8Ln,US,Person,1992,reggaeton|latin,2025-03-20,2025-03-20,deezer,2025.0,482.0,-58
262,ACELERADA,sma$her,1,False,199496868,272827,300,0.1368,,1.0,True,3411862951.0,ACELERADA,sma$her,GXBAV2121119,2025-06-27,61.0,False,-8.1,,720255.0,single,4.0,Tribal Trap,Dance,Dance,,,,,,,,,,,,,NL,Person,,,2025-06-27,2025-06-27,deezer,2025.0,383.0,-38
263,Nosso Primeiro Beijo,Gloria Groove,1,False,199448317,136376,498,0.0684,,0.94,True,2818478782.0,Nosso Primeiro Beijo (Ao Vivo),Gloria Groove,BXSBS2300055,2024-05-30,168.0,False,-8.9,,724130.0,album,13.0,SB Music,Pop,Pop,0.507,0.68,0.679,0.715,0.0,0.964,0.037,133.95,-6.855,7.0,0.0,7Elw15XWLpOi4qzHyAwa9e,BR,Person,1995,queer|drag queen,2024-05-30,2024-05-30,deezer,2024.0,776.0,-235
264,AMISTA,Blessd,1,False,199250121,316054,263,0.1586,,0.969,True,3321453561.0,AMISTA,Blessed,QZZ3N2500008,2025-04-24,177.0,True,-8.6,,588482.0,single,1.0,WEA Latina,Rap/Hip Hop,Rap/Hip Hop|Latin Music,0.744,0.606,0.631,0.135,0.0,0.0936,0.049,170.009,-4.472,5.0,1.0,4ikz5kIBNtwjEPsFl6eXda,CO,Person,2000,reggaeton|latin,2025-04-24,2025-04-24,deezer,2025.0,447.0,1
265,"Tujhe Bhula Diya (From ""Anjaana Anjaani"")",Mohit Chauhan,1,False,198989419,147593,474,0.0742,,1.0,True,3107046001.0,"Tujhe Bhula Diya (From ""Anjaana Anjaani"")",Mohit Chauhan,INS181007761,2024-11-08,279.0,False,-10.3,,32856.0,album,50.0,Super Cassettes Industries Private Limited,,,0.644,0.423,0.509,0.464,0.0,0.11,0.0324,131.903,-8.702,11.0,0.0,2D7rj8TiQqy3Art2VhLMKN,IN,Person,1966,indian pop,2010-08,2010-08-01,musicbrainz,2010.0,5827.0,-209
266,O Rangrez,Shankar-Ehsaan-Loy,1,False,198754991,231789,353,0.1166,,1.0,True,68093860.0,O Rangrez,Shankar Ehsaan Loy,INS171300371,2013-06-14,382.0,False,-12.3,126.05,117345.0,album,8.0,Sony Music Entertainment India Pvt. Ltd.,Films/Games,Films/Games|Film Scores|Bollywood,0.726,0.53,0.594,0.498,0.0,0.14,0.0531,126.06,-8.485,5.0,1.0,5JCDVLwteSXuwVqjCa7SwH,IN,Group,,mb_artist_credit|pop|musical|film composer|filmi,2025-01-29,2013-06-14,deezer,2013.0,4779.0,-87
267,I've Seen It,Olivia Dean,1,False,198541135,434369,183,0.2188,,1.0,True,3562948151.0,I've Seen It,Olivia Dean,GBUM72503094,2025-09-26,126.0,False,-13.9,,770785.0,album,12.0,PLG - Capitol,Pop,Pop,0.392,0.148,0.218,0.902,0.000149,0.112,0.0438,181.387,-15.984,7.0,1.0,6tHVEMyRfxGgQuXRzl2yOF,GB,Person,1999,neo soul|pop soul|pop|female vocals|indie pop,2025-09-26,2025-09-26,deezer,2025.0,292.0,84
268,Vamo a Bailotear,Cris MJ,1,False,198122461,203045,394,0.1025,,1.0,True,3431746491.0,Vamo a Bailotear,Cris MJ,QMBZ92567414,2025-06-27,160.0,True,-10.4,,492094.0,album,18.0,Sonar LLC.,Latin Music,Latin Music,0.834,0.332,0.887,0.265,0.000173,0.095,0.0796,98.016,-10.982,6.0,0.0,5lCk0ZeN8h76QxNqHEGMZJ,CL,Person,2001,,2025-06-27,2025-06-27,deezer,2025.0,383.0,-126
269,Supreme,Shubh,1,False,197884741,162982,448,0.0824,,1.0,True,3325141581.0,Supreme,Shubh,QM6N22592831,2025-04-18,178.0,True,-11.9,,199527.0,single,1.0,SHUBH,Rap/Hip Hop,Rap/Hip Hop,,,,,,,,,,,,,IN,Person,,,2025-04-18,2025-04-18,deezer,2025.0,453.0,-179
270,Quiero Decirte,Abraham Mateo,1,False,197465728,186121,416,0.0943,,1.0,True,1745767007.0,Quiero Decirte,Abraham Mateo,ES5022201191,2022-05-12,222.0,False,-7.2,,719436.0,single,1.0,Sony Music Entertainment,Pop,Pop,0.751,0.773,0.928,0.0401,0.0,0.102,0.0383,117.937,-3.854,4.0,1.0,4Oc1qHsjM4kM0AARvlwSs3,ES,Person,1998,latin pop|pop|dance-pop|latin|2010s,2022-05-12,2022-05-12,deezer,2022.0,1525.0,-146
271,3 PECADOS DESPUES…,Milo j,1,False,197281483,210377,380,0.1066,,1.0,True,2864345232.0,3 PECADOS DESPUES…,Milo j,UYB282480146,2024-07-11,118.0,True,-8.7,,454144.0,album,12.0,DALE PLAY Records,Latin Music,Latin Music,0.784,0.383,0.537,0.401,1.92e-05,0.0851,0.111,110.889,-9.166,1.0,1.0,16iLGYXMiLUhvqTEIu4pKB,AR,Person,2006,alternative rock|latin rock|trap,2024-07-11,2024-07-11,deezer,2024.0,734.0,-109
272,Honey,Taylor Swift,1,False,196672775,222548,368,0.1132,,1.0,True,4304169592.0,Honey,Taylor Swift,USUG12506446,2026-09-25,181.0,True,-10.1,,767655.0,album,16.0,Taylor Swift,Pop,Pop,0.683,0.544,0.54,0.394,0.0,0.332,0.0991,164.047,-7.3,11.0,0.0,4qmFC3Jz5aQ0erlk2OSi2X,US,Person,1989,pop|country|country pop|singer/songwriter|female vocals,2003,,,,,-96
273,The Dead Dance,Lady Gaga,1,False,196614649,197741,402,0.1006,,1.0,True,3537990861.0,The Dead Dance,Lady Gaga,USUM72407034,2025-09-03,228.0,False,-7.9,,925102.0,single,1.0,Interscope Records,Pop,Pop,0.573,0.835,0.237,0.0184,3.73e-06,0.0733,0.0536,123.005,-4.831,7.0,1.0,3NFs3XUduzBfvc5Bx1gmzh,US,Person,1986,pop|dance-pop|electropop|pop rock|synth-pop,2025-09-01,2025-09-01,musicbrainz,2025.0,317.0,-129
274,20 Cigarettes,Morgan Wallen,1,False,196023790,476722,163,0.2432,,1.0,True,3366676291.0,20 Cigarettes,Morgan Wallen,USUG12501608,2025-05-16,160.0,False,-7.9,,431231.0,album,37.0,Big Loud Records / Mercury Records / Republic Records,Country,Country,0.629,0.57,0.399,0.725,0.0,0.145,0.0243,98.015,-5.733,10.0,0.0,0YsIYFRoxkmEvbKCwTp0Tg,US,Person,1993,country|country pop|2020s|racist,2025-05-16,2025-05-16,deezer,2025.0,425.0,111
275,Linda Mujer,Ian Cordova,1,False,195722941,332295,248,0.1698,,1.0,True,3335539591.0,Linda Mujer,Ian Cordova,QM6P42531762,2025-05-01,234.0,False,-8.3,,467503.0,single,1.0,Lucky Music Group,Latin Music,Latin Music,0.85,0.77,0.374,0.59,0.0,0.152,0.142,100.042,-3.886,10.0,0.0,116NyTQvOVrcAWLrGwTiSA,,,,,,2025-05-01,deezer,2025.0,440.0,27
276,two,bbno$,1,False,195655278,205815,388,0.1052,,1.0,True,3174041251.0,two,bbno$,QM24S2405396,2024-10-04,136.0,True,-7.4,,630199.0,single,2.0,bbno$$,Rap/Hip Hop,Rap/Hip Hop,0.857,0.895,0.92,0.00751,7.54e-06,0.324,0.063,128.06,-4.971,1.0,1.0,02qqbVSYkDc6FTClN5gwH5,CA,Person,1995,hip hop|pop rap|trap|electronic|alternative hip hop,2024-10-04,2024-10-04,deezer,2024.0,649.0,-112
277,Será Mejor Que Te Vayas,Marco Antonio Solís,1,False,195415447,119924,530,0.0614,,1.0,True,519121452.0,Será Mejor Que Te Vayas,Marco Antonio Solís,USFI29502255,2018-06-22,300.0,False,-15.0,156.01,477610.0,album,20.0,UMLE - Fonovisa,Latin Music,Latin Music,0.691,0.448,0.682,0.238,0.00191,0.167,0.0288,77.899,-12.501,9.0,1.0,6rtHT1rKFnDZL4EksdLY0t,MX,Person,1959,latin|ballad|latin pop|ranchera,2005,2005-01-01,musicbrainz,2005.0,7865.0,-253
278,Forever,HUGEL,1,False,195157237,318630,257,0.1633,,0.94,True,3179670351.0,Forever (MORTEN Remix),HUGEL,DEA622404736,2025-01-17,251.0,False,-9.4,,116328.0,single,2.0,Insomniac Records,Dance,Dance,0.624,0.898,0.255,0.000171,0.194,0.0684,0.0333,126.014,-6.372,9.0,0.0,3UlFalaRMYcqcYu6jRLDu1,FR,Person,1987,dance|house|edm|latin house,2024-09-20,2024-09-20,musicbrainz,2024.0,663.0,21
279,Dardos,Romeo Santos,1,False,194432293,915205,57,0.4707,,1.0,True,3677908682.0,Dardos,Romeo Santos,USSD12500703,2025-11-28,243.0,False,-8.9,,815577.0,album,13.0,Sony Music Latin,Pop,Pop|Latin Music,0.741,0.725,0.659,0.217,0.0,0.138,0.0374,126.943,-5.129,5.0,1.0,5zmFbxNivLQ5FihNLrxLRb,US,Person,1981,bachata|latin|música tropical|bookmark,2025-11-28,2025-11-28,deezer,2025.0,229.0,222
280,TWENTIES,GIVĒON,1,False,194065123,235739,347,0.1215,,1.0,True,3448595161.0,TWENTIES,Giveon,USSM12500362,2025-07-11,171.0,False,-9.5,,619156.0,album,14.0,Epic/Not So Fast,R&B,R&B,0.547,0.583,0.401,0.0512,0.0,0.302,0.0475,78.972,-7.69,7.0,1.0,1NaSrCqTnZdlusQ82SJhGN,US,Person,1990,pop soul|r&b|contemporary r&b,2025-02-07,2025-02-07,musicbrainz,2025.0,523.0,-67
281,Eu Vou na Sua Casa,Felipe Amorim,1,False,193326579,182077,422,0.0942,,1.0,True,3411783221.0,Eu Vou na Sua Casa,Felipe Amorim,FRX452525383,2025-06-12,179.0,True,-10.2,,809780.0,single,1.0,One Play,Brazilian Music,Brazilian Music,0.783,0.832,0.651,0.0762,2.41e-06,0.827,0.0383,125.007,-4.019,2.0,0.0,1PNSzSydrVNFvr4wJOz4wj,BR,Person,,,2025-06-16,2025-06-12,deezer,2025.0,398.0,-141
282,Run Away With Me,Carly Rae Jepsen,1,False,193233284,43551,680,0.0225,,0.754,False,,,,,,,,,,,,,,,,,,,,,,,,,,,,CA,Person,1985,pop|electropop|synth-pop|folk|synthpop,2015-06-24,2015-06-24,musicbrainz,2015.0,4039.0,-398
283,I Wanted to Leave,SYML,1,False,193078594,113291,542,0.0587,,0.94,True,1529103432.0,"I Wanted to Leave (Recorded Live at St. Mark's Cathedral, Seattle)",SYML,CAN112100774,2021-11-19,173.0,False,-14.3,,341238.0,album,14.0,Nettwerk Music Group,Alternative,Alternative,0.479,0.0276,0.152,0.979,0.906,0.115,0.0356,79.98,-22.323,0.0,0.0,0bxTNmEo5Swa650mh0Efdz,US,Person,1983,indie folk,2020-10-09,2020-10-09,musicbrainz,2020.0,2105.0,-259
284,Cero Empatía,Julión Álvarez y su Norteño Banda,1,False,191778479,265354,312,0.1384,,1.0,True,3042021581.0,Cero Empatía,Julion Alvarez Y Su Norteño Banda,QZ7HP2400108,2024-10-24,189.0,False,-9.0,,562302.0,ep,4.0,"Copar Music, Inc",,,0.68,0.429,0.589,0.342,0.0,0.241,0.0341,140.149,-4.807,2.0,0.0,18OMTIWpHGvhTcQjg83CtQ,MX,Group,,,,2024-10-24,deezer,2024.0,629.0,-28
285,Crying On The Dancefloor,Sam Feldt,1,False,191433752,48325,672,0.0252,,1.0,True,2174690427.0,Crying On The Dancefloor,Sam Feldt,NLP762300022,2023-03-17,173.0,False,-7.1,,678720.0,single,1.0,Sony Music Entertainment,Pop,Pop,0.627,0.796,0.33,0.116,0.0,0.109,0.08,125.99,-5.192,10.0,1.0,09rAJ1Q1NNJSaUKEW3X9P6,NL,Person,1993,house|edm|trance|electronic|pop,2023-03-17,2023-03-17,deezer,2023.0,1216.0,-387
286,Enséñame A Olvidarte,Intocable,1,False,190464377,118323,535,0.0621,,1.0,True,3495724.0,Enséñame A Olvidarte,Intocable,USEL10000219,2000-11-21,202.0,False,-9.7,171.6,220352.0,album,15.0,Capitol Latin,Latin Music,Latin Music,0.434,0.745,0.753,0.555,0.0,0.102,0.21,171.891,-8.123,5.0,1.0,1yzEn55mFwy7OjY549iKxD,US,Group,,alternative country|latin|norteño|tejano|regional mexicano,2000-11-21,2000-11-21,deezer,2000.0,9367.0,-249
287,Lady Lady,Olivia Dean,1,False,189302854,412430,196,0.2179,,1.0,True,3562948051.0,Lady Lady,Olivia Dean,GBUM72503085,2025-09-26,209.0,False,-9.1,,739693.0,album,12.0,PLG - Capitol,Pop,Pop,0.626,0.6,0.516,0.816,0.0637,0.105,0.137,96.131,-8.661,11.0,1.0,1cTyjhfHUncimwNj3nmqhO,GB,Person,1999,neo soul|pop soul|pop|female vocals|indie pop,2025-07-10,2025-07-10,musicbrainz,2025.0,370.0,91
288,4x4xU,Lainey Wilson,1,False,188571597,340156,237,0.1804,,1.0,True,3773654432.0,4x4xU,Lainey Wilson,QMRSZ2400822,2025-08-22,239.0,False,-9.3,,509412.0,album,19.0,Broken Bow Records,Country,Country,0.579,0.727,0.466,0.0989,1.74e-06,0.18,0.0281,142.129,-5.676,7.0,1.0,2j9KCM9zinVUoGLaJrEP2N,US,Person,1992,country,2024-07-04,2024-07-04,musicbrainz,2024.0,741.0,51
289,In My Head,Juice WRLD,1,False,188396992,56950,652,0.0302,,1.0,True,1986358987.0,In My Head,Juice WRLD,USUG12207965,2022-10-28,192.0,True,-10.2,,477640.0,single,1.0,Grade A Productions/Interscope Records,Rap/Hip Hop,Rap/Hip Hop,0.632,0.557,0.282,0.238,0.0,0.155,0.0422,159.992,-5.643,5.0,0.0,2RJAKIw6nIkgZVsAIKhmqz,US,Person,1998,hip hop|emo rap|rap|trap|alternative hip hop,2022-10-28,2022-10-28,deezer,2022.0,1356.0,-363
290,"Daddy Yankee: Bzrp Music Sessions, Vol. 0/66",Bizarrap,1,False,187791805,388937,206,0.2071,,1.0,True,3638389092.0,"Daddy Yankee: Bzrp Music Sessions, Vol. 0/66",Bizarrap,UYB282546130,2025-11-05,151.0,False,-6.7,,733799.0,single,1.0,DALE PLAY Records,Latin Music,Latin Music,0.808,0.864,0.544,0.21,1.56e-05,0.127,0.0662,113.993,-4.013,4.0,0.0,2uPMsTEKx79gJ8rB3AcT0v,AR,Person,1998,trap latino|pop|hip hop|latin|reggaeton,2025-11-05,2025-11-05,deezer,2025.0,252.0,84
291,TOXIC,Playboi Carti,1,False,187504348,254400,325,0.1357,,1.0,True,3278625271.0,TOXIC,Playboi Carti,USUM72414854,2025-03-14,135.0,True,-9.5,,627955.0,album,30.0,AWGE/Interscope Records,Rap/Hip Hop,Rap/Hip Hop,0.855,0.64,0.432,0.00418,1.9e-06,0.0948,0.204,142.0,-5.936,0.0,1.0,4evMMKc2HD6fV9slMfgkMx,US,Person,1995,hip hop|trap|rap|southern hip hop|cloud rap,2025-03-14,2025-03-14,deezer,2025.0,488.0,-34
292,mejikuhibiniu,Tenxi,1,False,187405584,186862,414,0.0997,,1.0,True,3506623411.0,mejikuhibiniu,TENXI,QMBZ92541118,2025-08-29,196.0,True,-9.2,,175282.0,album,13.0,AntiNRML,Rap/Hip Hop,Rap/Hip Hop,0.817,0.705,0.226,0.472,4.8e-06,0.0726,0.039,131.975,-5.663,8.0,1.0,13KXgSl4vs7h8y2G7V6GrB,ID,Person,2000,hip hop,2025-08-29,2025-08-29,deezer,2025.0,320.0,-122
293,GO!,CORTIS,1,False,187338528,598140,113,0.3193,,1.0,True,3540344801.0,GO!,CORTIS,USA2P2536188,2025-09-08,170.0,False,-9.6,,741738.0,ep,6.0,Republic Records – CORTIS,Asian Music,Asian Music,0.789,0.434,0.297,0.224,3.82e-06,0.0984,0.299,150.021,-5.652,8.0,1.0,6OWWZtNQORY1McaZmOrwhc,KR,Group,2025,boy group|k-pop,2025-09-08,2025-09-08,deezer,2025.0,310.0,180
294,Seoul City,JENNIE,1,False,186844982,240991,340,0.129,,1.0,True,3262816701.0,Seoul City,JENNIE,USQX92500271,2025-03-07,164.0,False,-8.8,,654530.0,album,15.0,OA Entertainment/Columbia,Asian Music,Asian Music|Pop,0.671,0.556,0.258,0.0857,1.46e-05,0.215,0.0485,76.512,-6.115,5.0,1.0,0Iz9nXuQyl4NtVwpeT8jeE,KR,Person,1996,k-pop|pop|hip hop|rock|dance,2025-03-07,2025-03-07,deezer,2025.0,495.0,-46
295,WASSUP,Young Miko,1,False,185738416,294428,284,0.1585,,1.0,True,3324627311.0,WASSUP,Young Miko,QZXD92300153,2025-04-27,162.0,True,-9.0,,589359.0,single,1.0,The Wave Music Group,Rap/Hip Hop,Rap/Hip Hop|Latin Music,0.86,0.681,0.656,0.00481,6.09e-06,0.142,0.0399,145.023,-4.757,1.0,0.0,32SJM4tQyJHsB8rgVtZURn,PR,Person,1998,hip hop|latin|reggaeton|trap|latin trap,2025-04-27,2025-04-27,deezer,2025.0,444.0,11
296,Century,EsDeeKid,1,False,185460027,465855,168,0.2512,,1.0,True,3604307492.0,Century,EsDeeKid,US39N2528419,2025-10-31,109.0,True,-7.1,,758496.0,single,1.0,Lizzy Records,Rap/Hip Hop,Rap/Hip Hop,,,,,,,,,,,,,GB,Person,,uk|liverpool|rage|jerk|hardcore hip hop,2025-10-31,2025-10-31,deezer,2025.0,257.0,128
297,Con Otra,Cazzu,1,False,185241463,224034,363,0.1209,,1.0,True,3280475501.0,Con otra,Cazzu,UYB282522077,2025-03-19,231.0,False,-8.6,,546214.0,single,1.0,DALE PLAY Records / RIMAS Entertainment LLC,Latin Music,Latin Music,0.581,0.61,0.55,0.274,0.0,0.949,0.0492,168.162,-5.787,10.0,0.0,38EGs4h8GqgrS1HT344SCQ,AR,Person,1994,reggaeton|latin dance|urbano|trap latino,2025-03-19,2025-03-19,deezer,2025.0,483.0,-66
298,Dhun,Mithoon,1,False,184901344,384415,210,0.2079,,0.94,True,3437460391.0,"Dhun (From ""Saiyaara"")",Mithoon,INY092500018,2025-07-01,276.0,False,-8.4,,367430.0,single,1.0,YRF Music,Asian Music,Asian Music,0.331,0.371,0.29,0.776,0.0,0.128,0.0308,135.137,-7.407,7.0,0.0,1GFQthxDi4Tqe3wJ5j0G5S,IN,Person,1986,filmi|film composer,2024-12-17,2024-12-17,musicbrainz,2024.0,575.0,88
299,Descer,Kew,1,False,184633849,120494,528,0.0653,,1.0,True,3198268161.0,Descer,Kew,BK4DA2502278,2025-01-30,111.0,True,-8.4,,637987.0,single,1.0,Legenda Records,Soul & Funk,Soul & Funk,0.84,0.72,0.828,0.143,3.36e-05,0.0587,0.0538,130.029,-4.23,9.0,1.0,2OMkXPz6pHdKJSkzxG0MwZ,,,,,,2025-01-30,deezer,2025.0,531.0,-229
300,earthquake,JISOO,1,False,184519558,143793,482,0.0779,,1.0,True,3217601431.0,earthquake,JISOO,USWB12500140,2025-02-14,190.0,False,-6.7,,666596.0,ep,4.0,Warner Records,Asian Music,Asian Music,0.776,0.808,0.605,0.00272,0.0,0.135,0.056,127.058,-4.652,11.0,0.0,2vgQ1lGZtdlVwHu37GYJYY,KR,Person,1995,k-pop|2020s|3rd gen k-pop,2025-02-14,2025-02-14,deezer,2025.0,516.0,-182
301,Os Anjos Cantam,Jorge & Mateus,2,True,182865077,200679,398,0.1097,,1.0,True,96568280.0,Os Anjos Cantam,Jorge & Mateus,BRRGE1500206,2015-03-16,197.0,False,-9.4,,697233.0,album,17.0,Som Livre,Brazilian Music,Brazilian Music,0.508,0.761,0.595,0.677,1.22e-05,0.0702,0.0447,180.177,-7.543,11.0,1.0,6ccKu0LwJzOhLAxBwP2PTk,BR,Group,2005,country|sertanejo|sertanejo universitário,2015-03-16,2015-03-16,deezer,2015.0,4139.0,-97
302,Candy Store,Kevin Murphy,1,False,182615116,88986,589,0.0487,,0.723,False,,,,,,,,,,,,,,,,,,,,,,,,,,,,US,Person,1967,,,,,,,-287
303,Ivonny Bonita,KAROL G,1,False,182454765,446803,176,0.2449,,1.0,True,3421452471.0,Ivonny Bonita,KAROL G,USUG12502630,2025-06-20,222.0,False,-8.9,,655110.0,album,20.0,Bichota/Interscope Records,Latin Music,Latin Music,0.88,0.429,0.724,0.833,1.26e-06,0.0975,0.0592,120.015,-7.992,1.0,0.0,5v0GMqvNuoC9Caf5WP8AB0,CO,Person,1991,reggaeton|spanish|latin urban|latin|r&b,2025-06-20,2025-06-20,deezer,2025.0,390.0,127
304,Messy (From F1® The Movie),ROSÉ,1,False,182320233,193340,406,0.106,,1.0,True,3355094441.0,Messy (From F1® The Movie),ROSÉ,USAT22503388,2025-05-08,179.0,False,-6.4,,673587.0,single,1.0,Atlantic Records,Pop,Pop,,,,,,,,,,,,,US,Person,,,2013-06-28,2025-05-08,deezer,2025.0,433.0,-102
305,Boyfriend,Karan Aujla,1,False,181976338,543323,133,0.2986,,1.0,True,3495188951.0,Boyfriend,Karan Aujla,CAW112500965,2025-08-22,160.0,False,-8.0,,343970.0,album,11.0,WM Canada,Rap/Hip Hop,Rap/Hip Hop|Pop,,,,,,,,,,,,,IN,Person,1997,karanaujal,2025-08-22,2025-08-22,deezer,2025.0,327.0,172
306,Hell At Night,BigXthaPlug,1,False,181590961,723551,88,0.3985,,1.0,True,3472732981.0,Hell At Night (feat. Ella Langley),BigXthaPlug,QZNMU2589185,2025-08-08,179.0,False,-10.0,,659532.0,single,1.0,BigXthaPlug under exclusive license to UnitedMasters LLC,Rap/Hip Hop,Rap/Hip Hop,0.683,0.58,0.226,0.054,0.0,0.092,0.0419,150.048,-6.369,0.0,1.0,3pAVk6Ydn0dcGpG8gDyxSJ,US,Person,1998,hip hop|trap|country|southern hip hop,2025-08-08,2025-08-08,deezer,2025.0,341.0,218
307,Jealous Type,Doja Cat,1,False,181581260,371568,217,0.2046,,1.0,True,3514216471.0,Jealous Type,Doja Cat,USRC12500972,2025-08-21,163.0,True,-7.6,,751713.0,single,1.0,Kemosabe Records/RCA Records,Pop,Pop,0.662,0.857,0.546,0.0317,0.000393,0.144,0.0319,120.006,-3.236,2.0,0.0,1IfGOnXoMBkiKC9xljlSfa,US,Person,1995,hip hop|pop|pop rap|west coast hip hop|rock,2025-08-19,2025-08-19,musicbrainz,2025.0,330.0,90
308,La Ciudad del Sol,Omar Camacho,1,False,181399664,365378,222,0.2014,,1.0,True,4029996601.0,La Ciudad del Sol,Omar Camacho,USANG2507195,2026-05-28,206.0,True,-12.2,,479597.0,album,19.0,WM Mexico,Rap/Hip Hop,Rap/Hip Hop,,,,,,,,,,,,,,Person,,,,2026-05-28,deezer,2026.0,48.0,86
309,MONTAGEM RUGADA,cape,1,False,180853310,317420,260,0.1755,,1.0,True,3515291031.0,MONTAGEM RUGADA,cape,QT5M22560359,2025-08-27,92.0,False,-4.4,,731675.0,ep,6.0,Zime Media AB,Dance,Dance,0.514,0.975,0.663,0.0176,1.47e-05,0.136,0.0538,130.051,-0.755,2.0,1.0,7hCUHXMZknrymWCyeMx8B6,US,Person,1966,folk punk|alternative country|skate punk|alternative rock|punk rock,2025-08-27,2025-08-27,deezer,2025.0,322.0,49
310,Sweet Dreams,j-hope,1,False,180505811,153977,463,0.0853,,1.0,True,3263142511.0,Sweet Dreams (feat. Miguel),j-hope,USA2P2500740,2025-03-07,172.0,False,-8.7,,606298.0,single,1.0,BIGHIT MUSIC,Asian Music,Asian Music,0.564,0.577,0.796,0.153,0.0,0.0726,0.0774,94.3,-6.468,4.0,0.0,3MEw4IDtZDhpEdaEWTUak0,KR,Person,1994,pop|hip hop|dance-pop|k-pop|r&b,2025-03-07,2025-03-07,deezer,2025.0,495.0,-153
311,Bandida,Luis R Conriquez,1,False,180462762,145868,477,0.0808,,1.0,True,3183001701.0,Bandida,Luis R Conriquez,QMFMF2465562,2025-01-16,165.0,True,-8.2,,531605.0,single,1.0,Kartel Music,Latin Music,Latin Music|Norteño,0.753,0.732,0.682,0.413,0.0,0.253,0.0429,118.012,-6.246,5.0,0.0,4dF08DjAjgactxNnsjRod6,MX,Person,1996,regional mexicano|corrido|corrido belico|sierreño,2026-07-10,2025-01-16,deezer,2025.0,545.0,-166
312,Niño,Milo j,1,False,180449208,559955,129,0.3103,,1.0,True,3567647211.0,Niño,Milo j,ARZA12500012,2025-09-25,210.0,False,-10.1,,648459.0,album,15.0,Sony Music Latin,Alternative,Alternative,,,,,,,,,,,,,AR,Person,2006,alternative rock|latin rock|trap,2025-09-25,2025-09-25,deezer,2025.0,293.0,183
313,On & On,Armin van Buuren,1,False,180370282,74442,614,0.0413,,0.94,True,2391685405.0,On & On (Mixed),Armin van Buuren,NLF712306053,2023-07-29,177.0,False,-11.4,,420305.0,album,18.0,Armada Music Albums,Dance,Dance|Trance,0.665,0.794,0.296,0.01,0.144,0.283,0.0807,130.006,-9.345,0.0,1.0,4XmDuyVGdUZskDjYk5ZIVf,NL,Person,1976,trance|progressive trance|uplifting trance|dance|vocal trance,,2023-07-29,deezer,2023.0,1082.0,-301
314,15 Minutes,Sabrina Carpenter,1,False,180254924,154824,462,0.0859,,1.0,True,3228090941.0,15 Minutes,Sabrina Carpenter,USUM72413904,2025-02-14,191.0,True,-6.9,,590103.0,album,17.0,Island Records,Pop,Pop,0.578,0.897,0.715,0.00693,0.0,0.284,0.0673,131.978,-3.828,7.0,1.0,1axsn4AyDbmGKoBDMrMLF7,US,Person,1999,pop|electropop|dance-pop|2020s|american,2025-02-14,2025-02-14,deezer,2025.0,516.0,-148
315,Mi Entorno,Virlan Garcia,1,False,180199716,623212,105,0.3458,,1.0,True,3553955451.0,Mi Entorno,Virlan Garcia,USANG2521344,2025-10-09,172.0,False,-9.8,,526909.0,album,12.0,La Cima Records,Latin Music,Latin Music,,,,,,,,,,,,,MX,Person,1997,,,2025-10-09,deezer,2025.0,279.0,210
316,Tiramisu,Don Toliver,1,False,179769297,437947,181,0.2436,,1.0,True,3532574951.0,Tiramisu,Don Toliver,USAT22506317,2025-09-05,138.0,True,-8.4,,679190.0,single,1.0,Cactus Jack / Atlantic,Rap/Hip Hop,Rap/Hip Hop,0.809,0.707,0.329,0.0484,6.31e-06,0.129,0.0393,133.012,-5.749,11.0,0.0,6pDt1F76BKy3ywWg4t8wee,US,Person,1994,hip hop|alternative r&b|trap,2025-09-05,2025-09-05,deezer,2025.0,313.0,135
317,SE VOLVIERON LOCOS,Kane Rodriguez,1,False,179690819,344510,234,0.1917,,1.0,True,3020228581.0,Se Volvieron Locos,Kane Rodriguez,QZNFJ2404702,2024-10-11,175.0,True,-11.8,,486017.0,ep,5.0,"La Empresa Music, Inc.",Latin Music,Latin Music|Corridos,0.78,0.46,0.671,0.054,0.0,0.138,0.0329,129.964,-8.331,10.0,1.0,0elyegsqzW6UHenMeIJiOR,US,Person,,,,2024-10-11,deezer,2024.0,642.0,83
318,My Man on Willpower,Sabrina Carpenter,1,False,179574067,336677,241,0.1875,,1.0,True,3529873501.0,My Man on Willpower,Sabrina Carpenter,USUM72504356,2025-08-29,197.0,True,-6.1,,640995.0,album,12.0,Island Records,Pop,Pop,0.612,0.776,0.431,0.0865,0.0,0.105,0.0357,120.085,-3.122,10.0,1.0,3EMfeKtNK4q4k3sVjwg5Yy,US,Person,1999,pop|electropop|dance-pop|2020s|american,2025-08-29,2025-08-29,deezer,2025.0,320.0,77
319,Naiilang,Le John,1,False,179030255,225301,361,0.1258,,0.0,False,,,,,,,,,,,,,,,,,,,,,,,,,,,,PH,Person,,,2025-04-25,2025-04-25,musicbrainz,2025.0,446.0,-42
320,THIS IS FOR,TWICE,1,False,178946896,308639,272,0.1725,,1.0,True,3451046521.0,THIS IS FOR,TWICE,US5TA2500103,2025-07-11,131.0,False,-8.1,,657212.0,album,14.0,Republic Records - TWICE,Asian Music,Asian Music,0.796,0.742,0.919,0.149,0.0,0.609,0.058,127.962,-5.113,6.0,0.0,1GMGVYS12lGWK9UWMJ2iZP,KR,Group,2015,k-pop|girl group|pop|dance|3rd gen k-pop,2025-07-11,2025-07-11,deezer,2025.0,369.0,48
321,NOT CUTE ANYMORE,ILLIT,1,False,178584550,543202,134,0.3042,,1.0,True,3667806702.0,NOT CUTE ANYMORE,ILLIT,USA2P2551249,2025-11-24,131.0,False,-8.8,,726284.0,single,2.0,BELIFT LAB,Asian Music,Asian Music,0.94,0.736,0.949,0.243,7.45e-05,0.117,0.0443,98.986,-5.978,1.0,1.0,1k0JAiH11gHL9dc5dfQjQr,KR,Group,2023,k-pop|girl group|5th gen k-pop,2025-11-24,2025-11-24,deezer,2025.0,233.0,187
322,GBP,Central Cee,1,False,177792702,109007,552,0.0613,,1.0,True,3185132481.0,GBP,Central Cee,USSM12408428,2025-01-16,154.0,True,-9.2,,616667.0,single,1.0,Columbia,Rap/Hip Hop,Rap/Hip Hop,0.834,0.683,0.67,0.0905,0.0,0.205,0.223,142.121,-4.254,1.0,1.0,5emD8K39MmotlCLOx9qzCH,GB,Person,1998,hip hop|uk drill|grime|drill|trap,2025-01-16,2025-01-16,deezer,2025.0,545.0,-230
323,HOT,LE SSERAFIM,1,False,177511432,201353,395,0.1134,,1.0,True,3256605631.0,HOT,LE SSERAFIM,USA2P2506404,2025-03-14,143.0,False,-6.3,,637710.0,ep,5.0,SOURCE MUSIC,Asian Music,Asian Music,0.763,0.63,0.968,0.0883,0.0,0.42,0.0558,127.957,-3.406,0.0,1.0,406IpEtZPvbxApWTGM3twY,KR,Group,2022,k-pop|girl group|4th gen k-pop,2024-08-30,2024-08-30,musicbrainz,2024.0,684.0,-72
324,On the Nature of Daylight,Max Richter,1,False,177490904,114951,540,0.0648,,0.94,True,497150662.0,Richter: On the Nature of Daylight,Max Richter,GBDCA0300279,2018-05-11,371.0,False,-14.4,117.45,681603.0,album,18.0,Deutsche Grammophon (DG),Classical,Classical,0.0652,0.342,0.0335,0.154,0.857,0.11,0.0483,65.602,-12.742,10.0,0.0,56oReVXIfUO9xkX7pHmEU0,GB,Person,1966,classical|modern classical|ambient|composer|soundtrack,2004,2004-01-01,musicbrainz,2004.0,8231.0,-216
325,Hammer to the Heart,Teddy Swims,1,False,177240279,121089,527,0.0683,,1.0,True,2749322351.0,Hammer to the Heart,Teddy Swims,USWB12401481,2024-04-26,192.0,False,-8.1,,619758.0,album,14.0,Warner Records,Pop,Pop,0.619,0.61,0.6,0.0508,0.0,0.0658,0.0298,107.941,-5.552,6.0,0.0,0IdwfnHFfyb7zc7GFs75QQ,US,Person,1992,soul|pop|pop soul|rock|alternative rock,2024-04-26,2024-04-26,deezer,2024.0,810.0,-202
326,P*RNSTAR,Nessa Barrett,1,False,176862350,129322,511,0.0731,,1.0,True,3049313501.0,P*RNSTAR,Nessa Barrett,USWB12404159,2024-11-15,149.0,True,-7.0,,692648.0,album,15.0,Warner Records,Pop,Pop,0.588,0.819,0.159,0.125,0.0138,0.361,0.149,100.001,-5.417,9.0,1.0,120mpXRD6WPCf67bMeWJeg,US,Person,2002,alternative pop|singer-songwriter|emo,2024-11-15,2024-11-15,deezer,2024.0,607.0,-185
327,4X4,Travis Scott,1,False,176753745,127445,514,0.0721,,1.0,True,3200805881.0,4X4,Travis Scott,USSM12410202,2025-01-28,191.0,True,0.0,,687359.0,single,1.0,Cactus Jack / Epic,Rap/Hip Hop,Rap/Hip Hop,0.625,0.847,0.221,0.0392,0.000108,0.788,0.0454,143.023,-2.95,6.0,0.0,6s8WSX1MxNThrot8ThI6fG,US,Person,1991,hip hop|trap|rap|southern hip hop|pop rap,2025-01-24,2025-01-24,musicbrainz,2025.0,537.0,-187
328,The Abyss,The Weeknd,1,False,176626442,221550,369,0.1254,,1.0,True,3210598561.0,The Abyss,The Weeknd,USUG12501144,2025-01-31,283.0,False,-11.4,,864121.0,album,22.0,XO / Republic Records,R&B,R&B,0.192,0.401,0.0571,0.231,3.69e-06,0.177,0.0325,84.501,-8.553,0.0,0.0,5ZDKPFRZC6QlJpf8bCIXTs,CA,Person,1990,r&b|dance-pop|contemporary r&b|alternative r&b|synth-pop,2025-01-31,2025-01-31,deezer,2025.0,530.0,-41
329,Pushing It Down and Praying,Lizzy McAlpine,1,False,176239656,275894,299,0.1565,,1.0,True,2990785051.0,Pushing It Down and Praying,Lizzy McAlpine,USRC12402570,2024-09-20,234.0,False,-9.7,,582797.0,single,1.0,Indigo Blue/RCA Records,Alternative,Alternative|Pop,0.404,0.251,0.198,0.797,1.47e-05,0.112,0.0359,131.692,-10.293,1.0,1.0,0Exki6SgSuYfWQDP0npFlF,US,Person,1999,singer-songwriter|indie pop|indie folk|folk pop|indie,2024-09-20,2024-09-20,deezer,2024.0,663.0,30
330,Miss possessive,Tate McRae,1,False,176098790,145222,478,0.0825,,1.0,True,3240044341.0,Miss possessive,Tate McRae,USRC12403576,2025-02-21,137.0,True,-8.2,,660404.0,album,15.0,RCA Records Label,Pop,Pop,0.794,0.739,0.36,0.254,7.57e-05,0.103,0.0413,101.977,-4.451,0.0,0.0,4eVeuJ3a4bBlQWwfRutxwJ,CA,Person,2003,pop|dance-pop|2020s|female vocals|pop rock,2025-02-21,2025-02-21,deezer,2025.0,509.0,-148
331,El Mayor de los Ranas (En Vivo),Grupo Marca Registrada,1,False,176017576,175628,434,0.0998,,1.0,True,3252296481.0,El Mayor de los Ranas (En Vivo),Grupo Marca Registrada,USA2P2509050,2025-02-27,174.0,True,-11.4,,551985.0,single,1.0,"RB Music, Inc. (RB Music/Grupo Marca Registrada)",,,0.747,0.809,0.922,0.332,0.0,0.199,0.0603,91.017,-7.721,10.0,0.0,7mEPibyVIOAjjHcSD0K0vn,MX,Group,2014,,,2025-02-27,deezer,2025.0,503.0,-103
332,No Me Enseñaste,Thalia,1,False,175694949,88802,590,0.0505,,1.0,True,3255147.0,No Me Enseñaste,Thalia,MXF060200328,2002-05-21,266.0,False,-9.8,135.1,542454.0,album,15.0,Capitol Latin,Latin Music,Latin Music,0.669,0.719,0.817,0.411,0.0,0.0876,0.0603,134.897,-7.035,8.0,0.0,2ddRXsKI5dGKSMRc0B6VrC,MX,Person,1971,latin pop|latin,2002-05-21,2002-05-21,deezer,2002.0,8821.0,-258
333,I know love,Tate McRae,1,False,175661681,117821,536,0.0671,,1.0,True,3240044421.0,I know love (feat. The Kid LAROI),Tate McRae,USRC12403582,2025-02-21,156.0,True,-6.9,,657446.0,album,15.0,RCA Records Label,Pop,Pop,0.566,0.729,0.541,0.0132,0.0,0.351,0.131,179.948,-4.486,1.0,0.0,4WjjHDBuJL9g5wAkQbIa8X,CA,Person,2003,pop|dance-pop|2020s|female vocals|pop rock,2025-02-14,2025-02-14,musicbrainz,2025.0,516.0,-203
334,Staying,Lizzy McAlpine,1,False,175344623,315207,264,0.1798,,1.0,True,2722020152.0,Staying,Lizzy McAlpine,USRC12301894,2024-04-05,151.0,False,-10.1,,521272.0,album,14.0,Indigo Blue/RCA Records,Alternative,Alternative|Pop,0.496,0.214,0.334,0.844,5.3e-05,0.119,0.0303,135.631,-10.707,4.0,1.0,3tcCT8WhAIeRW2Ey9M4bL5,US,Person,1999,singer-songwriter|indie pop|indie folk|folk pop|indie,2024-04-05,2024-04-05,deezer,2024.0,831.0,70
335,git,BLOK3,1,False,175009805,181619,423,0.1038,,1.0,True,3451496401.0,git,BLOK3,FRX762513550,2025-07-18,158.0,False,-11.7,,624419.0,ep,4.0,Mundo Music,Rap/Hip Hop,Rap/Hip Hop,0.709,0.519,0.295,0.713,1.28e-05,0.092,0.038,86.037,-8.63,6.0,0.0,1RwVkonL4anIGeNZo0OPp1,,Person,2002,,2026-06-05,2025-07-18,deezer,2025.0,362.0,-88
336,Me Mareo,Kidd Voodoo,1,False,174809009,256805,323,0.1469,,1.0,True,3422751531.0,Me Mareo,Kidd Voodoo,QMBZ92544193,2025-06-19,168.0,True,-8.3,,623279.0,single,1.0,Kidd Voodoo,Latin Music,Latin Music,,,,,,,,,,,,,CL,Person,,,2025-06-19,2025-06-19,deezer,2025.0,391.0,13
337,I Ain't Comin' Back,Morgan Wallen,1,False,174701783,226315,359,0.1295,,1.0,True,3326163551.0,I Ain't Comin' Back,Morgan Wallen,USUG12501623,2025-04-18,175.0,False,-7.2,,639931.0,single,1.0,Big Loud Records / Mercury Records / Republic Records,Country,Country,0.372,0.727,0.741,0.566,0.0,0.298,0.0358,200.363,-4.9,11.0,1.0,1BDLD4c07q0bmq2VCRsXoE,US,Person,1993,country|country pop|2020s|racist,2025-04-18,2025-04-18,deezer,2025.0,453.0,-22
338,Caramel,Sleep Token,1,False,174573303,208538,382,0.1195,,1.0,True,3330723971.0,Caramel,Sleep Token,USRC12500017,2025-05-09,290.0,False,-8.7,,655673.0,album,10.0,Sleep Token/RCA Records,Alternative,Alternative|Rock|Metal,0.631,0.775,0.29,0.00432,9.17e-06,0.061,0.0331,94.01,-5.385,5.0,0.0,3AdXwuFn7j21HNiFMXvZXt,GB,Group,2016,progressive metal|alternative metal|alternative pop|djent|progressive rock,2025-04-04,2025-04-04,musicbrainz,2025.0,467.0,-44
339,MON BÉBÉ,RnBoi,1,False,174202141,502149,152,0.2883,,1.0,True,3602108062.0,MON BÉBÉ,RnBoi,FR9W12555806,2025-10-24,130.0,False,-9.5,,997284.0,single,1.0,DOUBLE JEU RECORDS,R&B,R&B,0.607,0.611,0.367,0.388,0.0,0.0923,0.177,113.789,-7.287,6.0,0.0,3uPm5zOkpzhtWg5ZsuX7xi,FR,Person,2006,hip hop|r&b,2025-10-24,2025-10-24,deezer,2025.0,264.0,187
340,Ba Ba Bad Remix,Kybba,1,False,174130253,279412,297,0.1605,,1.0,True,3410085001.0,Ba Ba Bad Remix,Kybba,GXBNP2508981,2025-06-27,146.0,False,-10.3,,701616.0,single,1.0,Basshall,Reggae,Reggae|Dancehall/Ragga,0.68,0.591,0.509,0.0287,0.0,0.302,0.468,98.003,-6.088,9.0,1.0,0lMafSfME2iJEE972bsQaK,NL,Person,,dancehall,2025-06-27,2025-06-27,deezer,2025.0,383.0,43
341,CIEL,GIMS,1,False,173099491,126965,515,0.0733,,1.0,True,3045169941.0,CIEL,GIMS,FR8FB2415600,2024-09-13,186.0,False,-11.1,,982484.0,single,1.0,Play Two,Rap/Hip Hop,Rap/Hip Hop,0.797,0.605,0.874,0.129,0.0,0.13,0.0769,129.933,-9.587,4.0,0.0,3wnBCskNyzzYwT3rcrv0Hb,FR,Person,1986,pop rap|french hip hop|pop|hardcore hip hop|sapés comme jamais,2024-09-13,2024-09-13,deezer,2024.0,670.0,-174
342,FaSHioN,CORTIS,1,False,173093828,508956,148,0.294,,1.0,True,3540344821.0,FaSHioN,CORTIS,USA2P2536189,2025-09-08,174.0,False,-8.1,,743012.0,ep,6.0,Republic Records – CORTIS,Asian Music,Asian Music,0.627,0.85,0.25,0.00973,0.0,0.319,0.111,77.494,-4.24,7.0,0.0,4ecdsGz3Hg6TKPwQ0ZOdJz,KR,Group,2025,boy group|k-pop,2025-09-08,2025-09-08,deezer,2025.0,310.0,194
343,Thodi Si Daaru,AP Dhillon,1,False,173081124,302406,277,0.1747,,1.0,True,3459718291.0,Thodi Si Daaru,AP Dhillon,USUG12505772,2025-07-17,180.0,False,-8.4,,189483.0,single,1.0,AP Dhillon,Pop,Pop,0.772,0.714,0.81,0.227,0.0,0.115,0.102,159.888,-6.358,0.0,1.0,3JiLQJmVW7d4O8AQDFB3oj,CA,Person,,hip hop|punjabi|indian pop,2025-07-16,2025-07-16,musicbrainz,2025.0,364.0,66
344,La Pantera,Marcos Villalobos,1,False,172997296,235971,346,0.1364,,1.0,True,4185597852.0,La Pantera,Marcos Villalobos,GXD7V2512796,2025-02-28,223.0,True,-10.3,,527123.0,single,1.0,Gheef,Rap/Hip Hop,Rap/Hip Hop|Latin Music,,,,,,,,,,,,,,,,,,2025-02-28,deezer,2025.0,502.0,-2
345,Hiekka,Nicky Jam,1,False,172807157,157775,459,0.0913,,1.0,True,3335572111.0,Hiekka,Nicky Jam,USA2P2519394,2025-05-02,213.0,False,-9.2,,651514.0,single,1.0,Nicky Jam,Rap/Hip Hop,Rap/Hip Hop,0.724,0.726,0.332,0.0451,0.0,0.12,0.0416,107.865,-4.077,4.0,0.0,4PNo8pt5fmvNyTheIqavsH,PR,Person,1980,reggaeton|latin|latin urban,2025-05-02,2025-05-02,deezer,2025.0,439.0,-114
346,JETSKI,PEDRO SAMPAIO,1,False,172385668,454319,174,0.2635,,1.0,True,3708173892.0,JETSKI,PEDRO SAMPAIO,BRSME2501833,2025-12-18,152.0,True,-6.6,,900543.0,single,1.0,Sony Music Entertainment,Soul & Funk,Soul & Funk,0.78,0.756,0.915,0.3,0.0,0.0585,0.0845,155.052,-4.289,3.0,0.0,3jhyw60F61gc7nC4dblqtC,BR,Person,1997,funk|pop|latin,2025-12-18,2025-12-18,deezer,2025.0,209.0,172
347,tau mich auf,Zartmann,1,False,171566297,88496,591,0.0516,,1.0,True,3198385821.0,tau mich auf,Zartmann,DE1FB2400558,2025-02-10,110.0,False,-9.3,,695897.0,single,1.0,Bamboo Artists/Epic,Pop,Pop,0.884,0.807,0.881,0.243,3.77e-06,0.279,0.126,124.961,-6.898,2.0,1.0,5M5CCI3zRRnVpMzNiwrGaJ,DE,Person,,,2025-01-31,2025-01-31,musicbrainz,2025.0,530.0,-244
348,"Tum Ho (From ""Rockstar"")",Mohit Chauhan,1,False,171498763,143978,481,0.084,,1.0,True,3271891041.0,"Tum Ho (From ""Rockstar"")",Mohit Chauhan,INS181103509,2025-03-10,316.0,False,-11.4,,157169.0,album,25.0,Super Cassettes Industries Private Limited,Indian Music,Indian Music,0.356,0.47,0.167,0.518,1e-05,0.0807,0.0278,93.895,-8.929,5.0,1.0,7uNnlVit5qDvfOje0pqICF,IN,Person,1966,indian pop,2011-09-30,2011-09-30,musicbrainz,2011.0,5402.0,-133
349,melodrama,disiz,1,False,170422881,351033,230,0.206,,1.0,True,3558373981.0,melodrama,disiz,FR9W12550711,2025-09-26,176.0,False,-7.0,,996934.0,single,1.0,Carré Bleu Production,Pop,Pop,,,,,,,,,,,,,FR,Person,1978,hip hop|todo-works,2025-09-26,2025-09-26,deezer,2025.0,292.0,119
350,Keşke,BLOK3,1,False,170105022,133049,501,0.0782,,1.0,True,3287580111.0,Keşke,BLOK3,QM6MZ2585378,2025-03-28,207.0,False,-8.1,,529863.0,single,1.0,Lais Records,Rap/Hip Hop,Rap/Hip Hop,0.755,0.423,0.389,0.603,4.28e-06,0.292,0.12,94.99,-9.967,5.0,1.0,1horGWxHKfwctCKdHwrO0n,,Person,2002,,,2025-03-28,deezer,2025.0,474.0,-151
351,Jamaican (Bam Bam),HUGEL,1,False,170051919,1666834,24,0.9802,,1.0,True,3889748961.0,Jamaican (Bam Bam),HUGEL,ITFGO2500099,2026-03-09,156.0,False,-9.9,,979664.0,single,1.0,MoBlack Records,,,0.869,0.942,0.58,0.41,0.2,0.0388,0.0673,121.969,-4.737,9.0,1.0,2TImDFpre8a6p8v7kcUVbQ,FR,Person,1987,dance|house|edm|latin house,2026-03-27,2026-03-09,deezer,2026.0,128.0,327
352,Aquele Lugar,Grupo Menos É Mais,1,False,169977296,197797,401,0.1164,,0.94,True,3215895861.0,Aquele Lugar (Ao Vivo),Grupo Menos É Mais,BRRGE2500043,2025-02-13,167.0,False,-9.7,,781779.0,single,2.0,Som Livre,Brazilian Music,Brazilian Music,0.628,0.59,0.785,0.46,0.0,0.771,0.0493,176.017,-8.309,1.0,1.0,6IFF888dQ0P6ilbj4kL6G8,BR,Group,,,2026-04-16,2025-02-13,deezer,2025.0,517.0,-49
353,King of Watches,Victor Mendivil,1,False,169801178,290866,288,0.1713,,1.0,True,3456139211.0,King of Watches,Victor Mendivil,US3DF2586868,2025-07-24,147.0,False,-7.4,,507998.0,album,18.0,Rico o Muerto by Baja Sound LLC,Latin Music,Latin Music,0.897,0.682,0.744,0.000811,8.74e-05,0.098,0.239,94.933,-5.056,1.0,1.0,3QJXJACwdZ3EaIqdF5ZiXh,,,,,2025-05-24,2025-05-24,musicbrainz,2025.0,417.0,65
354,Survivor,2WEI,1,False,169648196,51558,665,0.0304,,1.0,True,452203652.0,Survivor,2WEI,US43C1608185,2018-01-19,195.0,False,-10.5,,651285.0,single,1.0,Position Music,Electro,Electro,0.352,0.542,0.0969,0.104,0.274,0.1,0.0606,132.988,-10.297,7.0,1.0,5RcVBnQcTDrqgGwvtT8WLz,DE,Group,2016,production music|electronic|trailer music|alternative|film score,2018-09-20,2018-01-19,deezer,2018.0,3099.0,-311
355,Somethin' 'Bout A Woman,Thomas Rhett,1,False,169110238,192051,409,0.1136,,1.0,True,3080915821.0,Somethin' 'Bout A Woman,Thomas Rhett,QZRD92406327,2024-11-15,207.0,False,-7.6,,571382.0,single,1.0,The Valory Music Co.,Pop,Pop,0.71,0.79,0.465,0.0173,0.000202,0.092,0.0269,107.006,-4.616,5.0,0.0,1dHUB7GIbSk3MdL6a6KGvc,US,Person,1990,country|contemporary country|country pop,2024-08-23,2024-08-23,musicbrainz,2024.0,691.0,-54
356,Take My Mind,WizTheMc,1,False,168712328,431729,185,0.2559,,1.0,True,3417456681.0,Take My Mind,WizTheMc,DE1FB2500191,2025-07-04,171.0,False,-8.8,,768353.0,single,3.0,Bamboo Artists,Pop,Pop,0.611,0.727,0.197,0.0681,2.04e-05,0.423,0.0479,114.121,-7.554,1.0,1.0,6pgd8JI5kxG99W9kHHXxRA,DE,Person,,pop rap,2025-07-04,2025-07-04,deezer,2025.0,376.0,171
357,O Que É Que Tem,Jorge & Mateus,2,True,168677341,114682,541,0.068,,0.94,True,61025820.0,O Que É Que Tem (Ao Vivo),Jorge & Mateus,BR3PJ1200029,2012-10-15,207.0,False,-8.2,,623514.0,album,18.0,Som Livre,Brazilian Music,Brazilian Music|Latin Music,0.462,0.68,0.526,0.832,0.0,0.979,0.0289,95.761,-4.703,7.0,1.0,0kdCkZ3ccB2bSRZIajtmCv,BR,Group,2005,country|sertanejo|sertanejo universitário,2012,2012-01-01,musicbrainz,2012.0,5309.0,-184
358,"Suite bergamasque, L. 75: III. Clair de lune",Claude Debussy,1,False,168182933,86003,594,0.0511,,0.728,False,,,,,,,,,,,,,,,,,,,,,,,,,,,,FR,Person,1862,french|classical|composer|orchestral|piano,2024-11-15,2024-11-15,musicbrainz,2024.0,607.0,-236
359,napıyosun mesela ?,BLOK3,1,False,167959716,239727,342,0.1427,,1.0,True,3451496391.0,napıyosun mesela ?,BLOK3,FRX762513549,2025-07-18,185.0,False,-11.9,,646313.0,ep,4.0,Mundo Music,Rap/Hip Hop,Rap/Hip Hop,0.741,0.521,0.488,0.386,6.32e-05,0.238,0.0282,91.987,-8.13,7.0,0.0,4PA0CfHSeg5yYx7PCyGeMb,,Person,2002,,2026-06-05,2025-07-18,deezer,2025.0,362.0,17
360,Everybody Here Wants You,Jeff Buckley,1,False,167728650,303809,275,0.1811,,1.0,True,733720842.0,Everybody Here Wants You,Jeff Buckley,USSM19703796,1998-05-26,285.0,False,-11.0,120.54,700555.0,album,22.0,Columbia/Legacy,Rock,Rock,0.725,0.387,0.606,0.527,0.00013,0.0982,0.0368,120.689,-7.359,9.0,0.0,2bcvooA6HEmVUneEGJnNZD,US,Person,1966,alternative rock|singer-songwriter|rock|american|folk rock,1998,1998-01-01,musicbrainz,1998.0,10422.0,85
361,DETRÁS DE TU ALMA,Mora,1,False,167549792,223130,365,0.1332,,1.0,True,3345133761.0,DETRÁS DE TU ALMA,Mora,QM6P42540032,2025-05-18,237.0,True,-10.2,,515243.0,album,17.0,Rimas Entertainment LLC.,Latin Music,Latin Music,,,,,,,,,,,,,SE,Group,1971,pop rock|children's music,2025-05-18,2025-05-18,deezer,2025.0,423.0,-4
362,Garden Of Eden,Lady Gaga,1,False,167264389,122195,526,0.0731,,1.0,True,3262333871.0,Garden Of Eden,Lady Gaga,USUM72407011,2025-03-07,240.0,False,-6.9,,674480.0,album,14.0,Interscope Records,Pop,Pop,0.672,0.906,0.562,0.00163,3.54e-06,0.14,0.0357,124.964,-3.996,1.0,1.0,4iKIF8qI3dq6fntHeIdcAw,US,Person,1986,pop|dance-pop|electropop|pop rock|synth-pop,2025-03-07,2025-03-07,deezer,2025.0,495.0,-164
363,Lanterna Dos Afogados,Os Paralamas Do Sucesso,1,False,167223542,76888,609,0.046,,1.0,True,3419859231.0,Lanterna Dos Afogados,Os Paralamas Do Sucesso,BREMI8900093,2025-06-25,190.0,False,-12.0,,364486.0,album,15.0,UME - Global Clearing House,Pop,Pop,0.719,0.594,0.498,0.132,0.0015,0.0897,0.0258,113.247,-8.612,11.0,1.0,4farzKk6j904UdmdcfpIXI,BR,Group,1977,rock|brazilian|ska|new wave|brasil,1989,1989-01-01,musicbrainz,1989.0,13709.0,-246
364,Go Go Juice,Sabrina Carpenter,1,False,167122700,311334,270,0.1863,,1.0,True,3529873561.0,Go Go Juice,Sabrina Carpenter,USUM72504447,2025-08-29,193.0,True,-6.8,,657914.0,album,12.0,Island Records,Pop,Pop,0.657,0.753,0.713,0.302,0.0,0.098,0.046,131.962,-4.075,10.0,1.0,1qyw5wSUkEvH8DtaCdx7Lg,US,Person,1999,pop|electropop|dance-pop|2020s|american,2025-08-29,2025-08-29,deezer,2025.0,320.0,94
365,Arruma Um Bão,Israel & Rodolffo,2,True,167041127,79603,607,0.0477,,1.0,True,3005433031.0,Arruma Um Bão,Israel & Rodolffo,BRRGE2400716,2024-10-03,175.0,False,-7.2,,789364.0,album,8.0,Som Livre,Brazilian Music,Brazilian Music,0.731,0.796,0.602,0.435,0.0,0.16,0.0356,95.018,-4.478,5.0,1.0,07K8Bdua0yyb0m4RBd3Vf0,BR,Group,1999,,2024-10-03,2024-10-03,deezer,2024.0,650.0,-242
366,KUSURA BAKMA,BLOK3,1,False,167026632,355885,226,0.2131,,1.0,True,3674591422.0,KUSURA BAKMA,BLOK3,DGA072577331,2025-11-28,157.0,False,-14.7,,677779.0,single,1.0,Mundo Music,Rap/Hip Hop,Rap/Hip Hop,,,,,,,,,,,,,,Person,2002,,2025-11-28,2025-11-28,deezer,2025.0,229.0,140
367,Running Around,Ely Oaks,1,False,166594859,207733,385,0.1247,,1.0,True,3256148621.0,Running Around,Ely Oaks,DE1N12500007,2025-03-07,125.0,False,-7.4,,625598.0,single,2.0,JINX Music,Dance,Dance,0.703,0.904,0.427,0.0163,0.00187,0.331,0.0778,158.061,-4.735,0.0,1.0,6EnbYYoc8MrJNiY47hcwG5,AT,Person,,edm,2025-01-31,2025-01-31,musicbrainz,2025.0,530.0,-18
368,YOUR WAY'S BETTER,Forrest Frank,1,False,166271009,263332,314,0.1584,,1.0,True,3057507191.0,YOUR WAY'S BETTER,Forrest Frank,QZJ842403434,2024-10-25,198.0,False,-9.1,,615744.0,single,2.0,river house records,,,0.695,0.641,0.533,0.292,0.0,0.0561,0.0742,146.008,-7.014,7.0,1.0,5ILp0DwmnSnYaOI3lS7irI,US,Person,1996,contemporary christian|kingdom over culture,2024-07-26,2024-07-26,musicbrainz,2024.0,719.0,54
369,Vem Vem,Jmilton,1,False,165992966,161523,455,0.0973,,1.0,True,3387190591.0,Vem Vem,Jmilton,QM7282585143,2025-05-30,83.0,True,-4.4,,595425.0,ep,4.0,Jmilton,Electro,Electro,,,,,,,,,,,,,,,,,,2025-05-30,deezer,2025.0,411.0,-86
370,Up From the Bottom,Linkin Park,1,False,165491280,281343,294,0.17,,1.0,True,3275882161.0,Up From the Bottom,Linkin Park,USWB12500290,2025-03-27,183.0,False,-6.0,,895599.0,single,1.0,Warner Records,Alternative,Alternative,0.615,0.937,0.601,0.00698,0.0,0.242,0.044,107.018,-3.362,5.0,0.0,5IL3VPDy5siXiptYHF2aLS,US,Group,1996,nu metal|rock|rap rock|metal|alternative rock,2025-03-27,2025-03-27,deezer,2025.0,475.0,76
371,The Giver,Chappell Roan,1,False,165474351,112579,544,0.068,,1.0,True,3273194641.0,The Giver,Chappell Roan,USUG12501598,2025-03-14,203.0,False,-6.8,,615725.0,single,1.0,Chappell Roan PS/ Island,Country,Country,0.565,0.906,0.725,0.0767,0.0,0.333,0.0514,93.025,-3.2,4.0,1.0,4Ze52WL5rP9biTowaDGdXc,US,Person,1998,pop|synth-pop|dance-pop|queer|indie pop,2025-03-14,2025-03-14,deezer,2025.0,488.0,-173
372,Sadrah,For Revenge,1,False,165462472,458432,171,0.2771,,1.0,True,2698840402.0,Sadrah,For Revenge,IDAC52400036,2024-03-18,247.0,False,-5.3,,137838.0,single,1.0,Sony Music Entertainment,Pop,Pop,0.422,0.737,0.336,0.00723,0.0,0.107,0.0289,145.085,-3.158,2.0,1.0,0G274Cn7Z8olJVHBqG4wpL,FI,Group,2001,black metal|experimental black metal|darkness|evil|satan,2025-12-11,2024-03-18,deezer,2024.0,849.0,201
373,Backup Plan,Bailey Zimmerman,1,False,165329955,439754,178,0.266,,1.0,True,3329785911.0,Backup Plan,Bailey Zimmerman,USWB12500998,2025-05-02,181.0,False,-8.0,,574824.0,single,1.0,Atlantic Records/Warner Records Nashville,Country,Country,0.572,0.867,0.67,0.237,2.84e-05,0.109,0.045,158.057,-4.784,8.0,1.0,3UXggE8uNiNGfyqIDr6Xep,US,Person,2000,country|country pop|contemporary country,2025-05-02,2025-05-02,deezer,2025.0,439.0,195
374,Te Lloré Un Río,Maná,1,False,165031790,110442,548,0.0669,,1.0,True,7505032.0,Te Lloré Un Río,Mana,MXF159200068,1994-04-12,292.0,False,-9.9,118.1,507486.0,album,12.0,WM Mexico,Pop,Pop,0.852,0.742,0.942,0.208,0.0157,0.172,0.036,117.978,-5.727,4.0,1.0,4HrX1xb0RsnmmJqN52hhHj,MX,Group,1986,latin|rock|pop|pop rock|latin pop,1992-10-27,1992-10-27,musicbrainz,1992.0,12314.0,-174
375,La Guitarra (Remasterizado 2025),Los Auténticos Decadentes,1,False,164933484,69160,623,0.0419,,1.0,True,3617482362.0,La Guitarra (Remasterizado 2025),Los Autenticos Decadentes,ARF102500254,2025-11-07,219.0,False,-9.4,,88311.0,album,19.0,Sony Music Argentina,Pop,Pop,,,,,,,,,,,,,AR,Group,1986,,1995,1995-01-01,musicbrainz,1995.0,11518.0,-248
376,CORAZÓN PARTÍO,Tito Double P,1,False,164715814,245742,336,0.1492,,1.0,True,3429760541.0,CORAZÓN PARTÍO,Tito Double P,QMFME2412416,2025-06-26,186.0,False,-10.4,,503003.0,single,1.0,Double P Records,,,0.685,0.466,0.568,0.412,0.0,0.132,0.156,74.123,-8.946,3.0,1.0,2qo9LSOvqq5yFxETD8XMaj,MX,Person,1997,latin|regional mexicano|corrido,2025-02-06,2025-02-06,musicbrainz,2025.0,524.0,40
377,What Was That,Lorde,1,False,164714194,137878,494,0.0837,,1.0,True,3428522581.0,What Was That,Lorde,NZUM72500008,2025-06-27,209.0,False,-6.6,,678464.0,album,11.0,Universal Music New Zealand Limited,Pop,Pop,0.44,0.615,0.161,0.321,3.38e-05,0.102,0.347,168.152,-6.768,0.0,1.0,4sj4I2swfRbB13E4JkR2af,NZ,Person,1996,pop|synth-pop|alternative pop|indie pop|art pop,2025-04-24,2025-04-24,musicbrainz,2025.0,447.0,-117
378,Papasito,KAROL G,1,False,164177548,256092,324,0.156,,1.0,True,3421452481.0,Papasito,KAROL G,USUG12502628,2025-06-20,167.0,False,-6.9,,699207.0,album,20.0,Bichota/Interscope Records,Latin Music,Latin Music,0.9,0.785,0.765,0.222,0.0,0.33,0.0405,116.973,-2.632,4.0,0.0,1BwGIn3DEJopvVcUcNKrEc,CO,Person,1991,reggaeton|spanish|latin urban|latin|r&b,2025-06-20,2025-06-20,deezer,2025.0,390.0,54
379,I Got No Time,The Living Tombstone,1,False,163999755,65571,629,0.04,,1.0,True,936960642.0,I Got No Time,The Living Tombstone,USDHM1603917,2016-02-20,166.0,False,-5.1,,523651.0,single,1.0,Ghost Pixel Records,Electro,Electro,0.353,0.903,0.354,0.00216,7.44e-05,0.252,0.0682,180.024,-2.341,8.0,1.0,4benBk2m4tVaXVxgMBk3Zw,IL,Group,2011,electronic|edm|pop|dance|songs based on games,2016-02-20,2016-02-20,deezer,2016.0,3798.0,-250
380,You Stole The Show,SIENNA SPIRO,1,False,163721262,470136,165,0.2872,,1.0,True,3466173081.0,You Stole The Show,SIENNA SPIRO,USUG12504860,2025-07-25,207.0,False,-11.3,,850047.0,single,1.0,Capitol Records,Pop,Pop,0.471,0.234,0.25,0.711,0.0,0.0972,0.0404,124.787,-8.28,1.0,1.0,0MIVnBr1aNTHbIggDklqqG,GB,Person,2005,pop soul|pop|singer-songwriter|adult contemporary|alternative pop,2025-06-24,2025-06-24,musicbrainz,2025.0,386.0,215
381,12 Horas / Pra Você Acreditar,Panda,1,False,163539396,201300,396,0.1231,,0.94,True,3189103081.0,12 Horas / Pra Você Acreditar (Ao Vivo),Panda,US7VG2555139,2025-01-25,250.0,False,-7.9,,835830.0,ep,5.0,MJ Records.,Brazilian Music,Brazilian Music|Latin Music,,,,,,,,,,,,,US,Person,1978,rock and indie|poggers,2025-02-20,2025-01-25,deezer,2025.0,536.0,-15
382,Escondendo o Ouro,Zé Neto & Cristiano,2,True,163055332,144661,480,0.0887,,0.94,True,3766489962.0,Escondendo o Ouro (Ao Vivo),Zé Neto & Cristiano,BRRGE2500280,2026-01-22,171.0,False,-7.7,,807877.0,album,23.0,Som Livre,Brazilian Music,Brazilian Music,0.659,0.59,0.629,0.81,0.0,0.105,0.0378,109.695,-6.268,10.0,1.0,3oLc1X2zwneztOt2xSGMPy,BR,Group,2011,sertanejo|sertanejo universitário,2025-05-22,2025-05-22,musicbrainz,2025.0,419.0,-98
383,Saudade Proibida,Simone Mendes,1,False,163035666,167014,440,0.1024,,0.94,True,3298437061.0,Saudade Proibida (Ao Vivo),Simone Mendes,BRUM72402694,2025-04-04,161.0,False,-7.5,,825848.0,single,1.0,Universal Music Ltda.,Brazilian Music,Brazilian Music,0.639,0.856,0.668,0.0746,0.0,0.911,0.0448,131.974,-3.599,5.0,1.0,3lKOC96UdjCG47HZDJVyih,BR,Person,1984,,,2025-04-04,deezer,2025.0,467.0,-57
384,Fancy,Reba McEntire,1,False,162918423,70589,621,0.0433,,1.0,True,1234174792.0,Fancy,Reba McEntire,USMC19032543,2021-02-11,297.0,False,-11.3,,400484.0,single,3.0,UME - Global Clearing House,Country,Country,0.672,0.616,0.443,0.146,0.0,0.0829,0.0619,94.969,-8.056,4.0,1.0,7wmtnPR9u6GRBsZRlMZxxM,US,Person,1955,country|pop|2008 universal fire victim,1992,1992-01-01,musicbrainz,1992.0,12614.0,-237
385,EYES CLOSED,JISOO,1,False,162894290,203925,391,0.1252,,1.0,True,3582847281.0,EYES CLOSED,JISOO,USWB12503603,2025-10-10,181.0,False,-7.8,,648517.0,single,1.0,Warner Records,Asian Music,Asian Music,,,,,,,,,,,,,KR,Person,1995,k-pop|2020s|3rd gen k-pop,2025-10-10,2025-10-10,deezer,2025.0,278.0,-6
386,Ngapain Repot,Toton Caribo,1,False,162482431,307429,273,0.1892,,1.0,True,3325480761.0,Ngapain Repot,Toton Caribo,IDA832501739,2025-04-13,254.0,False,-11.4,,199326.0,single,1.0,Toton Caribo,Electro,Electro,,,,,,,,,,,,,,,,,,2025-04-13,deezer,2025.0,458.0,113
387,Dior,MK,1,False,162314687,230370,355,0.1419,,0.96,True,3005579361.0,Dior,AMK,TCAGE2294367,2024-09-20,222.0,True,-8.8,,305250.0,album,15.0,Blood Brother's Records,Rap/Hip Hop,Rap/Hip Hop,0.619,0.569,0.401,0.609,5.51e-06,0.11,0.217,141.101,-7.108,5.0,0.0,36cBmpQk26m4gvzQNbdxN5,US,Person,1972,house|edm,2025-06-06,2024-09-20,deezer,2024.0,663.0,32
388,Montagem Supersonic,KHAOS,1,False,161960428,348508,231,0.2152,,1.0,True,3448586821.0,Montagem Supersonic,Khaos,QMDA62527740,2025-07-04,87.0,True,-7.8,,638129.0,ep,5.0,KHAOS,Electro,Electro,,,,,,,,,,,,,HN,Group,1980,heavy metal,,2025-07-04,deezer,2025.0,376.0,157
389,Nocaute,Jorge & Mateus,2,True,161829033,153084,464,0.0946,,1.0,True,89399401.0,Nocaute,Jorge & Mateus,BRUXD1400194,2014-11-03,168.0,False,-8.5,93.5,652002.0,single,1.0,Som Livre,Brazilian Music,Brazilian Music,0.621,0.602,0.719,0.17,0.0,0.07,0.0454,93.511,-6.193,0.0,1.0,4uZvMzLesJdtQ1ZJoMtdG7,BR,Group,2005,country|sertanejo|sertanejo universitário,2014-11-03,2014-11-03,deezer,2014.0,4272.0,-75
390,Pretty Little Baby,Connie Francis,1,False,161771536,132066,505,0.0816,,1.0,True,130105720.0,Pretty Little Baby,Connie Francis,ZA42A1537055,2001-09-20,144.0,False,0.0,,613695.0,album,12.0,TP4 Music,,,,,,,,,,,,,,,US,Person,1937,pop|american|vocal jazz|traditional pop|brill building,1962,1962-01-01,musicbrainz,1962.0,23571.0,-115
391,Berghain,ROSALÍA,1,False,161596477,217187,372,0.1344,,1.0,True,3640140942.0,Berghain,ROSALÍA,USSM12504034,2025-11-07,178.0,True,-8.0,,803674.0,album,15.0,Columbia,Alternative,Alternative,0.423,0.442,0.221,0.294,0.0,0.217,0.0441,124.854,-6.297,9.0,0.0,2T8yuUKl1nhmtaIocqWo4i,ES,Person,1992,flamenco|reggaeton|spanish|female vocals|latin pop,2025-10-27,2025-10-27,musicbrainz,2025.0,261.0,19
392,Sugar Talking,Sabrina Carpenter,1,False,161337176,382101,211,0.2368,,1.0,True,3529873511.0,Sugar Talking,Sabrina Carpenter,USUM72504441,2025-08-29,183.0,True,-7.6,,682435.0,album,12.0,Island Records,Pop,Pop,0.482,0.777,0.396,0.0489,0.0,0.115,0.0338,151.967,-4.812,2.0,0.0,5B3GZOZYXNzWpUXQC42hxZ,US,Person,1999,pop|electropop|dance-pop|2020s|american,2025-08-29,2025-08-29,deezer,2025.0,320.0,181
393,Me bloqueia,Ferrugem,1,False,161103937,161786,452,0.1004,,0.94,True,2656431662.0,Me Bloqueia (Ao Vivo),Ferrugem,BXG3O2400023,2024-02-29,197.0,False,-10.1,,772688.0,single,1.0,WM Brazil,Brazilian Music,Brazilian Music,0.553,0.715,0.474,0.466,0.0,0.319,0.0584,148.2,-7.33,4.0,1.0,0rosNwHC9T8YNu3EvXLPfX,BR,Person,1988,,2024-01-18,2024-01-18,musicbrainz,2024.0,909.0,-59
394,Opa cadê eu,Clayton & Romário,2,True,161102006,57337,649,0.0356,,0.94,True,3198382131.0,Opa Cadê Eu (Ao Vivo),Clayton & Romário,BCYWS2400003,2025-02-06,154.0,False,-7.4,,753985.0,album,9.0,WM Brazil,Brazilian Music,Brazilian Music,,,,,,,,,,,,,,Group,,,2025-02-06,2025-02-06,deezer,2025.0,524.0,-255
395,blackout 🧊,Emilia,1,False,160146891,130167,508,0.0813,,1.0,True,3288087861.0,blackout ?,Emilia,USSD12500117,2025-03-25,180.0,True,-7.1,,583053.0,single,1.0,Sony Music Latin,Latin Music,Latin Music,0.778,0.787,0.957,0.245,0.000106,0.111,0.0478,137.994,-2.447,9.0,0.0,2efbgTtEGNpsUZaOfgRTR6,SE,Person,1978,pop,2025-03-25,2025-03-25,deezer,2025.0,477.0,-113
396,Dalangin,Earl Agustin,1,False,160122790,162917,449,0.1017,,1.0,True,2152565237.0,Dalangin,Earl Agustin,PHV022310119,2023-02-24,252.0,False,-10.6,,150428.0,single,1.0,Vicor Music,Pop,Pop,0.445,0.562,0.538,0.0414,0.0,0.217,0.0314,147.887,-8.336,9.0,1.0,2cIxxsxXNvOXNFVvDJpF3x,PH,Person,,,2023-02-24,2023-02-24,deezer,2023.0,1237.0,-53
397,3,Neton Vega,1,False,159843465,248669,335,0.1556,,1.0,True,3214287511.0,3,Neton Vega,US3DF2514821,2025-02-14,174.0,False,-9.3,,403929.0,album,21.0,Josa Records,Latin Music,Latin Music,0.665,0.763,0.695,0.181,0.056,0.168,0.0418,124.067,-7.375,10.0,0.0,44tGQHHdm4JhCbMugPr2Vd,MX,Person,2003,regional mexicano|corrido tumbado,2025-02-14,2025-02-14,deezer,2025.0,516.0,62
398,PARISIENNE,GIMS,1,False,159809365,244165,338,0.1528,,1.0,True,3484365861.0,PARISIENNE,GIMS,FR8FB2513800,2025-08-01,158.0,False,-9.0,,998975.0,single,1.0,Play Two,Rap/Hip Hop,Rap/Hip Hop,0.807,0.566,0.795,0.146,3.28e-05,0.203,0.171,122.954,-8.367,6.0,1.0,3igbfkHq3s5wGMvC8iAscj,FR,Person,1986,pop rap|french hip hop|pop|hardcore hip hop|sapés comme jamais,2025-02-20,2025-02-20,musicbrainz,2025.0,510.0,60
399,Emergence,Sleep Token,1,False,159362554,173377,436,0.1088,,1.0,True,3271607031.0,Emergence,Sleep Token,USRC12500014,2025-03-13,386.0,False,-9.4,,638308.0,single,1.0,Sleep Token/RCA Records,Alternative,Alternative|Rock|Metal,0.517,0.584,0.162,0.0225,7.57e-05,0.0826,0.035,126.106,-6.729,4.0,0.0,5NRpxJxtR6JkUhQS4F0um6,GB,Group,2016,progressive metal|alternative metal|alternative pop|djent|progressive rock,2025-03-13,2025-03-13,deezer,2025.0,489.0,-37
400,Goodbye,Sabrina Carpenter,1,False,159325384,332701,246,0.2088,,1.0,True,3529873591.0,Goodbye,Sabrina Carpenter,USUM72504450,2025-08-29,225.0,True,-8.5,,612740.0,album,12.0,Island Records,Pop,Pop,0.567,0.616,0.523,0.185,0.0,0.101,0.0483,120.121,-5.871,9.0,1.0,4tVVmShMF2PYdLqcejrsy2,US,Person,1999,pop|electropop|dance-pop|2020s|american,2025-08-29,2025-08-29,deezer,2025.0,320.0,154
401,Stecu Stecu,Faris Adam,1,False,159154742,107164,554,0.0673,,1.0,True,3449631021.0,Stecu Stecu,FARIS ADAM,IDB832501871,2025-07-10,223.0,False,-8.7,,167114.0,single,1.0,Alfatih Record,Pop,Pop,0.832,0.825,0.915,0.119,0.0,0.133,0.0601,103.011,-4.951,8.0,1.0,2ECbN3xQ7M6B7AI9BhhCy7,,,,,,2025-07-10,deezer,2025.0,370.0,-153
402,Ave Cautiva,Conjunto Primavera,1,False,159025726,94147,579,0.0592,,1.0,True,4839013.0,Ave Cautiva,Conjunto Primavera,USA560998712,2009-07-01,210.0,False,-13.8,157.2,21041.0,compile,120.0,Silverphonic Records,Latin Music,Latin Music,0.618,0.383,0.633,0.311,0.877,0.285,0.024,78.505,-10.195,0.0,1.0,19lv65Jaa9ZPgmGM7zzwJx,MX,Group,1978,norteño|regional mexicano|norteño-sax,2003-08-19,2003-08-19,musicbrainz,2003.0,8366.0,-177
403,Borderline,Ely Oaks,1,False,158601915,271484,303,0.1712,,1.0,True,3720727272.0,Borderline,Ely Oaks,DE1N22500024,2025-04-25,118.0,False,-7.9,,682632.0,single,1.0,JINX Music,Dance,Dance,0.567,0.876,0.333,0.00109,0.0949,0.406,0.049,154.039,-5.558,9.0,1.0,5LrWZ8K4SPr1Qe0ZBqJGTq,AT,Person,,edm,2025-04-22,2025-04-22,musicbrainz,2025.0,449.0,100
404,Small Town,John Mellencamp,1,False,158257161,61425,641,0.0388,,1.0,True,80000918.0,Small Town,John Mellencamp,USJM18500005,2008-07-17,222.0,False,-8.1,,409370.0,album,13.0,John Mellencamp 2023 (Island),Rock,Rock,0.659,0.919,0.631,0.155,0.0054,0.312,0.0333,123.135,-2.658,11.0,1.0,56JG2tE2m09KQxH2ohvO5q,US,Person,1951,rock|heartland rock|roots rock|folk rock|pop,1992,1992-01-01,musicbrainz,1992.0,12614.0,-237
405,Relapse,Warren Zeiders,1,False,158030382,118615,534,0.0751,,1.0,True,2816140502.0,Relapse,Warren Zeiders,USWB12402402,2024-06-07,158.0,False,-6.2,,427073.0,single,3.0,Warner Records,Country,Country,0.566,0.752,0.395,0.000212,0.0,0.0753,0.0335,140.953,-4.102,1.0,1.0,4sPikGP8zrOIHs5qjltAkG,US,Person,,,2024-08-01,2024-06-07,deezer,2024.0,768.0,-129
406,Sueña,Intocable,1,False,157645529,112442,545,0.0713,,1.0,True,5533143.0,Sueña,Intocable,USEL10200062,2010-04-09,256.0,False,-10.5,172.3,492102.0,album,16.0,Capitol Latin,Latin Music,Latin Music,0.378,0.666,0.398,0.298,0.0,0.0966,0.0944,173.427,-6.568,2.0,1.0,7EjNvqolyU8YKutApPPwXe,US,Group,,alternative country|latin|norteño|tejano|regional mexicano,2002-04-09,2002-04-09,musicbrainz,2002.0,8863.0,-139
407,I love you,Dadju,1,False,157618168,79809,606,0.0506,,1.0,True,2570360062.0,I love you,Dadju,FR8FB2328300,2023-12-08,237.0,False,-9.8,,907669.0,single,1.0,Play Two,Pop,Pop|R&B,0.447,0.61,0.718,0.316,0.000175,0.0984,0.188,138.266,-6.161,1.0,0.0,6jDe94y1dbLDU53Q1NPxLH,FR,Person,1991,pop rap|r&b|contemporary r&b,2023-12-08,2023-12-08,deezer,2023.0,950.0,-199
408,Me Ama Ou Me Larga,Simone Mendes,1,False,157433687,83804,598,0.0532,,0.94,True,3200844201.0,Me Ama Ou Me Larga (Ao Vivo),Simone Mendes,BRUM72402693,2025-01-31,149.0,False,-7.7,,786629.0,single,1.0,Universal Music Ltda.,Brazilian Music,Brazilian Music,0.622,0.86,0.611,0.393,1.05e-06,0.375,0.0415,118.057,-4.107,1.0,0.0,1gftPqMrQEkdJh2WbVRA1f,BR,Person,1984,,,2025-01-31,deezer,2025.0,530.0,-190
409,3 AM,Jimmy Guzman,1,False,157279424,292150,286,0.1858,,1.0,True,3483153891.0,3 AM,Jimmy Guzman,QMDA72517956,2025-07-31,196.0,True,-12.6,,453906.0,single,1.0,Lumbre Music,,,0.763,0.456,0.643,0.48,0.000195,0.128,0.285,173.853,-9.811,8.0,1.0,4B3cGux5Dy2VRYUbsqDj4M,,,,,,2025-07-31,deezer,2025.0,349.0,123
410,Should Have Known Better,Sufjan Stevens,1,False,157203488,36577,695,0.0233,,1.0,True,96861532.0,Should Have Known Better,Sufjan Stevens,US64G1509902,2015-03-31,308.0,False,-17.0,90.9,687204.0,album,11.0,Asthmatic Kitty,Alternative,Alternative,0.493,0.171,0.296,0.98,0.263,0.126,0.0317,90.928,-20.696,7.0,1.0,3AyuigFWbuirWHvidbMz8O,US,Person,1975,indie folk|chamber pop|art pop|singer-songwriter|indietronica,2015-03-12,2015-03-12,musicbrainz,2015.0,4143.0,-285
411,Vaitimbora,Trinix,1,False,156877461,368838,219,0.2351,,0.829,False,,,,,,,,,,,,,,,,,,,,,,,,,,,,FR,Group,2012,electronic,2025-05-02,2025-05-02,musicbrainz,2025.0,439.0,192
412,Diário de um Cafajeste,DJ Oreia,1,False,156438334,908689,59,0.5809,,1.0,True,3640608352.0,Diário de um Cafajeste,DJ Oreia,BCGWP2500085,2025-11-06,357.0,False,-9.7,,919707.0,single,1.0,GRINGOS WORLD PRODUTORA,Brazilian Music,Brazilian Music|Soul & Funk,,,,,,,,,,,,,BR,Person,,,,2025-11-06,deezer,2025.0,251.0,353
413,Si Te Vuelves A Enamorar,Bronco,1,False,156157308,84030,596,0.0538,,1.0,True,782894262.0,Si Te Vuelves a Enamorar,Bronco,MX1721901101,2019-11-01,197.0,False,-8.5,,140040.0,single,2.0,OCESA Seitrack,,,0.786,0.774,0.85,0.146,3.98e-06,0.0814,0.0295,119.004,-5.104,2.0,1.0,1K8JzetC0y8JAiW3ynrkMt,MX,Group,1979,,1990,1990-01-01,musicbrainz,1990.0,13344.0,-183
414,1-800,bbno$,1,False,155583143,265600,309,0.1707,,1.0,True,3412086261.0,1-800,bbno$,CA5KR2538047,2025-06-27,210.0,True,-6.5,,700892.0,single,1.0,bbno$$,Dance,Dance|Pop,0.66,0.959,0.883,0.0228,0.00503,0.0794,0.0485,131.975,-3.602,8.0,0.0,3mPAhyYswPqr9dCTAdCqyV,CA,Person,1995,hip hop|pop rap|trap|electronic|alternative hip hop,2025-06-27,2025-06-27,deezer,2025.0,383.0,105
415,Oorum Blood,Sai Abhyankkar,1,False,155378296,298854,279,0.1923,,0.94,True,3529736781.0,"Oorum Blood (From ""Dude"")",Sai Abhyankkar,INT202506147,2025-08-28,240.0,False,-12.2,,300898.0,single,1.0,Think Music,Asian Music,Asian Music,0.698,0.631,0.515,0.356,0.0,0.16,0.0522,129.987,-8.706,10.0,0.0,6EzB9lIW27iSTd0c2V4t3K,IN,Person,2004,,2025-10-17,2025-08-28,deezer,2025.0,321.0,136
416,Purple lace bra,Tate McRae,1,False,154825157,123456,521,0.0797,,1.0,True,3240044391.0,Purple lace bra,Tate McRae,USRC12403552,2025-02-21,191.0,False,-6.6,,637212.0,album,15.0,RCA Records Label,Pop,Pop,0.501,0.763,0.393,0.357,8.71e-06,0.191,0.0315,144.973,-3.448,5.0,0.0,2AO3eTcub4Gh8epdyYoZEv,CA,Person,2003,pop|dance-pop|2020s|female vocals|pop rock,2025-02-21,2025-02-21,deezer,2025.0,509.0,-105
417,Me Ha Costado,Neton Vega,1,False,154796345,151437,469,0.0978,,1.0,True,3214287541.0,Me Ha Costado,Neton Vega,US3DF2514824,2025-02-14,216.0,False,-8.8,,418190.0,album,21.0,Josa Records,Latin Music,Latin Music,0.792,0.779,0.756,0.31,5.8e-06,0.515,0.223,89.943,-3.248,2.0,1.0,1V14rt4SEpMU1wCdmGz6eB,MX,Person,2003,regional mexicano|corrido tumbado,2025-02-14,2025-02-14,deezer,2025.0,516.0,-52
418,PONTE LOKITA,Katteyes,1,False,154782258,101617,563,0.0657,,1.0,True,3221491501.0,PONTE LOKITA,Katteyes,QM4TX2509249,2025-02-14,183.0,True,-7.6,,464557.0,single,1.0,Jak Entertainment LLC,Latin Music,Latin Music,0.771,0.725,0.791,0.274,3.38e-05,0.0745,0.0592,98.019,-3.574,7.0,0.0,0Lahr7sUDdtYnX3n3KobR6,CL,Person,2004,,2025-02-14,2025-02-14,deezer,2025.0,516.0,-145
419,Humsafar,Sachet-Parampara,1,False,154538003,363196,223,0.235,,1.0,True,3442813111.0,Humsafar,Sachet-Parampara,INY092500017,2025-07-04,322.0,False,-9.7,,186874.0,album,7.0,YRF Music,Asian Music,Asian Music,0.368,0.774,0.534,0.445,0.0,0.241,0.0874,160.044,-5.628,9.0,0.0,0OLTYqD8FpjkLsxJmdWmgi,IN,Group,2015,filmi,2025-09-10,2025-07-04,deezer,2025.0,376.0,196
420,MUTT,Leon Thomas,1,False,154316877,167588,439,0.1086,,1.0,True,2929833161.0,MUTT,Leon Thomas,USUM72409025,2024-08-09,193.0,True,-10.0,,694495.0,single,1.0,EZMNY Records/Motown Records,R&B,R&B,0.641,0.451,0.601,0.195,6.92e-06,0.0684,0.123,179.976,-8.102,1.0,1.0,1ZWCDMKlV6FxgBesm4Iw09,US,Person,1937,jazz|vocal jazz|free jazz,2024-08-09,2024-08-09,deezer,2024.0,705.0,-19
421,Te Amo y Me Amas,Ian Cordova,1,False,153433364,424410,192,0.2766,,1.0,True,3521686331.0,Te Amo y Me Amas,Ian Cordova,QMDA72577276,2025-08-28,211.0,False,-9.0,,470451.0,ep,4.0,Lucky Music Group,Latin Music,Latin Music,,,,,,,,,,,,,,,,,,2025-08-28,deezer,2025.0,321.0,229
422,Carol Of The Bells,Lindsey Stirling,1,False,153172830,52527,664,0.0343,,1.0,True,568148612.0,Carol Of The Bells,Lindsey Stirling,USC4R1706214,2018-10-19,166.0,False,-9.0,168.06,745631.0,album,18.0,Concord Records,,,0.227,0.66,0.27,0.0274,0.000538,0.0787,0.0759,167.956,-5.993,4.0,0.0,0byPyCPX9mfGMiAGVZxasq,US,Person,1986,classical crossover|violin|dubstep|classical|american,2017-10-10,2017-10-10,musicbrainz,2017.0,3200.0,-242
423,CHAMPAGNE,Tito Double P,1,False,153064394,268973,306,0.1757,,1.0,True,3365547941.0,CHAMPAGNE,Tito Double P,QM6P42595475,2025-05-15,195.0,True,-8.1,,451475.0,single,1.0,Double P Records,,,,,,,,,,,,,,,MX,Person,1997,latin|regional mexicano|corrido,,2025-05-15,deezer,2025.0,426.0,117
424,Parte & Choke,Jombriel,1,False,152819079,111185,547,0.0728,,1.0,True,3151318851.0,Parte & Choke,Jombriel,QZW9K2470856,2024-11-05,205.0,False,-8.2,,494104.0,single,1.0,WEA Latina,Rap/Hip Hop,Rap/Hip Hop|Latin Music,0.728,0.654,0.884,0.00581,0.0,0.131,0.365,117.337,-3.976,5.0,0.0,0STW8nw4lNN4TEQ8KmNer6,EC,Person,,,2025-01-23,2024-11-05,deezer,2024.0,617.0,-123
425,Cracklin' Rosie,Neil Diamond,1,False,152747541,55000,656,0.036,,1.0,True,529949701.0,Cracklin' Rosie,Neil Diamond,USMC17046641,2018-07-18,178.0,False,-11.1,127.21,504771.0,album,23.0,Neil Diamond,Pop,Pop,0.597,0.669,0.839,0.24,0.0,0.0957,0.0331,127.308,-7.993,1.0,1.0,4eSbbfLKdnG4pMBZZi2SV9,US,Person,1941,singer-songwriter|pop|soft rock|pop rock|rock,1970-09-04,1970-09-04,musicbrainz,1970.0,20403.0,-231
426,Come Play (from the series Arcane League of Legends),Stray Kids,1,False,152576814,81314,603,0.0533,,1.0,True,3288874521.0,Come Play (from the series Arcane League of Legends),Stray Kids,USA2P2459606,2025-04-04,161.0,False,-7.2,,685525.0,single,2.0,Riot Games,Electro,Electro,0.565,0.867,0.424,0.00304,0.0,0.257,0.0964,95.004,-5.465,7.0,1.0,37ozVDmL5b6NNVWFYgAlkz,KR,Group,2017,k-pop|boy group|boy band|electropop|pop rap,2024-10-16,2024-10-16,musicbrainz,2024.0,637.0,-177
427,Ay Mamita,Alan Arrieta,1,False,152504045,171866,438,0.1127,,1.0,True,3375160521.0,Ay Mamita,Alan Arrieta,USLD91777227,2025-05-22,164.0,False,-7.4,,504715.0,single,1.0,Alan Arrieta/Del Norte Music,Latin Music,Latin Music,,,,,,,,,,,,,,,,,,2025-05-22,deezer,2025.0,419.0,-11
428,Amo Minha Favela,DJ Japa NK,1,False,152194819,518605,142,0.3408,,1.0,True,3871188191.0,Amo Minha Favela,DJ Japa NK,BKUNW2500036,2025-12-11,119.0,False,-9.5,,782565.0,single,1.0,BOLOLO REC,Soul & Funk,Soul & Funk,0.925,0.572,0.788,0.37,0.0,0.129,0.19,129.964,-5.355,6.0,0.0,4S1SaaCxQ87nXpA2EfYFj4,,Person,,,,2025-12-11,deezer,2025.0,216.0,286
429,DROGA,Mora,1,False,150850352,220135,371,0.1459,,1.0,True,3345133651.0,DROGA,Mora,QM6P42540021,2025-05-18,222.0,True,-8.1,,653233.0,album,17.0,Rimas Entertainment LLC.,Latin Music,Latin Music,,,,,,,,,,,,,SE,Group,1971,pop rock|children's music,2025-05-18,2025-05-18,deezer,2025.0,423.0,58
430,One Thing,Lola Young,1,False,150829815,142082,486,0.0942,,1.0,True,3359134191.0,One Thing,Lola Young,GBUM72502092,2025-05-16,208.0,True,-9.0,,671376.0,single,1.0,Universal-Island Records Ltd.,Pop,Pop,0.75,0.665,0.888,0.0856,0.0305,0.144,0.0439,97.999,-6.571,5.0,0.0,4x4pzInO5rUivQWMkWY56l,GB,Person,2001,pop|neo soul|alternative pop|pop rock|r&b,2025-05-16,2025-05-16,deezer,2025.0,425.0,-56
431,Are You Even Real,Teddy Swims,1,False,150705108,119153,533,0.0791,,1.0,True,3167895991.0,Are You Even Real,Teddy Swims,USWB12404265,2025-01-24,147.0,False,-9.4,,652584.0,album,13.0,Warner Records,Pop,Pop,,,,,,,,,,,,,US,Person,1992,soul|pop|pop soul|rock|alternative rock,2025-01-10,2025-01-10,musicbrainz,2025.0,551.0,-102
432,Papaoutai,mikeeysmind,1,False,150227682,565533,123,0.3765,,0.94,True,3837950551.0,Papaoutai (Afro Soul),mikeeysmind,QT6G42596182,2026-02-11,279.0,False,-14.9,,840461.0,single,1.0,Unjaps AB,Pop,Pop,0.559,0.47,0.492,0.506,0.00415,0.108,0.0596,101.741,-12.466,8.0,0.0,2f3XI8zo1JAnN1BRNAJlmP,SE,Person,2000,eletronic,2025-12-20,2025-12-20,musicbrainz,2025.0,207.0,309
433,Seu Astral,Jorge & Mateus,2,True,149828338,152219,465,0.1016,,0.94,True,72926478.0,Seu Astral (Ao Vivo),Jorge & Mateus,BRUXD1300003,2013-11-25,195.0,False,-7.2,,652933.0,album,20.0,Som Livre,Brazilian Music,Brazilian Music,0.579,0.861,0.684,0.309,0.0,0.881,0.0391,137.947,-4.197,11.0,0.0,2TE9rkhJYDctxgzak0AnSb,BR,Group,2005,country|sertanejo|sertanejo universitário,2010,2010-01-01,musicbrainz,2010.0,6039.0,-32
434,Never Walk Alone,BLOND:ISH,1,False,149516556,253686,326,0.1697,,1.0,True,2871918512.0,Never Walk Alone,BLOND:ISH,NL8RL2429546,2024-08-02,188.0,False,-10.1,,628138.0,single,1.0,Insomniac Records,Dance,Dance|Pop,0.853,0.594,0.83,0.052,0.134,0.0469,0.0371,129.995,-6.823,6.0,0.0,4HB7ECLzrbgapiZyLlFbxz,XE,Group,2008,house|deep house|dance,2024-08-02,2024-08-02,deezer,2024.0,712.0,108
435,SONBAHAR,Era7capone,1,False,149066437,103021,561,0.0691,,1.0,True,3386414441.0,SONBAHAR,Era7capone,QM7282586311,2025-05-30,150.0,False,-8.8,,438908.0,single,1.0,ZUNA,Rap/Hip Hop,Rap/Hip Hop|R&B,,,,,,,,,,,,,TR,Person,,,,2025-05-30,deezer,2025.0,411.0,-126
436,"Megham Karukatha (From ""Thiruchitrambalam"")",Anirudh Ravichander,1,False,148984390,26218,712,0.0176,,0.723,False,,,,,,,,,,,,,,,,,,,,,,,,,,,,IN,Person,1990,filmi|composer|film composer,,,,,,-276
437,MONTAGEM TOMADA,MXZI,1,False,148708414,89711,587,0.0603,,1.0,True,3720727222.0,MONTAGEM TOMADA,MXZI,GXD7G2555879,2025-03-21,71.0,False,-4.8,,595633.0,ep,4.0,Enarma Records,Dance,Dance,0.649,0.909,0.329,0.000591,0.873,0.156,0.045,129.974,-2.523,8.0,1.0,1WusF1nfwF70ojSCSFhmLW,GB,Person,,,2025-03-21,2025-03-21,deezer,2025.0,481.0,-150
438,"Thenmozhi (From ""Thiruchitrambalam"")",Anirudh Ravichander,1,False,148703339,17814,723,0.012,,0.773,False,,,,,,,,,,,,,,,,,,,,,,,,,,,,IN,Person,1990,filmi|composer|film composer,,,,,,-285
439,Aku Dah Lupa,MikkyZia,1,False,148518417,82940,599,0.0558,,1.0,True,3294641081.0,Aku Dah Lupa,MikkyZia,FR2X42568986,2025-03-27,182.0,False,-12.1,,177742.0,single,1.0,Sony Music Entertainment,Pop,Pop,0.684,0.57,0.358,0.123,0.0217,0.0673,0.153,205.943,-10.095,6.0,0.0,3wHU5wfyf0uw6TpiE98Jxn,,,,,,2025-03-27,deezer,2025.0,475.0,-160
440,The Only Thing,Sufjan Stevens,1,False,147626617,18525,722,0.0125,,1.0,True,96861542.0,The Only Thing,Sufjan Stevens,US64G1509907,2015-03-31,284.0,False,-17.8,159.0,507360.0,album,11.0,Asthmatic Kitty,Alternative,Alternative,0.51,0.146,0.498,0.987,0.0688,0.107,0.0389,159.034,-19.585,3.0,1.0,17UVxL0MYEmKzXppfUL5in,US,Person,1975,indie folk|chamber pop|art pop|singer-songwriter|indietronica,2015-03-31,2015-03-31,deezer,2015.0,4124.0,-282
441,tu con el,Peso Pluma,1,False,147596912,746693,80,0.5059,,1.0,True,3729422392.0,tu con el,Peso Pluma,QMFMG2587019,2025-12-25,165.0,True,-7.9,,594072.0,album,15.0,Double P Records,,,0.72,0.794,0.683,0.604,0.0,0.126,0.128,103.074,-4.978,4.0,0.0,3a1adRvecuvtoHzuj0pFaV,MX,Person,1999,regional mexicano|corrido tumbado,2026-02-26,2025-12-25,deezer,2025.0,202.0,361
442,Enamorado De Un Fantasma,Liberación,1,False,147485808,92524,581,0.0627,,1.0,True,1303346282.0,Enamorado De Un Fantasma,Liberación,MXUM72101130,2021-04-09,267.0,False,-6.8,,58459.0,single,1.0,Universal Music Mexico,Latin Music,Latin Music,0.66,0.72,0.669,0.121,0.0,0.138,0.0258,97.022,-2.065,2.0,1.0,6D22SHV12hh3NG8qh5cfOL,MX,Group,,aleluya,1995-11-29,1995-11-29,musicbrainz,1995.0,11186.0,-139
443,Edge of Desire,Jonas Blue,1,False,147362427,736863,83,0.5,,1.0,True,3410703621.0,Edge of Desire,Jonas Blue,GBCPZ2524512,2025-07-18,134.0,False,-9.1,,868129.0,single,2.0,Defected Records,Electro,Electro|Techno/House|Dance,0.779,0.787,0.818,0.139,0.827,0.0904,0.0459,123.019,-6.636,0.0,1.0,3hRyyC0GkQULygQwpdbuOx,GB,Person,1989,house|tropical house|electronic|dance|electronica,2025-07-18,2025-07-18,deezer,2025.0,362.0,360
444,End of the World,Miley Cyrus,1,False,147209307,122230,525,0.083,,1.0,True,3304567421.0,End of the World,Miley Cyrus,USSM12501019,2025-04-04,250.0,False,-6.0,,763680.0,single,1.0,Columbia,Pop,Pop,0.586,0.823,0.485,0.0268,0.0,0.477,0.0322,121.492,-3.46,1.0,1.0,0hJx21PieFkFrT1F5uJvfz,,,,party in the usa,2025-04-04,2025-04-04,deezer,2025.0,467.0,-81
445,How Bad Do U Want Me,Lady Gaga,1,False,147204216,122872,523,0.0835,,1.0,True,3262333931.0,How Bad Do U Want Me,Lady Gaga,USUM72412588,2025-03-07,239.0,True,-6.9,,642659.0,album,14.0,Interscope Records,Pop,Pop,0.513,0.733,0.429,0.00246,0.0,0.0707,0.0605,188.07,-4.356,8.0,1.0,6AWldBTJJWOv0VbrNZXFEw,US,Person,1986,pop|dance-pop|electropop|pop rock|synth-pop,2025-03-07,2025-03-07,deezer,2025.0,495.0,-78
446,ni pedo,Peso Pluma,1,False,146987348,537504,137,0.3657,,1.0,True,3729422282.0,ni pedo,Peso Pluma,QMFMG2586998,2025-12-25,187.0,True,-7.0,,568366.0,album,15.0,Double P Records,,,0.77,0.768,0.739,0.503,1.11e-05,0.211,0.033,104.994,-4.607,1.0,0.0,5Wf6fC4fO4SikmnjEvA1P7,MX,Person,1999,regional mexicano|corrido tumbado,2025-12-26,2025-12-25,deezer,2025.0,202.0,309
447,The Sick,Bella Kay,1,False,146537679,395516,202,0.2699,,1.0,True,3484880961.0,The Sick,Bella Kay,USAT22505801,2025-08-04,195.0,True,-12.1,,662526.0,single,1.0,Atlantic Records,Alternative,Alternative|Indie Pop,0.476,0.279,0.189,0.466,5.77e-05,0.283,0.0322,121.381,-12.728,5.0,0.0,1Qj9sKtIhVDTY2G5JmflK8,US,Person,,indie pop,2025-08-04,2025-08-04,deezer,2025.0,345.0,245
448,PICA PICA,Juan Reza,1,False,146503274,84052,595,0.0574,,1.0,True,3281633361.0,PICA PICA,Juan Reza,IDA832403740,2025-03-17,204.0,False,-11.4,,221192.0,single,1.0,JRZ Record,Alternative,Alternative|Rap/Hip Hop,0.864,0.921,0.969,0.0487,0.0,0.193,0.0311,105.004,-7.17,9.0,1.0,7lulQZKlbZzBKsK4rfP8h5,,,,,,2025-03-17,deezer,2025.0,485.0,-147
449,Killin' It Girl (Solo Version),j-hope,1,False,145587621,321662,254,0.2209,,1.0,True,3409046461.0,Killin' It Girl (Solo Version),j-hope,USA2P2518921,2025-06-13,138.0,False,-7.7,,694619.0,single,2.0,BIGHIT MUSIC,Asian Music,Asian Music,,,,,,,,,,,,,KR,Person,1994,pop|hip hop|dance-pop|k-pop|r&b,2025-06-13,2025-06-13,deezer,2025.0,397.0,195
450,Endless Love,Luther Vandross,1,False,145540852,48274,673,0.0332,,1.0,True,545122.0,Endless Love (with Mariah Carey),Luther Vandross,USSM19400684,1997-09-17,258.0,False,-10.4,,345584.0,album,15.0,LV Records/Epic,R&B,R&B,0.421,0.459,0.274,0.722,1.06e-06,0.114,0.0261,96.127,-8.41,10.0,1.0,72G5KDi35qUGjc8SmvIQFm,US,Person,1951,soul|r&b|quiet storm|queer|pop,1994-09-15,1994-09-15,musicbrainz,1994.0,11626.0,-223
451,Cukup,Ziva Magnolya,1,False,145517942,112881,543,0.0776,,1.0,True,2444067605.0,Cukup,Ziva Magnolya,IDUM72300150,2023-09-14,220.0,False,-8.6,,94076.0,single,1.0,PT. Universal Music Indonesia,Pop,Pop,0.546,0.379,0.182,0.867,1.07e-05,0.0693,0.0313,121.797,-6.535,6.0,1.0,5zSJzkLYPRtqJvnnPuEc8V,,Person,2001,pop,,2023-09-14,deezer,2023.0,1035.0,-92
452,Asquerosamente Rico,Oscar Maydon,1,False,145047488,175108,435,0.1207,,1.0,True,3392792901.0,Asquerosamente Rico,Óscar Maydon,QZ9QQ2500290,2025-06-06,195.0,True,-8.3,,474277.0,album,12.0,Rancho Humilde/Sony Music Latin,,,,,,,,,,,,,,,MX,Person,1999,,2025-06-06,2025-06-06,deezer,2025.0,404.0,17
453,Thought It Was Love,Ty Myers,1,False,144963729,248984,334,0.1718,,1.0,True,3191618601.0,Thought It Was Love,Ty Myers,USQX92406153,2025-01-24,246.0,False,-9.3,,444588.0,album,16.0,RECORDS Nashville / Columbia / Outlier Recordings,Country,Country,0.543,0.484,0.308,0.148,1.97e-06,0.112,0.0258,131.89,-7.131,4.0,1.0,6Vr1jAqOKBXBepPF6Mb69m,US,Person,2007,country|americana,2025-01-24,2025-01-24,deezer,2025.0,537.0,119
454,Don't Lie,Black Eyed Peas,1,False,144946655,71578,617,0.0494,,0.96,True,7375559.0,Don't Lie,The Black Eyed Peas,USIR10500766,2014-07-23,219.0,False,-8.0,179.8,711847.0,album,16.0,Interscope,Rap/Hip Hop,Rap/Hip Hop,0.63,0.777,0.613,0.17,0.0,0.0597,0.196,89.81,-5.252,9.0,1.0,46tfXvcHlLtjFC2RvJTLA7,US,Group,1995,hip hop|pop rap|pop|dance-pop|west coast hip hop,2005,2005-01-01,musicbrainz,2005.0,7865.0,-163
455,ayy weyy,Fuerza Regida,1,False,144736276,233695,350,0.1615,,1.0,True,3345439141.0,ayy weyy,Fuerza Regida,QZ9QQ2500152,2025-05-02,148.0,True,-8.4,,451539.0,album,12.0,Rancho Humilde/Street Mob Records/Sony Music Latin,,,0.738,0.872,0.78,0.652,4.97e-05,0.114,0.0638,123.892,-6.595,11.0,0.0,7obbjnrA9Z81q3F592aabg,MX,Group,2015,regional mexicano,2025-05-02,2025-05-02,deezer,2025.0,439.0,105
456,bad feeling (oompa loompa),Jagwar Twin,1,False,144638864,64537,633,0.0446,,1.0,True,2851404182.0,Bad Feeling (Oompa Loompa),Jagwar Twin,QZ22S2300261,2023-12-15,133.0,True,-7.4,,629253.0,single,3.0,Big Loud,Alternative,Alternative,0.702,0.808,0.91,0.0849,0.0,0.081,0.122,189.816,-3.905,11.0,0.0,1qAFyf50bDGt1PNyVBBgC4,US,Person,1988,,2023-12-15,2023-12-15,deezer,2023.0,943.0,-177
457,Gula,Neton Vega,1,False,144424881,265449,311,0.1838,,1.0,True,3214287591.0,Gula,Neton Vega,US3DF2514829,2025-02-14,184.0,False,-8.3,,477360.0,album,21.0,Josa Records,Latin Music,Latin Music,0.767,0.808,0.555,0.375,0.00814,0.115,0.0359,123.023,-6.869,2.0,0.0,4k1oaXf7i7KGHYniA8n4ul,MX,Person,2003,regional mexicano|corrido tumbado,2025-02-14,2025-02-14,deezer,2025.0,516.0,146
458,Jacobo Grinberg,Victor Mendivil,1,False,144345919,196976,403,0.1365,,1.0,True,3294789921.0,Jacobo Grinberg,Victor Mendivil,US3DF2536528,2025-04-08,281.0,False,-8.5,,482483.0,single,1.0,Rico o Muerto by Baja Sound LLC,Latin Music,Latin Music,0.905,0.675,0.823,0.138,0.000157,0.0531,0.373,92.066,-5.676,1.0,1.0,3Iy1j4bzpaFhAb4Jh63R7q,,,,,2025-05-24,2025-04-08,deezer,2025.0,463.0,55
459,PLAK,Victor Mendivil,1,False,144154354,200266,399,0.1389,,1.0,True,3456139001.0,PLAK,Victor Mendivil,US3DF2586858,2025-07-24,170.0,True,-7.7,,391191.0,album,18.0,Rico o Muerto by Baja Sound LLC,Latin Music,Latin Music,0.915,0.92,0.772,0.00665,0.000105,0.049,0.163,140.027,-4.412,9.0,1.0,1lqSiPVISxVO0MC3b4l9ce,,,,,2025-05-24,2025-05-24,musicbrainz,2025.0,417.0,60
460,Balorda nostalgia,Olly,1,False,144122816,92156,582,0.0639,,1.0,True,3229863571.0,Balorda nostalgia,Olly,ITB002500028,2025-02-12,197.0,False,-8.6,,538506.0,single,1.0,Epic,Pop,Pop,0.541,0.562,0.156,0.0963,0.0,0.119,0.0496,109.902,-7.457,1.0,1.0,5pNm9cYzWaAtoihxILG3cw,GB,Person,1984,pop|electro|dance-pop|europop,2025-02-11,2025-02-11,musicbrainz,2025.0,519.0,-122
461,RUINART,R2,1,False,143875729,249715,332,0.1736,,1.0,True,3401257811.0,RUINART,R2,FR9W12530574,2025-06-13,174.0,True,-9.5,,992151.0,single,1.0,360 OTG /LABEL BLUE SKY,Rap/Hip Hop,Rap/Hip Hop,0.776,0.567,0.915,0.588,0.00806,0.105,0.054,91.47,-7.146,10.0,0.0,4ffqxU54Ll4YRz5NVBe77w,,,,hip hop,2025-06-13,2025-06-13,deezer,2025.0,397.0,129
462,Seni Düşündüm,Çağla,1,False,143856943,253074,328,0.1759,,1.0,True,3457584501.0,Seni Düşündüm,Çağla,FRX762524077,2025-07-25,196.0,False,-7.1,,509592.0,single,1.0,Eva Records,Pop,Pop,,,,,,,,,,,,,,Person,,,,2025-07-25,deezer,2025.0,355.0,134
463,Tweaker,GELO,1,False,143570674,55700,655,0.0388,,1.0,True,3181689671.0,Tweaker,GELO,QT3F42457524,2025-01-12,189.0,True,-9.0,,483776.0,single,1.0,LiAngelo Ball (G3) PS/Def Jam,Rap/Hip Hop,Rap/Hip Hop,0.584,0.817,0.814,0.156,0.0,0.0736,0.383,111.242,-6.504,8.0,1.0,7HDq8aEtkBeZq7gfzYjW28,US,Person,,,2025-01-03,2025-01-03,musicbrainz,2025.0,558.0,-192
464,Bongos,Cardi B,1,False,143439312,53016,660,0.037,,1.0,True,2443928265.0,Bongos (feat. Megan Thee Stallion),Cardi B,USAT22309427,2023-09-08,175.0,True,-7.5,,528090.0,single,1.0,Atlantic Records,Rap/Hip Hop,Rap/Hip Hop,0.726,0.747,0.891,0.0935,0.0,0.0312,0.377,121.928,-4.644,4.0,0.0,4sHr2AqOwXKZIEyK6rXJhp,US,Person,1992,hip hop|pop|east coast hip hop|alternative pop|hardcore hip hop,2023-09-08,2023-09-08,deezer,2023.0,1041.0,-196
465,借りてきた猫 (Do the Dance),ILLIT,1,False,143110611,296629,282,0.2073,,0.0,False,,,,,,,,,,,,,,,,,,,,,,,,,,,,KR,Group,2023,k-pop|girl group|5th gen k-pop,2025-09-01,2025-09-01,musicbrainz,2025.0,317.0,183
466,Vibra Perfecta,Julión Álvarez y su Norteño Banda,1,False,143069315,120297,529,0.0841,,1.0,True,3042021591.0,Vibra Perfecta,Julion Alvarez Y Su Norteño Banda,QZ7HP2400109,2024-10-24,183.0,False,-10.2,,520507.0,ep,4.0,"Copar Music, Inc",,,0.723,0.351,0.758,0.65,0.0,0.103,0.029,93.481,-6.352,5.0,1.0,1VvYHOnT8CdfpN0EYTELB2,MX,Group,,,,2024-10-24,deezer,2024.0,629.0,-63
467,Location,Zerb,1,False,143031597,157707,460,0.1103,,1.0,True,3140488501.0,Location,Zerb,NL3M12406570,2025-01-03,148.0,False,-8.6,,702769.0,single,1.0,TH3RD BRAIN; Ty Dolla $ign appears courtesy of Atlantic Recording Corporation; Wiz Khalifa appears courtesy of Taylor Ga,Dance,Dance,0.781,0.773,0.402,0.129,0.0,0.102,0.0525,119.993,-5.812,11.0,0.0,6Ilomcr9iLplsgAvZjHkJP,BR,Person,1997,,2025-01-03,2025-01-03,deezer,2025.0,558.0,7
468,Baptized In Fear,The Weeknd,1,False,142897668,137798,495,0.0964,,1.0,True,3210598431.0,Baptized In Fear,The Weeknd,USUG12501132,2025-01-31,232.0,False,-9.2,,777611.0,album,22.0,XO / Republic Records,R&B,R&B,0.571,0.516,0.456,0.138,0.0,0.435,0.0296,123.666,-7.567,7.0,0.0,5rzI6Jnlhx8DgVgsOLorfW,CA,Person,1990,r&b|dance-pop|contemporary r&b|alternative r&b|synth-pop,2025-01-31,2025-01-31,deezer,2025.0,530.0,-27
469,In And Out Of Love,Armin van Buuren,1,False,142474209,159116,458,0.1117,,1.0,True,6180078.0,In And Out Of Love,Armin van Buuren,NLF710801024,2008-08-04,181.0,False,-9.7,,749170.0,album,5.0,Armada Music Albums,Electro,Electro|Dance,0.526,0.705,0.413,0.067,6.4e-05,0.125,0.0301,134.947,-6.777,5.0,0.0,19BJGLAAmlZq7nMgeeJB6g,NL,Person,1976,trance|progressive trance|uplifting trance|dance|vocal trance,2008,2008-01-01,musicbrainz,2008.0,6770.0,11
470,"Vaarayo Vaarayo (From ""Aadhavan"")",Harris Jayaraj,1,False,142116084,109306,551,0.0769,,1.0,True,3445101461.0,"Vaarayo Vaarayo (From ""Aadhavan"")",Harris Jayaraj,INS171100708,2025-07-05,320.0,False,-11.4,,6532.0,album,17.0,Sony Music Entertainment India Pvt. Ltd.,Indian Music,Indian Music|Films/Games|Film Scores,0.718,0.361,0.446,0.565,0.119,0.151,0.0298,103.0,-9.74,5.0,0.0,1TsJLOMtQukZnkoVyYOU3e,IN,Person,1975,film composer|filmi,2009,2009-01-01,musicbrainz,2009.0,6404.0,-81
471,Veneno,Murilo Huff,1,False,141925727,147330,476,0.1038,,0.94,True,3281449141.0,Veneno (Ao Vivo),Murilo Huff,BKMWS2500013,2025-03-13,178.0,False,-7.2,,744649.0,single,1.0,M Show,Brazilian Music,Brazilian Music,0.476,0.681,0.643,0.672,0.0,0.383,0.103,104.716,-3.926,7.0,1.0,4VkclT6KzIyM3VIru8YTQx,BR,Person,1995,,2025-08-14,2025-03-13,deezer,2025.0,489.0,-5
472,Orula,Victor Mendivil,1,False,141923255,333563,243,0.235,,1.0,True,3569508271.0,Orula,Victor Mendivil,USANG2527536,2025-10-03,185.0,False,-10.9,,430333.0,single,1.0,Rico o Muerto by Baja Sound LLC,Latin Music,Latin Music,0.88,0.495,0.334,0.145,0.000217,0.108,0.467,89.819,-9.379,11.0,0.0,0ejwu6GH5TeXx82YvO6XSN,,,,,,2025-10-03,deezer,2025.0,285.0,229
473,"Mere Rashke Qamar (From ""Baadshaho"")",Tulsi Kumar,1,False,141721256,100064,570,0.0706,,0.75,False,,,,,,,,,,,,,,,,,,,,,,,,,,,,IN,Person,1986,filmi,2017-08-19,2017-08-19,musicbrainz,2017.0,3252.0,-97
474,飞鸟和蝉,Ren Ran,1,False,141221324,61830,640,0.0438,,0.723,False,,,,,,,,,,,,,,,,,,,,,,,,,,,,,,,,,,,,,-166
475,OWA OWA,Lil Tecca,1,False,140934436,123468,520,0.0876,,1.0,True,3403092601.0,OWA OWA,Lil Tecca,USUM72505592,2025-06-13,130.0,True,-7.0,,604555.0,album,17.0,Galactic / Republic Records,Rap/Hip Hop,Rap/Hip Hop,0.712,0.732,0.457,0.023,1.96e-06,0.0973,0.0796,125.997,-7.922,1.0,1.0,5KxcqdmmJKGXwwAl8dD7nP,US,Person,2002,hip hop|east coast hip hop|trap|pop rap,2025-05-30,2025-05-30,musicbrainz,2025.0,411.0,-45
476,Open Hearts,The Weeknd,1,False,140511407,151485,468,0.1078,,1.0,True,3210598441.0,Open Hearts,The Weeknd,USUG12501133,2025-01-31,235.0,False,-7.6,,821986.0,album,22.0,XO / Republic Records,R&B,R&B,0.656,0.753,0.375,0.00353,0.000368,0.199,0.122,123.972,-5.947,7.0,0.0,0sTBOp1hdayTjw6UOyPyi6,CA,Person,1990,r&b|dance-pop|contemporary r&b|alternative r&b|synth-pop,2025-01-31,2025-01-31,deezer,2025.0,530.0,8
477,No Capea,Xavi,1,False,139337421,287602,292,0.2064,,1.0,True,3516036611.0,No Capea,Xavi,USA2P2541994,2025-08-25,194.0,False,-7.7,,578551.0,single,1.0,Interscope Records,,,0.79,0.942,0.751,0.164,0.0,0.14,0.0886,104.003,-3.781,7.0,1.0,3IcaWsnVb6NOsjtcuedsM8,US,Person,,,2025-08-25,2025-08-25,deezer,2025.0,324.0,185
478,Call Me When You Break Up,Selena Gomez,1,False,139229837,81778,601,0.0587,,1.0,True,3239843321.0,Call Me When You Break Up,Selena Gomez,USUG12408958,2025-02-21,127.0,False,-7.7,,680446.0,single,1.0,SMG Music LLC & Friends Keep Secrets under exclusive license to Interscope Records,Pop,Pop,0.791,0.698,0.853,0.373,4.27e-05,0.0535,0.129,148.008,-5.006,0.0,1.0,4yFPKNzjkCS0PpRzhcvy1d,US,Person,1992,pop|dance-pop|electropop|teen pop|rock,2025-02-20,2025-02-20,musicbrainz,2025.0,510.0,-123
479,Meant to Be Yours,Kevin Murphy,1,False,139137314,70676,619,0.0508,,1.0,True,3376090901.0,Meant to Be Yours,Kevin Murphy,US6W61422238,2025-06-06,203.0,False,-11.0,,431067.0,album,27.0,Yellow Sound Label,Films/Games,Films/Games|Film Scores,0.505,0.589,0.585,0.514,0.0,0.058,0.0852,99.648,-6.916,6.0,1.0,6YYeBYEpkiR84eCDNPBDoF,US,Person,1967,,,2025-06-06,deezer,2025.0,404.0,-140
480,Kupu,Tiara Andini,1,False,139086508,34111,700,0.0245,,0.94,True,2747412871.0,Kupu - Kupu,Tiara Andini,IDUM72400029,2024-04-18,242.0,False,-7.5,,102366.0,single,1.0,PT. Universal Music Indonesia,Pop,Pop,0.69,0.749,0.567,0.469,0.0,0.3,0.0404,122.013,-5.243,7.0,0.0,2FDHRhKLuTOQZVvJQoY38T,ID,Person,2001,pop,2025-10-16,2024-04-18,deezer,2024.0,818.0,-220
481,KYKY2BONDY,Hamza,1,False,139058708,127940,512,0.092,,1.0,True,3330178491.0,KYKY2BONDY,Hamza,BE6GM2500005,2025-05-02,137.0,True,-10.9,,968136.0,single,1.0,Just Woke Up,Rap/Hip Hop,Rap/Hip Hop|French Rap,0.906,0.402,0.746,0.075,0.0,0.118,0.474,140.103,-8.708,0.0,0.0,2t5LPLptBemV0W8IGLBLju,BE,Person,1994,trap|french hip hop|rap|hip hop|french rap,2025-05-02,2025-05-02,deezer,2025.0,439.0,-31
482,him all along,Gunna,1,False,138782542,147610,473,0.1064,,1.0,True,3047808531.0,him all along,Gunna,USAT22409580,2024-10-18,158.0,True,-8.9,,567886.0,single,1.0,300 Entertainment,Rap/Hip Hop,Rap/Hip Hop,0.872,0.507,0.506,0.195,0.0,0.111,0.072,130.007,-6.323,4.0,0.0,2EKL77lwxvo615Ga7VjEUl,US,Person,1993,hip hop|trap|pop rap|southern hip hop,2024-10-18,2024-10-18,deezer,2024.0,635.0,9
483,Dirimu Yang Dulu,Anggis Devaki,1,False,138396589,564401,124,0.4078,,1.0,True,3105866861.0,Dirimu Yang Dulu,Anggis Devaki,QZZNV2400194,2024-11-29,240.0,False,-9.0,,98992.0,single,2.0,Hits records,Asian Music,Asian Music|Pop,0.375,0.515,0.385,0.741,1.98e-06,0.0993,0.039,115.669,-6.7,2.0,1.0,4NTJKqpoAlTG3RcPB3y4C7,ID,Person,2002,,,2024-11-29,deezer,2024.0,593.0,359
484,Meu Erro,Os Paralamas Do Sucesso,1,False,138248480,76693,610,0.0555,,1.0,True,17773342.0,Meu Erro,Os Paralamas Do Sucesso,BREMI8700205,2012-04-20,243.0,False,-10.5,110.84,179079.0,album,10.0,EMI,Rock,Rock,0.582,0.949,0.688,0.00101,1.76e-05,0.688,0.0617,110.965,-7.495,2.0,1.0,6P694ZjCWctbgzgh9qAmW8,BR,Group,1977,rock|brazilian|ska|new wave|brasil,1984,1984-01-01,musicbrainz,1984.0,15536.0,-126
485,Arriba la Compañía,LOS DOS DE TAMAULIPAS,1,False,138098427,297720,281,0.2156,,1.0,True,2833196032.0,Arriba la Compañía,LOS DOS DE TAMAULIPAS,DGA052415702,2024-06-14,174.0,False,-8.2,,490110.0,single,1.0,Afinarte Music,Latin Music,Latin Music,0.558,0.769,0.668,0.037,0.0,0.141,0.187,102.594,-3.187,9.0,0.0,51fL4ksSPPx2Yac945HluQ,US,Group,,,2025-07-02,2024-06-14,deezer,2024.0,761.0,204
486,Eres Mi Religión,Maná,1,False,138013168,91786,584,0.0665,,1.0,True,3887324.0,Eres Mi Religión,Mana,MXF150200072,2007-06-28,327.0,False,-8.7,184.6,519111.0,album,12.0,WM Mexico,Pop,Pop,0.629,0.813,0.726,0.188,2.86e-06,0.0753,0.0351,92.154,-5.583,4.0,1.0,7m48JuA1jcnHNxCVS4e2Y7,MX,Group,1986,latin|rock|pop|pop rock|latin pop,2002-08-20,2002-08-20,musicbrainz,2002.0,8730.0,-98
487,Burning Blue,Mariah the Scientist,1,False,137709265,205586,390,0.1493,,1.0,True,3345513301.0,Burning Blue,Mariah The Scientist,USSM12501674,2025-05-02,205.0,False,-8.3,,666321.0,single,1.0,Buckles Laboratories/Epic,Pop,Pop|Rock|R&B,0.383,0.565,0.188,0.118,0.0,0.128,0.0367,119.824,-4.64,10.0,0.0,0aWHb6ujnlXkmmOI1ltStc,US,Person,1997,contemporary r&b|r&b|r&b/soul|gen z,2025-05-02,2025-05-02,deezer,2025.0,439.0,97
488,Mengapa,Rony Parulian,1,False,137488119,96121,575,0.0699,,1.0,True,2495560871.0,Mengapa,Rony Parulian,IDUM72300249,2023-10-19,263.0,False,-9.6,,33656.0,single,1.0,PT. Universal Music Indonesia,Pop,Pop,0.461,0.337,0.131,0.693,0.0,0.13,0.0297,119.771,-8.012,10.0,1.0,1QgYZyDzY22JkXbAuoYZBe,ID,Person,2001,,2023-10-19,2023-10-19,deezer,2023.0,1000.0,-87
489,intro,Peso Pluma,1,False,137356407,244964,337,0.1783,,1.0,True,3666017582.0,intro,Peso Pluma,QMFMG2516955,2025-11-20,179.0,True,-7.5,,457638.0,single,1.0,Double P Records,,,0.77,0.89,0.622,0.456,1.35e-05,0.169,0.197,120.006,-4.701,4.0,0.0,7cHN6FruoGm2AYtt4WDdcV,MX,Person,1999,regional mexicano|corrido tumbado,2023-12-06,2025-11-20,deezer,2025.0,237.0,152
490,PIXELATED KISSES,Joji,1,False,137337015,239140,343,0.1741,,1.0,True,3595347192.0,PIXELATED KISSES,Joji,USA2P2543412,2025-10-14,110.0,True,-7.3,,601860.0,single,1.0,Palace Creek,Alternative,Alternative,0.503,0.739,0.0392,0.0354,0.25,0.421,0.0345,124.003,-6.667,4.0,0.0,2OZVskV28xxJjjhQqKTLSg,US,Person,1992,lo-fi hip hop|ballad|r&b/soul|trip hop|alt-pop,2025-10-14,2025-10-14,deezer,2025.0,274.0,147
491,"Phir Se Ud Chala (From ""Rockstar"")",Mohit Chauhan,1,False,137215763,67097,625,0.0489,,1.0,True,3271891051.0,"Phir Se Ud Chala (From ""Rockstar"")",Mohit Chauhan,INS181103498,2025-03-10,268.0,False,-11.1,,72768.0,album,25.0,Super Cassettes Industries Private Limited,Indian Music,Indian Music,0.647,0.656,0.453,0.657,0.000163,0.343,0.0354,119.965,-8.632,11.0,1.0,1kcV2LJxt5v0s2cEGtEJ5i,IN,Person,1966,indian pop,2011-09-30,2011-09-30,musicbrainz,2011.0,5402.0,-134
492,Thuli Thuli,Yuvan Shankar Raja,1,False,137136420,100700,566,0.0734,,1.0,True,15024735.0,Thuli Thuli,Yuvan Shankar Raja,INS171100518,2010-11-22,285.0,False,-10.8,,240507.0,ep,6.0,Think Music (India),Indian Music,Indian Music|Films/Games|Film Scores,0.709,0.528,0.649,0.256,0.00189,0.112,0.0309,91.999,-7.429,7.0,0.0,2uqXfUERVBLa1heEoUTBlO,IN,Person,1979,filmi|film composer,,2010-11-22,deezer,2010.0,5714.0,-74
493,Hakayet,VEN1,1,False,136593429,155326,461,0.1137,,1.0,True,2846025562.0,Hakayet,VEN1,TCAHP2377895,2023-11-20,158.0,True,-9.4,,908271.0,single,1.0,NOUVO MONDE,Rap/Hip Hop,Rap/Hip Hop,0.775,0.554,0.377,0.673,8.46e-06,0.11,0.0508,138.997,-8.449,3.0,0.0,3PyRt7gpih7EPvV0fMWEom,,,,,2023-11-20,2023-11-20,deezer,2023.0,968.0,32
494,Deslocado,NAPA,1,False,136462290,195475,405,0.1432,,1.0,True,3266585161.0,Deslocado,Napa,PTUM72500004,2025-03-10,180.0,False,-11.1,,705337.0,single,1.0,Napa,Alternative,Alternative,0.559,0.447,0.35,0.123,0.000532,0.131,0.03,75.474,-7.96,6.0,1.0,1pt3Ly7kHrfgdUMcGkhJxc,PT,Group,2013,portugal|indie rock|pop rock|portuguese rock|pt,2025-01-23,2025-01-23,musicbrainz,2025.0,538.0,89
495,INVU,TAEYEON,1,False,136378452,35761,698,0.0262,,1.0,True,1651130322.0,INVU,TAEYEON,KRA302200026,2022-02-14,204.0,False,-6.7,,432023.0,album,13.0,SM Entertainment,Asian Music,Asian Music|Pop,0.599,0.816,0.399,0.0911,2.17e-06,0.0961,0.0556,106.962,-3.412,11.0,0.0,7rXcCpIAoOUCydkVDMcoPV,KR,Person,1989,k-pop|kpop|2nd gen k-pop|idol solo,2022-02-14,2022-02-14,deezer,2022.0,1612.0,-203
496,CHAKA,Fuerza Regida,1,False,136304929,272280,301,0.1998,,1.0,True,3345439231.0,CHAKA,Fuerza Regida,QZ9QQ2500160,2025-05-02,159.0,True,-10.7,,459763.0,album,12.0,Rancho Humilde/Street Mob Records/Sony Music Latin,,,0.771,0.823,0.698,0.252,1.23e-06,0.384,0.068,135.044,-6.796,0.0,0.0,3UZSZV80iBxSeEOpXgO4FD,MX,Group,2015,regional mexicano,2025-05-02,2025-05-02,deezer,2025.0,439.0,195
497,GO BABY,Justin Bieber,1,False,136297070,242853,339,0.1782,,1.0,True,3454558681.0,GO BABY,Justin Bieber,USUG12506175,2025-07-11,195.0,False,-8.1,,608154.0,album,21.0,"JRC Entertainment, LLC / ILH Production Co. LLC / Def Jam Recordings",Pop,Pop,0.536,0.569,0.333,0.272,0.0,0.085,0.0697,120.162,-8.171,9.0,1.0,6G7hnJoG5ZZE5bOeA18JXg,CA,Person,1994,pop|teen pop|2010s|dance-pop|2020s,2025-07-11,2025-07-11,deezer,2025.0,369.0,158
498,Pero La Recuerdo (Cumbia Santa María),Pancho Barraza,1,False,135541425,52846,661,0.039,,1.0,True,861591882.0,Pero La Recuerdo (Cumbia Santa María),Pancho Barraza,MXF399601972,2020-02-01,227.0,False,-12.8,,380400.0,album,20.0,Musart-Balboa,Latin Music,Latin Music,0.809,0.705,0.941,0.0443,9.67e-06,0.078,0.0437,94.655,-8.187,5.0,1.0,7xbRLQyE9t7zkA3osC8S2d,MX,Person,1961,latin pop|mariachi|ranchera|regional mexicano|tropical house,1997-05-12,1997-05-12,musicbrainz,1997.0,10656.0,-163
499,Me Paseo,Victor Mendivil,1,False,135405758,280371,295,0.2071,,1.0,True,3456139151.0,Me Paseo,Victor Mendivil,US3DF2586865,2025-07-24,217.0,True,-8.4,,469177.0,album,18.0,Rico o Muerto by Baja Sound LLC,Latin Music,Latin Music,0.853,0.758,0.295,0.00933,0.00356,0.127,0.169,97.982,-5.339,4.0,0.0,2XQnrr8gsvuGcJmPfk18iE,,,,,2025-05-24,2025-05-24,musicbrainz,2025.0,417.0,204
500,El Plumas,Neton Vega,1,False,135147691,49798,667,0.0368,,1.0,True,2946684071.0,El Plumas,Neton Vega,USANG2428330,2024-08-16,150.0,False,-9.0,,433686.0,single,1.0,Josa Records,Latin Music,Latin Music,0.74,0.798,0.633,0.255,0.000112,0.2,0.0428,107.569,-5.286,4.0,0.0,3S6m6J4ExpHdzoV9Pfxa0U,MX,Person,2003,regional mexicano|corrido tumbado,2025-02-14,2024-08-16,deezer,2024.0,698.0,-167
501,Shatter Me,Lindsey Stirling,1,False,134909726,36000,697,0.0267,,1.0,True,4208425022.0,Shatter Me,Lindsey Stirling,TCAKA2523367,2025-09-26,278.0,False,-7.5,,329707.0,album,16.0,Lindseystomp Records,Rock,Rock,,,,,,,,,,,,,US,Person,1986,classical crossover|violin|dubstep|classical|american,2014-04-23,2014-04-23,musicbrainz,2014.0,4466.0,-196
502,Vanish Into You,Lady Gaga,1,False,134675364,97070,574,0.0721,,1.0,True,3262333891.0,Vanish Into You,Lady Gaga,USUM72412584,2025-03-07,245.0,False,-7.1,,665978.0,album,14.0,Interscope Records,Pop,Pop,0.557,0.87,0.557,0.00079,0.0,0.0785,0.0304,112.012,-4.573,11.0,0.0,6A331YYR5zoG6XixuHX7yE,US,Person,1986,pop|dance-pop|electropop|pop rock|synth-pop,2025-03-07,2025-03-07,deezer,2025.0,495.0,-72
503,Geiles Leben,Glasperlenspiel,1,False,134290661,24669,715,0.0184,,0.94,True,133582480.0,Geiles Leben (Madizin Single Mix),Glasperlenspiel,DEUM71502356,2016-10-07,212.0,False,-10.1,121.96,542850.0,album,16.0,Polydor,Pop,Pop,0.738,0.708,0.682,0.179,1.85e-06,0.0975,0.0407,121.932,-6.384,8.0,1.0,3jqfm2GD56KEga3K5gDCFN,DE,Group,2003,synth-pop|pop|german/synthie-pop|electropop|synthie-pop,2015,2015-01-01,musicbrainz,2015.0,4213.0,-212
504,I Can't Fix You,The Living Tombstone,1,False,134233589,94877,577,0.0707,,1.0,True,137915825.0,I Can't Fix You (feat. Crusher-P),The Living Tombstone,QZ4JJ1658471,2016-12-10,278.0,False,-7.4,173.71,546795.0,single,2.0,628798 Records DK2,Electro,Electro|Dance,0.462,0.792,0.372,4.57e-05,0.0976,0.111,0.0456,174.021,-4.812,1.0,1.0,3zAqapGmeTcDB4xES8LBUL,IL,Group,2011,electronic|edm|pop|dance|songs based on games,2016-12-10,2016-12-10,deezer,2016.0,3504.0,-73
505,Cali Man,EsDeeKid,1,False,134225613,355372,227,0.2648,,1.0,True,3399233791.0,Cali Man,EsDeeKid,US38Y2546739,2025-06-20,108.0,True,-6.4,,710726.0,album,11.0,Lizzy Records,Rap/Hip Hop,Rap/Hip Hop,0.714,0.834,0.401,0.00395,0.000164,0.226,0.266,194.832,-3.786,9.0,1.0,2pPNAgcdgtRMwK9mPYMK7O,GB,Person,,uk|liverpool|rage|jerk|hardcore hip hop,2025-06-20,2025-06-20,deezer,2025.0,390.0,278
506,Forever In Blue Jeans,Neil Diamond,1,False,133914481,60248,644,0.045,,1.0,True,79835508.0,Forever In Blue Jeans,Neil Diamond,USUG11400767,2014-07-01,219.0,False,-18.3,91.3,450702.0,album,10.0,Neil Diamond,Pop,Pop,0.706,0.39,0.839,0.0221,3.81e-05,0.0944,0.0324,90.584,-13.673,9.0,1.0,1K1nzhbKCNmrNXi9B07mPF,US,Person,1941,singer-songwriter|pop|soft rock|pop rock|rock,1978,1978-01-01,musicbrainz,1978.0,17727.0,-138
507,On My Mind,Alex Warren,1,False,133861045,178673,429,0.1335,,1.0,True,3432933071.0,On My Mind,Alex Warren,USAT22504115,2025-06-27,189.0,False,-6.5,,611844.0,single,1.0,Atlantic Records,Pop,Pop,0.441,0.513,0.314,0.286,0.0,0.246,0.0351,126.406,-5.526,10.0,1.0,4eSlq7fGBVkTyHP3w4v8aX,US,Person,2000,pop|indie pop|folk|singer-songwriter|indie folk,2025-06-27,2025-06-27,deezer,2025.0,383.0,78
508,The Night The Lights Went Out In Georgia,Reba McEntire,1,False,133768577,70666,620,0.0528,,1.0,True,543676582.0,The Night The Lights Went Out In Georgia,Reba McEntire,USMCN0110096,2018-07-19,255.0,False,-10.2,170.14,386873.0,album,15.0,MCA Nashville,Country,Country,0.575,0.696,0.369,0.57,4.03e-06,0.12,0.0485,86.038,-5.332,7.0,0.0,1ZFu14VJYEmfjN94sBp1ot,US,Person,1955,country|pop|2008 universal fire victim,2023-10-06,2018-07-19,deezer,2018.0,2918.0,-112
509,After All The Bars Are Closed,Thomas Rhett,1,False,133097318,249301,333,0.1873,,1.0,True,2929623501.0,After All The Bars Are Closed,Thomas Rhett,QZRD92405271,2024-08-09,191.0,False,-8.3,,488128.0,ep,4.0,The Valory Music Co.,Country,Country,0.697,0.598,0.485,0.512,0.0,0.107,0.0309,105.056,-5.655,4.0,1.0,3WVWpiSSE0H1ppO3fKU1vA,US,Person,1990,country|contemporary country|country pop,2024-08-23,2024-08-09,deezer,2024.0,705.0,176
510,"Desliza (""Ólhinho"" No Corpinho)",Léo Santana,1,False,133052018,143266,483,0.1077,,1.0,True,3359004801.0,"Desliza (""Ólhinho"" No Corpinho)",Léo Santana,BRUM72500712,2025-05-16,147.0,False,-7.4,,742248.0,single,1.0,Universal Music Ltda.,Brazilian Music,Brazilian Music,0.933,0.718,0.97,0.309,0.0,0.143,0.0511,130.001,-2.433,9.0,0.0,2JGmzSSQrn1ucRIlsQTy0T,BR,Person,1988,,2025-05-16,2025-05-16,deezer,2025.0,425.0,27
511,Ring Ring Ring,"Tyler, The Creator",2,True,133042051,147365,475,0.1108,,1.0,True,3470152981.0,Ring Ring Ring,"Tyler, The Creator",USQX92503274,2025-07-21,201.0,True,-8.3,,630491.0,album,10.0,Columbia,Rap/Hip Hop,Rap/Hip Hop,0.756,0.718,0.69,0.246,0.0,0.601,0.0531,119.022,-5.867,6.0,1.0,1lTqq0aC6r2bXLviQ3oaVt,US,Person,1991,hip hop|hardcore hip hop|horrorcore|west coast hip hop|rock,2025-07-21,2025-07-21,deezer,2025.0,359.0,36
512,Pelotero A La Bola,8Uno,1,False,132834401,132176,503,0.0995,,1.0,True,3356955891.0,Pelotero A La Bola,8Uno,MXF152501103,2025-05-16,156.0,True,-9.9,,483058.0,single,1.0,WM Mexico,Latin Music,Latin Music,,,,,,,,,,,,,MX,Person,,,,2025-05-16,deezer,2025.0,425.0,9
513,"Manasilaayo (From ""Vettaiyan"")",Anirudh Ravichander,1,False,132688338,57628,648,0.0434,,1.0,True,2985998291.0,"Manasilaayo (From ""Vettaiyan"")",Anirudh Ravichander,INS172409897,2024-09-09,235.0,False,-6.5,,213585.0,single,1.0,Sony Music Entertainment India Pvt. Ltd.,Indian Music,Indian Music|Films/Games|Film Scores,0.701,0.928,0.451,0.018,0.00293,0.074,0.286,150.889,-3.029,1.0,1.0,3CA9CjRf7IU2Ukz3GuYInP,IN,Person,1990,filmi|composer|film composer,2024-10-10,2024-09-09,deezer,2024.0,674.0,-135
514,VCR,The xx,1,False,132595096,25783,713,0.0194,,1.0,True,3787856.0,VCR,The xx,GBBKS0900197,2009-08-16,177.0,False,-12.2,,660731.0,album,11.0,Young,Alternative,Alternative,0.755,0.482,0.48,0.891,0.818,0.1,0.03,109.354,-12.729,0.0,1.0,0Cr3j6qhDItBeFbAzdXtN2,GB,Group,2005,indie pop|alternative dance|indietronica|electronic|pop,2009,2009-01-01,musicbrainz,2009.0,6404.0,-199
515,Bir Çift Göz,Norm Ender,1,False,132510433,193300,408,0.1459,,1.0,True,3418995091.0,Bir Çift Göz,Norm Ender,FRX452539070,2025-06-27,207.0,False,-6.8,,454193.0,single,1.0,Norm Müzik Medya,Rap/Hip Hop,Rap/Hip Hop,0.442,0.823,0.308,0.0319,0.0,0.226,0.216,119.655,-4.145,2.0,1.0,0DDTcst1ymDkTla649Mu0H,TR,Person,1985,hip hop|normlife|norm ender içinde patlar|norm ender twitter|norm ender aura,,2025-06-27,deezer,2025.0,383.0,107
516,Corazón,Danny Ocean,1,False,132308756,328977,250,0.2486,,1.0,True,3486464711.0,Corazón,Danny Ocean,USWL12503317,2025-07-31,163.0,False,-10.1,,567663.0,album,14.0,Atlantic Records,Pop,Pop,0.653,0.807,0.704,0.161,0.0,0.34,0.229,101.005,-6.558,6.0,0.0,500VAvqFsQbnV7VolJhvP7,US,Person,1992,reggaeton|latin,2025-07-30,2025-07-30,musicbrainz,2025.0,350.0,266
517,Ultra Complicado,Kenny Die,1,False,132276745,195728,404,0.148,,1.0,True,3152611581.0,Ultra Complicado,Kenny Die,QZW9L2377378,2024-01-03,176.0,False,-13.2,,432262.0,single,1.0,WEA Latina,Rap/Hip Hop,Rap/Hip Hop|Latin Music,0.614,0.428,0.385,0.471,1.58e-06,0.161,0.508,90.067,-9.608,11.0,1.0,1kcn16i5Tmp8udmHcahvi7,,,,,2024-01-03,2024-01-03,deezer,2024.0,924.0,113
518,Sei Que Tu Me Odeia,Anitta,1,False,132000301,60415,643,0.0458,,1.0,True,3122792231.0,Sei Que Tu Me Odeia,Anitta,BRUM72402487,2024-12-06,161.0,False,-8.5,,727136.0,album,12.0,Universal Music Ltda.,Soul & Funk,Soul & Funk,0.804,0.892,0.965,0.395,0.0,0.42,0.0384,129.984,-3.32,11.0,0.0,6hVZAMmryY544VrEvNqIIy,BR,Person,1993,funk|pop|latin pop|latin|reggaeton,2024-12-06,2024-12-06,deezer,2024.0,586.0,-125
519,Jumping Machine (跳楼机),LBI利比,1,False,131072587,126798,517,0.0967,,0.96,True,3185623211.0,Jumping Machine (跳楼机),LBI,QNSM12402701,2025-01-23,201.0,False,-10.7,,356738.0,ep,5.0,Sony Music Entertainment,Pop,Pop|Rock,0.605,0.53,0.351,0.659,0.0,0.172,0.029,127.939,-7.981,6.0,1.0,1XZE0InCx3SdCnLpVsPpZl,CN,Person,1994,c-pop|mandopop,,2025-01-23,deezer,2025.0,538.0,2
520,Fade Into Darkness,Avicii,1,False,130963233,32206,706,0.0246,,0.94,True,12914364.0,Fade Into Darkness (Vocal Radio Mix),Avicii,CH3131140001,2011-07-22,199.0,False,-7.3,126.0,570155.0,ep,4.0,Universal Music AB,Dance,Dance,0.556,0.885,0.772,0.00786,1.95e-06,0.138,0.0322,125.997,-4.045,6.0,1.0,6mlX0bBYS4tkLCQQ2bM9DH,SE,Person,1989,progressive house|edm|electro house|electropop|dance-pop,2010-11-26,2010-11-26,musicbrainz,2010.0,5710.0,-186
521,Te Lloré,Conjunto Primavera,1,False,130872372,103771,558,0.0793,,1.0,True,712071612.0,Te Lloré,Conjunto Primavera,USFI20705832,2019-07-19,214.0,False,-10.3,136.0,432099.0,album,20.0,UMLE - Fonovisa,Latin Music,Latin Music,0.592,0.565,0.43,0.0904,0.0,0.163,0.0264,135.963,-5.827,2.0,1.0,2GCEO8ThjaAfHCtcO8AM3i,MX,Group,1978,norteño|regional mexicano|norteño-sax,2007,2007-01-01,musicbrainz,2007.0,7135.0,-37
522,check,bbno$,1,False,130448332,115871,539,0.0888,,1.0,True,3245348541.0,check,bbno$,QM24S2407381,2025-02-10,123.0,True,-6.5,,602351.0,single,1.0,bbno$$,Rap/Hip Hop,Rap/Hip Hop,0.74,0.908,0.964,0.00623,0.0228,0.138,0.0481,134.05,-3.359,0.0,1.0,1QYnPmUTrtk3Ahk1H1vFR1,CA,Person,1995,hip hop|pop rap|trap|electronic|alternative hip hop,2025-02-10,2025-02-10,deezer,2025.0,520.0,-17
523,RATATATA,BABYMETAL,1,False,130269255,183346,419,0.1407,,1.0,True,2798271222.0,RATATATA,BABYMETAL,GBDHC2549601,2024-05-23,216.0,True,-8.7,,700120.0,single,1.0,Century Media,Rock,Rock|Metal,0.559,0.889,0.666,0.000269,0.00118,0.083,0.0669,140.047,-6.284,5.0,0.0,14WYmNQWvR2TTWoRp8t9Ml,JP,Group,2010,kawaii metal|metal|alternative metal|j-pop|j-rock,2024-05-23,2024-05-23,deezer,2024.0,783.0,104
524,Wi-Fi,Traia Véia,1,False,130219428,52827,662,0.0406,,0.94,True,2871810842.0,Wi-Fi (Ao Vivo),Traia Véia,BKC0B2400014,2024-07-18,162.0,False,-7.6,,598446.0,single,1.0,Show Mix.,Brazilian Music,Brazilian Music,0.606,0.802,0.387,0.419,0.0,0.605,0.191,149.879,-4.692,1.0,0.0,1MyPLbhfGhHA3UzKRH7c7V,BR,Group,,,,2024-07-18,deezer,2024.0,727.0,-138
525,Ikaw Pa Rin,mrld,1,False,129992028,35145,699,0.027,,1.0,True,1878141567.0,Ikaw Pa Rin,MRLD,PHV032212038,2022-09-02,191.0,False,-10.1,,85445.0,single,1.0,O/C Records,Alternative,Alternative|Pop,0.412,0.374,0.306,0.692,7.38e-06,0.168,0.0307,108.926,-11.538,4.0,1.0,0M6pqnBDM758y6uq6hudom,PH,Person,2005,,2022-09-02,2022-09-02,deezer,2022.0,1412.0,-174
526,Type of Way,Rich Homie Quan,1,False,129854941,41991,682,0.0323,,1.0,True,66307173.0,Type of Way,Rich Homie Quan,USUYG1028245,2013-04-30,261.0,True,-13.8,,399619.0,album,20.0,"Think It's A Game Entertainment, LLC / Rich Homiez",Rap/Hip Hop,Rap/Hip Hop,0.85,0.509,0.763,0.147,0.0,0.0759,0.378,134.9,-9.637,6.0,0.0,6nu35hLc8zsA9bwBpcuf5L,US,Person,1989,hip hop|trap|southern hip hop|dirty south,2013,2013-01-01,musicbrainz,2013.0,4943.0,-156
527,Vou pela Madrugada,Mc Negão Original,1,False,129536775,375193,216,0.2896,,1.0,True,3219420401.0,Vou pela Madrugada,Mc Negão Original,BC3PG2500352,2025-02-07,281.0,False,-8.1,,791255.0,album,12.0,Cria Hit BR,Brazilian Music,Brazilian Music|Soul & Funk,0.627,0.502,0.546,0.344,0.0,0.151,0.234,86.751,-4.334,10.0,0.0,5seruUlgl1Vvkx25AfaO5y,,,,,,2025-02-07,deezer,2025.0,523.0,311
528,Charger,TRIANGLE DES BERMUDES,1,False,129533076,214922,375,0.1659,,1.0,True,3230517051.0,"Charger (feat. MC YOSHI, Mauvais djo & Kokosvoice)",TRIANGLE DES BERMUDES,QZES82541235,2025-02-14,155.0,False,-9.2,,972799.0,ep,6.0,YPDP,African Music,African Music,0.754,0.762,0.494,0.128,1.29e-06,0.327,0.158,127.918,-7.564,9.0,1.0,1mvzvLW9nFujgS2VNKnToJ,,Group,,,2025-02-14,2025-02-14,deezer,2025.0,516.0,153
529,Tipo Nino Vs Kabrinha,DJ Biel Divulga,1,False,129433872,98338,571,0.076,,1.0,True,3393285851.0,Tipo Nino Vs Kabrinha,Dj Biel Divulga,QZNJW2532904,2025-05-31,201.0,False,-8.2,,587283.0,single,1.0,Mandela Music,Soul & Funk,Soul & Funk,,,,,,,,,,,,,,,,,,2025-05-31,deezer,2025.0,410.0,-42
530,Quitter,Cameron Whitcomb,1,False,129214561,186993,413,0.1447,,1.0,True,2888978292.0,Quitter,Cameron Whitcomb,USAT22406351,2024-07-26,161.0,False,-8.5,,508578.0,single,1.0,Atlantic Records,Country,Country|Alternative,0.66,0.647,0.77,0.0126,0.0,0.149,0.0274,105.137,-6.937,9.0,1.0,51dxQAtcaxi4NFsiEIWa2x,CA,Person,2003,,2024-06-26,2024-06-26,musicbrainz,2024.0,749.0,117
531,Página De Ex,Mari Fernandez,1,False,129071525,80770,605,0.0626,,0.94,True,2755387101.0,Página De Ex (Ao Vivo),Mari Fernandez,BCZT72400033,2024-04-26,161.0,False,-6.9,,721524.0,ep,4.0,Som Livre,,,0.709,0.915,0.926,0.272,0.0,0.233,0.0463,164.007,-2.701,0.0,0.0,2kFaWbpzQzpaJ0H6PskR6k,BR,Person,2001,,2024-04-26,2024-04-26,deezer,2024.0,810.0,-74
532,Bara Bada Bastu,KAJ,1,False,128698931,81220,604,0.0631,,1.0,True,3226932221.0,Bara Bada Bastu,KAJ,SEPQA2500011,2025-02-21,166.0,False,-7.9,,605293.0,single,1.0,WM Sweden,Pop,Pop,0.757,0.889,0.754,0.0754,2.32e-05,0.0397,0.0788,106.037,-4.729,9.0,0.0,2ixvbtaNYBRAcqcWYSRpJE,FI,Group,2009,comedy|eurovision|musical|eurovision 2025,2025-02-21,2025-02-21,deezer,2025.0,509.0,-72
533,Follow You,Noizy,1,False,128564130,97527,572,0.0759,,1.0,True,3069024861.0,Follow You,Noizy,DECE72402483,2024-11-08,164.0,False,-9.9,,743252.0,single,1.0,Southeast Records x Ventura Records,Rap/Hip Hop,Rap/Hip Hop,0.69,0.803,0.769,0.525,0.000505,0.24,0.177,180.076,-7.339,7.0,1.0,1oXjcN2rTXTPtSfiwFUGvE,AL,Person,1986,hip hop|albanian|rap|german|english,2024-11-08,2024-11-08,deezer,2024.0,614.0,-39
534,Matadinha De Saudade,Grupo Menos É Mais,1,False,128395031,59699,645,0.0465,,0.94,True,2551216482.0,Matadinha De Saudade (Ao Vivo),Grupo Menos É Mais,BRRGE2300934,2023-11-30,176.0,False,-9.6,,684934.0,ep,4.0,Som Livre,Brazilian Music,Brazilian Music,0.751,0.847,0.923,0.433,0.0,0.577,0.0626,156.614,-6.073,1.0,1.0,4oE6iZGmNuKc89OhyCOU7w,BR,Group,,,2023-11-30,2023-11-30,deezer,2023.0,958.0,-111
535,Miss You Like Crazy,Natalie Cole,1,False,128262477,45379,677,0.0354,,1.0,True,1444373482.0,Miss You Like Crazy,Natalie Cole,USEE19100085,2021-05-07,232.0,False,-9.5,,413322.0,album,11.0,Craft Recordings,R&B,R&B,0.595,0.546,0.255,0.633,0.00422,0.0697,0.0267,131.136,-6.251,2.0,1.0,0peFD5OUJTHD1EQ31Ki1DH,US,Person,1950,soul|r&b|pop|quiet storm|jazz and blues,1989,1989-01-01,musicbrainz,1989.0,13709.0,-142
536,Alamak,Rizky Febian,1,False,127851069,237066,345,0.1854,,1.0,True,3572728831.0,Alamak,Rizky Febian,IDA162500596,2025-10-03,209.0,False,-7.9,,237951.0,single,1.0,E-Motion Entertainment,Pop,Pop,0.67,0.877,0.851,0.228,0.000805,0.239,0.039,93.992,-4.265,6.0,1.0,1vkwlZncsYqFukl2Q7M6Fe,ID,Person,1998,,2025-10-03,2025-10-03,deezer,2025.0,285.0,191
537,"Nenjukkul Peidhidum (From ""Vaaranam Aayiram"")",Harris Jayaraj,1,False,127814442,61831,639,0.0484,,1.0,True,347033901.0,"Nenjukkul Peidhidum (From ""Vaaranam Aayiram"")",Harris Jayaraj,INS170816331,2017-04-14,369.0,False,-12.1,,30694.0,album,12.0,Sony Music Entertainment India Pvt. Ltd.,Indian Music,Indian Music|Films/Games|Film Scores,0.687,0.43,0.241,0.6,2.49e-06,0.132,0.0407,115.01,-10.31,9.0,1.0,4vlMdXsRpAIXYggwbNHZSv,IN,Person,1975,film composer|filmi,2008-09-24,2008-09-24,musicbrainz,2008.0,6503.0,-102
538,CRG,Central Cee,1,False,127708446,190486,410,0.1492,,1.0,True,3196387911.0,CRG,Central Cee,USSM12408431,2025-01-24,182.0,True,-8.2,,619102.0,album,17.0,Columbia,Rap/Hip Hop,Rap/Hip Hop,0.948,0.771,0.904,0.191,0.0,0.105,0.266,129.899,-5.205,0.0,1.0,5tgSjvWO685Z0mYKefArMI,GB,Person,1998,hip hop|uk drill|grime|drill|trap,2025-01-24,2025-01-24,deezer,2025.0,537.0,128
539,Seis Pies Abajo,Banda El Recodo,1,False,127478767,139333,491,0.1093,,1.0,True,1523522302.0,Seis Pies Abajo,Banda El Recodo,USJE62110134,2021-10-22,174.0,False,-13.4,,367526.0,album,12.0,Music Club,Latin Music,Latin Music,0.608,0.398,0.965,0.691,0.0,0.0704,0.0312,134.093,-9.131,10.0,1.0,7kZc82Ettd7lid0ie554IB,MX,Orchestra,1938,regional mexicano|banda sinaloense|latin|banda,1996-02-27,1996-02-27,musicbrainz,1996.0,11096.0,48
540,Gone Gone Gone,David Guetta,1,False,127462013,474687,164,0.3724,,1.0,True,3580188661.0,Gone Gone Gone,David Guetta,UKWLG2500132,2025-10-10,198.0,False,-6.7,,935114.0,single,2.0,Atlantic Records UK,Pop,Pop,0.616,0.77,0.537,0.0315,0.0,0.654,0.0329,131.036,-6.048,11.0,0.0,3Dy4xsff7c0fRaTJpA54yd,FR,Person,1967,house|dance-pop|dance|electro house|electronic,2025-10-10,2025-10-10,deezer,2025.0,278.0,376
541,Lihat Kebunku (Taman Bunga),Aku Jeje,1,False,127284277,726423,86,0.5707,,1.0,True,3557760021.0,Lihat Kebunku (Taman Bunga),Aku Jeje,IDA432500827,2025-09-19,189.0,False,-10.5,,121180.0,single,1.0,Orca Music Club,Alternative,Alternative|Indie Pop,,,,,,,,,,,,,ID,Person,2003,,2025-09-19,2025-09-19,deezer,2025.0,299.0,455
542,JANE DOE,Kenshi Yonezu,1,False,127159380,206154,387,0.1621,,1.0,True,3557642081.0,JANE DOE,Kenshi Yonezu,JPU902502822,2025-09-22,235.0,False,-9.0,,554413.0,single,1.0,Sony Music Labels Inc.,Asian Music,Asian Music,,,,,,,,,,,,,,,,,,2025-09-22,deezer,2025.0,296.0,155
543,Altas Loucurinhas (Uni Duni Tê),Matheus Fernandes,1,False,127139961,11341,726,0.0089,,0.94,True,2074734357.0,Altas Loucurinhas (Uni Duni Tê) (Ao Vivo),Matheus Fernandes,BCDE52200074,2023-01-06,202.0,False,-7.5,,586137.0,album,11.0,Som Livre,Alternative,Alternative,0.857,0.772,0.886,0.245,0.0,0.118,0.0345,128.0,-2.418,9.0,1.0,4aHTiT2CKLElO1wnK6gB4L,,Person,,,,2023-01-06,deezer,2023.0,1286.0,-183
544,Mist,EsDeeKid,1,False,127087449,388167,207,0.3054,,1.0,True,3399233861.0,Mist,EsDeeKid,US38Y2546906,2025-06-20,130.0,True,-6.2,,808224.0,album,11.0,Lizzy Records,Rap/Hip Hop,Rap/Hip Hop,0.653,0.538,0.65,0.000709,0.00917,0.142,0.162,195.017,-5.197,1.0,1.0,2NLOyWzztMiW5FmNhD83K6,GB,Person,,uk|liverpool|rage|jerk|hardcore hip hop,2025-06-20,2025-06-20,deezer,2025.0,390.0,337
545,Calon Mantu Idaman,Rombongan Bodonk Koplo,1,False,127047489,109811,550,0.0864,,1.0,True,3357886401.0,Calon Mantu Idaman (feat. Ncum),Rombongan Bodonk Koplo,IDAA22500041,2025-05-16,189.0,False,-8.4,,101178.0,single,1.0,WM Indonesia,Dance,Dance,0.822,0.742,0.753,0.529,6.78e-06,0.377,0.0583,129.965,-5.586,3.0,1.0,7s2y9c0OO9JFEzUhOjnMMr,,,,,,2025-05-16,deezer,2025.0,425.0,-5
546,DÓNDE,Kapo,1,False,126903981,290069,290,0.2286,,1.0,True,3427618651.0,DÓNDE,Kapo,QZDYA1800565,2025-07-03,193.0,True,-8.8,,620134.0,album,15.0,Sony Music Latin/La Industria,African Music,African Music|Rap/Hip Hop|Pop,0.885,0.623,0.633,0.132,0.0,0.217,0.236,92.01,-5.129,9.0,1.0,4zqFA9MOG86u7uugR8QFDU,,Group,,,2025-07-03,2025-07-03,deezer,2025.0,377.0,256
547,Cannonball,Lithe,1,False,126758701,210920,379,0.1664,,1.0,True,3465740551.0,Cannonball (feat. Don Toliver),Lithe,USAT22505449,2025-07-25,122.0,True,-11.3,,683479.0,single,1.0,P2025,Rap/Hip Hop,Rap/Hip Hop,,,,,,,,,,,,,AU,Person,,hip hop|r&b|alternative|contemporary r&b,2025-07-25,2025-07-25,deezer,2025.0,355.0,168
548,Vitamina,Danny Ocean,1,False,126598065,142681,484,0.1127,,1.0,True,3173957511.0,Vitamina,Danny Ocean,USWL12500012,2025-01-23,157.0,False,-8.4,,547855.0,single,1.0,Atlantic Records,Pop,Pop,0.767,0.7,0.276,0.147,0.0,0.0826,0.0507,101.901,-4.623,7.0,0.0,3z4NtFqazMRBlTI5trJaNi,US,Person,1992,reggaeton|latin,2025-01-23,2025-01-23,deezer,2025.0,538.0,64
549,Nasty Dog,Sir Mix-A-Lot,1,False,126516969,97364,573,0.077,,1.0,True,113510460.0,Nasty Dog,Sir Mix-A-Lot,USLIC0701169,2012-11-13,240.0,True,0.0,,550177.0,album,14.0,American Recordings Catalog P&D,Rap/Hip Hop,Rap/Hip Hop,0.901,0.678,0.802,0.0058,6.37e-05,0.0334,0.166,117.028,-9.62,10.0,0.0,3ZP1AbM0rurWtqQIhTVcln,US,Person,1963,hip hop|west coast hip hop|electro|american|pop and chart,1994,1994-01-01,musicbrainz,1994.0,11883.0,-24
550,Rottweiler,EsDeeKid,1,False,126504345,308803,271,0.2441,,1.0,True,3399233871.0,Rottweiler,EsDeeKid,US38Y2546907,2025-06-20,96.0,True,-6.1,,722801.0,album,11.0,Lizzy Records,Rap/Hip Hop,Rap/Hip Hop,0.65,0.89,0.125,0.000272,0.000755,0.416,0.0411,139.984,-4.293,10.0,0.0,7mcxFbFdnFFbWwPflgqqKE,GB,Person,,uk|liverpool|rage|jerk|hardcore hip hop,2025-06-20,2025-06-20,deezer,2025.0,390.0,279
551,Vale la Pena,Juan Luis Guerra 4.40,1,False,126491794,106680,555,0.0843,,1.0,True,1857077897.0,Vale la Pena,Juan Luis Guerra 4.40,USJ3V1861919,1998-01-01,207.0,False,-11.0,,509800.0,album,11.0,Karen Publishing Company,Latin Music,Latin Music,0.73,0.916,0.969,0.244,1.73e-05,0.0349,0.0496,129.432,-6.177,11.0,0.0,7uC9TpGGHrAssX8NUKBqed,DO,Group,1984,latin pop|latin|bachata|salsa|merengue,2021-08-16,1998-01-01,deezer,1998.0,10422.0,-4
552,Dawn,Dario Marianelli,1,False,126429525,47174,674,0.0373,,0.94,True,427235572.0,Just Before The Dawn,Dario Marianelli,DEN961730718,2017-11-17,134.0,False,-20.8,119.84,110899.0,album,19.0,Deutsche Grammophon (DG),Films/Games,Films/Games|Film Scores,0.187,0.00978,0.0305,0.955,0.856,0.111,0.0444,59.225,-27.183,0.0,0.0,0oM4QVXAM1WxuGgF8yMgFW,IT,Person,1963,cinematic classical|italian|european|film composer|academy award winner,2005-09-19,2005-09-19,musicbrainz,2005.0,7604.0,-122
553,CEREMONY,Stray Kids,1,False,126283707,178078,430,0.141,,1.0,True,3516241231.0,CEREMONY,Stray Kids,US5TA2500179,2025-08-22,164.0,False,-5.8,,726614.0,album,11.0,Republic Records - Stray Kids,Asian Music,Asian Music,0.891,0.649,0.697,0.00555,0.0,0.115,0.102,121.067,-2.614,1.0,1.0,2nI4GpF0GVcYAtZBtw2zKp,KR,Group,2017,k-pop|boy group|boy band|electropop|pop rap,2025-08-22,2025-08-22,deezer,2025.0,327.0,123
554,Death with Dignity,Sufjan Stevens,1,False,126220303,37409,692,0.0296,,1.0,True,96861530.0,Death with Dignity,Sufjan Stevens,US64G1509901,2015-03-31,240.0,False,-19.3,170.1,634425.0,album,11.0,Asthmatic Kitty,Alternative,Alternative,0.514,0.16,0.395,0.986,0.0176,0.113,0.0383,169.898,-21.04,4.0,1.0,73uJybGAhwGRD9MZYrOmTY,US,Person,1975,indie folk|chamber pop|art pop|singer-songwriter|indietronica,2015-03-31,2015-03-31,deezer,2015.0,4124.0,-138
555,Picture Of You,Boyzone,1,False,126014866,37733,690,0.0299,,1.0,True,90946461.0,Picture Of You,Boyzone,IEAAA9700014,2014-12-08,208.0,False,-10.6,116.8,599659.0,album,15.0,Polydor Records,Pop,Pop,0.764,0.925,0.852,0.0946,1.54e-06,0.345,0.0415,116.656,-4.921,0.0,1.0,5xDO2LO6t5V5ZM5Y9dwmXn,IE,Group,1993,pop|irish|ballad|boy band|classic pop and rock,1996-10-28,1996-10-28,musicbrainz,1996.0,10852.0,-135
556,"Shararat (From ""Dhurandhar"")",Shashwat Sachdev,1,False,125971050,483145,160,0.3835,,1.0,True,3693956452.0,"Shararat (From ""Dhurandhar"")",Shashwat Sachdev,INH102507032,2025-12-01,224.0,False,-9.1,,219920.0,single,1.0,Saregama India Ltd,,,,,,,,,,,,,,,IN,Person,,,2025-12-01,2025-12-01,deezer,2025.0,226.0,396
557,Chaparrita,Standly,1,False,125874104,129424,510,0.1028,,1.0,True,3205680091.0,Chaparrita,Standly,US7VG2592847,2025-01-30,158.0,False,-7.9,,461111.0,album,18.0,Standly,Latin Music,Latin Music,0.81,0.814,0.669,0.0897,0.0,0.154,0.0577,100.004,-3.813,10.0,0.0,1OhT39hHs7Hi6sFNaIpcjJ,,Person,2002,,,2025-01-30,deezer,2025.0,531.0,47
558,"IIIf. Lacrimosa dies illa (Featured in ""Primal Fear"")",Wolfgang Amadeus Mozart,1,False,125404189,57308,650,0.0457,,0.64,False,,,,,,,,,,,,,,,,,,,,,,,,,,,,AT,Person,1756,classical|composer|austrian|classical period|opera,,,,,,-92
559,I Ain't Sayin',Jordan Davis,1,False,125268576,175827,433,0.1404,,1.0,True,2896913481.0,I Ain't Sayin',Jordan Davis,USUM72408405,2024-07-26,174.0,False,-8.2,,439153.0,single,1.0,MCA Nashville,Country,Country,0.609,0.918,0.917,0.393,0.0,0.133,0.0459,76.994,-4.559,8.0,1.0,7qkwvCrFTBmstWk2qEgcag,US,Person,1988,country|country pop,2024-07-26,2024-07-26,deezer,2024.0,719.0,126
560,Never Getting Laid,Sabrina Carpenter,1,False,125097912,179323,428,0.1433,,1.0,True,3529873541.0,Never Getting Laid,Sabrina Carpenter,USUM72504444,2025-08-29,208.0,True,-8.2,,603581.0,album,12.0,Island Records,Pop,Pop,0.573,0.554,0.319,0.546,1.05e-06,0.131,0.0307,92.068,-6.021,9.0,1.0,1PdUyYYw9sGU0yhLrpeHKt,US,Person,1999,pop|electropop|dance-pop|2020s|american,2025-08-29,2025-08-29,deezer,2025.0,320.0,132
561,Gil,Milo j,1,False,124407246,436658,182,0.351,,1.0,True,3567647221.0,Gil,Milo j,ARZA12500013,2025-09-25,233.0,False,-9.0,,652848.0,album,15.0,Sony Music Latin,Alternative,Alternative,,,,,,,,,,,,,AR,Person,2006,alternative rock|latin rock|trap,2025-09-25,2025-09-25,deezer,2025.0,293.0,379
562,Eu Mereço Ser Feliz,Mumuzinho,1,False,124156564,58744,646,0.0473,,0.94,True,1084355132.0,Eu Mereço Ser Feliz (Ao Vivo),Mumuzinho,BRUM72002336,2020-09-25,176.0,False,-8.9,,331284.0,album,9.0,Universal Music Ltda.,Brazilian Music,Brazilian Music,0.659,0.754,0.822,0.262,0.0,0.161,0.104,113.267,-6.268,7.0,1.0,5uYWYirqNeTqTkbBBYRmVT,BR,Person,,,2018-10-26,2018-10-26,musicbrainz,2018.0,2819.0,-84
563,OJITOS MENTIROSOS,Chino Pacas,1,False,124097643,216674,373,0.1746,,1.0,True,3449209881.0,OJITOS MENTIROSOS,Chino Pacas,QT4HX2500085,2025-08-01,169.0,False,-8.1,,448837.0,album,13.0,Streetmob Records,Latin Music,Latin Music,0.717,0.632,0.755,0.55,0.0,0.16,0.0289,106.907,-5.924,7.0,0.0,1MPs1qa830QkHuyAOnaRqe,MX,Person,2007,,2025-08-01,2025-08-01,deezer,2025.0,348.0,190
564,bloodonmyhands,Tate McRae,1,False,124023923,100546,567,0.0811,,1.0,True,3240044371.0,bloodonmyhands (feat. Flo Milli),Tate McRae,USRC12403578,2025-02-21,162.0,True,-7.4,,574046.0,album,15.0,RCA Records Label,Pop,Pop,0.572,0.707,0.375,0.302,0.0,0.174,0.0552,72.49,-4.771,11.0,0.0,5XEiB0fnWSZpBhE2t7sumF,CA,Person,2003,pop|dance-pop|2020s|female vocals|pop rock,2025-02-13,2025-02-13,musicbrainz,2025.0,517.0,-3
565,LA NETA,Clave Especial,1,False,123802145,213388,377,0.1724,,1.0,True,3240204101.0,LA NETA,Clave Especial,USWL12500625,2025-02-20,186.0,True,-9.1,,430697.0,album,16.0,WEA Latina,Latin Music,Latin Music,0.791,0.804,0.512,0.0684,0.0,0.513,0.0318,112.523,-5.287,4.0,0.0,2HXCXjTJZbjxr8IvfDSeNC,US,Group,,,2025-02-20,2025-02-20,deezer,2025.0,510.0,188
566,Ava Enna,Harris Jayaraj,1,False,123729585,64582,632,0.0522,,1.0,True,13252888.0,Ava Enna,Harris Jayaraj,INS170816335,2008-10-08,317.0,False,-10.4,,155823.0,album,7.0,Sony Music Entertainment India Pvt. Ltd.,Indian Music,Indian Music|Films/Games|Film Scores,0.594,0.454,0.705,0.497,3.83e-05,0.0736,0.0755,133.825,-9.422,5.0,0.0,1wIfq9Zul77qAtokyLTlXr,IN,Person,1975,film composer|filmi,2008-09-24,2008-09-24,musicbrainz,2008.0,6503.0,-66
567,Perdedor,Intocable,1,False,123314222,122588,524,0.0994,,1.0,True,16928597.0,Perdedor,Intocable,USEL19800125,2012-03-23,256.0,False,-10.4,124.5,443181.0,album,15.0,Capitol Latin,Latin Music,Latin Music,0.628,0.44,0.724,0.238,1.64e-06,0.0739,0.0454,124.11,-11.807,9.0,1.0,5sHOBcNrTIwLllx5BqLl8e,US,Group,,alternative country|latin|norteño|tejano|regional mexicano,1998-06-16,1998-06-16,musicbrainz,1998.0,10256.0,43
568,Paris,Nono La Grinta,1,False,123237335,353813,228,0.2871,,1.0,True,3294048841.0,Paris,Nono La Grinta,FR9W12431939,2025-04-02,172.0,True,-9.3,,991921.0,single,1.0,MPR Records,Rap/Hip Hop,Rap/Hip Hop,0.831,0.854,0.358,0.12,0.0,0.147,0.0967,124.003,-5.52,5.0,0.0,6ctcVdXaJKn5LVFDjMBqzc,FR,Person,,,2025-04-02,2025-04-02,deezer,2025.0,469.0,340
569,TU COQUETTE,Clave Especial,1,False,123083892,72895,615,0.0592,,1.0,True,2765143531.0,TU COQUETTE,Clave Especial,USWL12401445,2024-05-03,142.0,False,-9.5,,327805.0,single,1.0,WEA Latina,Latin Music,Latin Music,0.783,0.716,0.655,0.121,1.26e-06,0.129,0.0397,143.131,-4.484,1.0,1.0,6fEGEvOAyszsJjQeLjK6PW,US,Group,,,2025-02-20,2024-05-03,deezer,2024.0,803.0,-46
570,Se Eu Te Perdoar,Clayton & Romário,2,True,122898353,227165,358,0.1848,,0.94,True,3537838651.0,Se Eu Te Perdoar (Ao Vivo),Clayton & Romário,BCYWS2400048,2025-09-11,164.0,False,-7.4,,836049.0,single,1.0,WM Brazil,Brazilian Music,Brazilian Music,,,,,,,,,,,,,,Group,,,,2025-09-11,deezer,2025.0,307.0,212
571,DON'T KILL THE PARTY,Ty Dolla $ign,1,False,122879579,392778,203,0.3196,,1.0,True,3606605812.0,DON'T KILL THE PARTY (feat. Quavo & Juicy J),Ty Dolla $ign,USAT22504301,2025-10-17,132.0,True,-8.9,,601182.0,album,15.0,Atlantic Records,Rap/Hip Hop,Rap/Hip Hop,0.941,0.535,0.468,0.0108,0.0,0.148,0.113,124.042,-5.974,11.0,1.0,4YmsnZcxHEGEqHB3K0vdt0,US,Person,1985,hip hop|pop rap|rap|r&b|english,2025-09-19,2025-09-19,musicbrainz,2025.0,299.0,368
572,Antara Ada dan Tiada,Utopia,1,False,122761183,95429,576,0.0777,,1.0,True,473695992.0,Antara Ada Dan Tiada,Utopia,IDA040368105,2003-01-03,242.0,False,-9.2,166.04,75921.0,album,9.0,Aquarius Musikindo,Pop,Pop,0.501,0.709,0.252,0.074,0.0,0.326,0.0441,82.993,-5.569,1.0,0.0,2mDviWBPhnfsnrB3TB2KRO,US,Group,1974,progressive rock|rock|70s|80s|experimental,2004,2003-01-03,deezer,2003.0,8594.0,-4
573,Periódico de Ayer,Héctor Lavoe,1,False,122624223,94327,578,0.0769,,1.0,True,688751902.0,Periódico De Ayer,Héctor Lavoe,USDBB0600366,2019-06-01,407.0,False,-9.0,131.67,573803.0,album,27.0,Fania,Latin Music,Latin Music,0.464,0.635,0.719,0.0919,4.05e-05,0.165,0.03,100.222,-8.03,5.0,0.0,6b6KXxJ06DwpVDxdGmIQhW,PR,Person,1946,salsa|latin|bolero,1976,1976-01-01,musicbrainz,1976.0,18458.0,-5
574,Pahina,Cup of Joe,1,False,122599042,337072,240,0.2749,,1.0,True,3177261271.0,Pahina,Cup of Joe,PHV032513047,2025-01-17,249.0,False,-7.8,,257505.0,album,10.0,Viva Records,Pop,Pop,0.582,0.655,0.404,0.725,0.0,0.272,0.0513,160.068,-6.788,7.0,1.0,0jGL1ApJ7QrVWL7nRqLdij,PH,Group,,,2025-01-17,2025-01-17,deezer,2025.0,544.0,334
575,I'm A Little Crazy,Morgan Wallen,1,False,122512978,151627,467,0.1238,,1.0,True,3278158621.0,I'm A Little Crazy,Morgan Wallen,USUG12501631,2025-03-21,199.0,False,-8.7,,482069.0,single,1.0,Mercury Records/Morgan Wallen,Country,Country,0.641,0.34,0.317,0.799,5.34e-06,0.213,0.0373,149.707,-7.585,9.0,1.0,2zIl3eEUd51KdtqGyJw1sg,US,Person,1993,country|country pop|2020s|racist,2025-03-21,2025-03-21,deezer,2025.0,481.0,108
576,Guasto D'Amore,Bresh,1,False,122381048,69230,622,0.0566,,1.0,True,2125500317.0,Guasto D'Amore,Bresh,ITB002300119,2023-01-27,200.0,False,-10.7,,411008.0,single,1.0,Epic,Pop,Pop,0.545,0.597,0.707,0.241,0.0,0.107,0.0308,103.848,-7.878,8.0,1.0,4CQNELF3U3gyNcI6sLr6yK,IT,Person,1996,,2023-01-27,2023-01-27,deezer,2023.0,1265.0,-46
577,Dead Girl Walking,Kevin Murphy,1,False,122149867,71547,618,0.0586,,0.94,True,3376090911.0,Dead Girl Walking (Reprise),Kevin Murphy,US6W61422239,2025-06-06,164.0,True,-11.9,,389205.0,album,27.0,Yellow Sound Label,Films/Games,Films/Games|Film Scores,0.745,0.6,0.706,0.403,0.0,0.0595,0.18,110.275,-7.285,8.0,1.0,0ZwCQw4tzcMGq8wZpx1KjX,US,Person,1967,,,2025-06-06,deezer,2025.0,404.0,-41
578,OLIMPO,Milo j,1,False,122087262,263877,313,0.2161,,1.0,True,3227161741.0,OLIMPO,Milo j,UYB282558375,2025-02-12,169.0,False,-7.7,,488324.0,album,20.0,DALE PLAY Records,Latin Music,Latin Music,0.572,0.69,0.644,0.594,3.44e-05,0.336,0.0507,82.436,-4.326,3.0,1.0,6tt6JnKerLnOL0oez9QPqS,AR,Person,2006,alternative rock|latin rock|trap,2025-02-12,2025-02-12,deezer,2025.0,518.0,265
579,With You,Davido,1,False,122086288,135450,499,0.1109,,1.0,True,3324595541.0,With You (feat. Omah Lay),Davido,GBARL2401834,2025-04-18,136.0,False,-8.7,,632570.0,album,17.0,Columbia,R&B,R&B,,,,,,,,,,,,,NG,Person,1992,afrobeat|electronic|hip hop|nigeria|davido,2025-04-18,2025-04-18,deezer,2025.0,453.0,80
580,HEAVY LOVE,Odetari,1,False,122036755,137105,497,0.1123,,1.0,True,3207524711.0,HEAVY LOVE,Odetari,QZZ4J2500018,2025-02-05,142.0,True,-5.8,,610360.0,single,3.0,"APG, Inc. - Odetari II",Electro,Electro,0.508,0.695,0.117,0.00189,0.0,0.182,0.034,117.96,-4.141,1.0,1.0,00sYArtNakKfJoxUtt8DAH,US,Person,2000,krushclub|electronic|rage|cloud rap|jersey club,2025-02-05,2025-02-05,deezer,2025.0,525.0,83
581,"Sitaare (From ""Ikkis"")",Arijit Singh,1,False,122029712,604945,111,0.4957,,1.0,True,3693796662.0,"Sitaare (From ""Ikkis"")",Arijit Singh,INS172515504,2025-12-03,242.0,False,-7.4,,295931.0,single,1.0,Sony Music Entertainment India Pvt. Ltd.,Films/Games,Films/Games|Film Scores|Bollywood,,,,,,,,,,,,,IN,Person,1987,bollywood|filmi|indian pop|gaana,2025-12-26,2025-12-03,deezer,2025.0,224.0,470
582,Caos de Alguém (Ao Vivo),Felipe e Rodrigo,1,False,121410476,233726,349,0.1925,,1.0,True,3771563402.0,Caos De Alguém (Ao Vivo),Felipe e Rodrigo,BKMKR2500024,2025-07-18,154.0,False,-7.9,,745134.0,single,1.0,MK Records,Brazilian Music,Brazilian Music,0.68,0.826,0.64,0.443,0.0,0.84,0.0362,123.94,-5.363,9.0,0.0,6zxthXT7GUBX83vRmQiN3x,BR,Group,,,,2025-07-18,deezer,2025.0,362.0,233
583,Die In a Fire,The Living Tombstone,1,False,121299352,63531,636,0.0524,,1.0,True,99189578.0,Die In a Fire (feat. EileMonty & Orko),The Living Tombstone,USDHM1511744,2015-04-24,185.0,False,-7.5,110.0,523006.0,single,2.0,The Living Tombstone,Dance,Dance|Pop,0.535,0.672,0.521,0.0275,0.0,0.327,0.0699,110.048,-4.417,3.0,0.0,1SXuOan5v9G1mM7X0ieXrM,IL,Group,2011,electronic|edm|pop|dance|songs based on games,2015-04-24,2015-04-24,deezer,2015.0,4100.0,-53
584,Ese,Conjunto Primavera,1,False,121187983,105064,557,0.0867,,0.94,True,378639171.0,Ese Señor de las Canas,Conjunto Primavera,USSD11700219,2017-06-30,166.0,False,-10.9,149.8,18960.0,album,12.0,Sony Music Latin,,,0.546,0.624,0.88,0.453,0.0,0.0453,0.0461,150.3,-5.456,10.0,1.0,32jY6n8TEYT6iEnBAVwSQs,MX,Group,1978,norteño|regional mexicano|norteño-sax,2006,2006-01-01,musicbrainz,2006.0,7500.0,27
585,cliché,mgk,1,False,120864596,182808,420,0.1513,,1.0,True,3765803762.0,cliché,Machine Gun Kelly,USUG12503219,2026-01-09,176.0,False,-6.2,,625536.0,album,14.0,"EST 19XX, LLC, under exclusive license to Interscope Records",Alternative,Alternative,0.705,0.734,0.455,0.00245,0.0,0.0557,0.0341,104.989,-4.889,2.0,1.0,4Ysgk0Twt12BUhykX1JzlE,IT,Group,2000,hard rock,,2026-01-09,deezer,2026.0,187.0,165
586,dandelion,Ariana Grande,1,False,120852575,176257,432,0.1458,,1.0,True,3307827091.0,dandelion,Ariana Grande,USUM72501917,2025-04-04,205.0,False,-8.8,,221218.0,album,38.0,Republic Records,Pop,Pop,0.603,0.467,0.357,0.649,0.0,0.192,0.0878,169.802,-7.456,10.0,0.0,5G6fY8QYk5azqSRGI9FMpa,US,Person,1993,pop|r&b|dance-pop|contemporary r&b|dance,2025-03-27,2025-03-27,musicbrainz,2025.0,475.0,154
587,Next Summer,Damiano David,1,False,120436843,100495,568,0.0834,,1.0,True,3254673641.0,Next Summer,Damiano David,ITB002500107,2025-02-28,165.0,True,-6.5,,877365.0,single,1.0,Sony Music Italy / Arista Records,Pop,Pop|Rock,0.419,0.655,0.469,0.0625,0.0,0.0954,0.0349,134.851,-4.217,11.0,1.0,6xZCDUaY4XzlhCSHKSW7rf,IT,Person,1999,,2025-02-28,2025-02-28,deezer,2025.0,502.0,19
588,i miss you,Beéle,1,False,120314594,90791,585,0.0755,,1.0,True,3041964151.0,i miss you,Beele,QZ7B82400152,2024-10-17,175.0,False,-9.1,,530534.0,ep,6.0,5020 Records,Rap/Hip Hop,Rap/Hip Hop,0.511,0.549,0.108,0.156,0.0,0.213,0.0788,124.041,-4.845,10.0,0.0,65oSp7rdpLddlRGUgogU24,CO,Person,2003,latin|reggaeton|trap latino,2025-05-15,2024-10-17,deezer,2024.0,636.0,3
589,no song without you,HONNE,1,False,120300619,18916,720,0.0157,,1.0,True,986616972.0,no song without you,HONNE,GBAHS2000332,2020-06-12,161.0,False,-9.6,,340523.0,single,1.0,Atlantic Records UK,Electro,Electro,0.778,0.462,0.817,0.463,0.583,0.11,0.0359,105.45,-12.729,0.0,1.0,3KKUf8F2hktFscLgbH4YwR,GB,Group,2014,,2020-06-12,2020-06-12,deezer,2020.0,2224.0,-131
590,Desesperada,Marta Sánchez,1,False,120223324,55862,654,0.0465,,1.0,True,1571804002.0,Desesperada,Marta Sánchez,ES5709904443,2021-12-08,226.0,False,-8.2,,409864.0,album,50.0,UME - Global Clearing House,Pop,Pop|Latin Music,0.771,0.935,0.872,0.00861,8.17e-06,0.063,0.0729,98.226,-4.805,6.0,0.0,23IeExfdx0x6ARkuVxO19T,ES,Person,1966,pop|dance-pop,1993,1993-01-01,musicbrainz,1993.0,12248.0,-64
591,Wait For You,Myles Smith,1,False,120201809,139967,489,0.1164,,1.0,True,2933989291.0,Wait For You,Myles Smith,GBARL2401092,2024-08-23,201.0,False,-6.3,,648118.0,single,2.0,RCA Records Label,Singer & Songwriter,Singer & Songwriter,0.642,0.713,0.302,0.161,0.0,0.137,0.0451,123.943,-5.281,6.0,1.0,313BD5BCKUw6EdOuYhBX5f,GB,Person,1998,folk pop|stomp and holler,2024-08-23,2024-08-23,deezer,2024.0,691.0,102
592,Saiyaara Reprise,Tanishk Bagchi,1,False,120097131,162581,450,0.1354,,0.739,False,,,,,,,,,,,,,,,,,,,,,,,,,,,,IN,Person,1980,filmi,,,,,,142
593,1000COSAS,Lola Indigo,1,False,119992125,33537,701,0.0279,,1.0,True,2683558882.0,1000COSAS,Lola Indigo,ESUM72400225,2024-03-07,239.0,False,-7.3,,492220.0,single,1.0,Universal Music Spain S.L.,Pop,Pop|Latin Music,0.697,0.74,0.331,0.0132,0.000155,0.117,0.0397,131.938,-4.717,6.0,0.0,6oG4QoULFcDMZBbZJwRV1m,ES,Person,1992,latin pop|reggaeton|electropop|dance-pop|funk carioca,2024-03-07,2024-03-07,deezer,2024.0,860.0,-108
594,Ride,Sir Mix-A-Lot,1,False,119875119,66467,626,0.0554,,1.0,True,113510444.0,Ride,Sir Mix-A-Lot,USLIC0701161,2012-11-13,217.0,True,-12.4,,496209.0,album,14.0,American Recordings Catalog P&D,Rap/Hip Hop,Rap/Hip Hop,0.917,0.846,0.902,0.0123,1.23e-05,0.0513,0.12,129.493,-7.6,6.0,1.0,4KWippXlkZ5x2RdNKGQfAe,US,Person,1963,hip hop|west coast hip hop|electro|american|pop and chart,1994-07-19,1994-07-19,musicbrainz,1994.0,11684.0,-32
595,We Almost Broke Up Again Last Night,Sabrina Carpenter,1,False,119467718,203820,392,0.1706,,1.0,True,3529873521.0,We Almost Broke Up Again Last Night,Sabrina Carpenter,USUM72504442,2025-08-29,203.0,True,-8.3,,655258.0,album,12.0,Island Records,Pop,Pop,0.353,0.566,0.274,0.526,0.0,0.247,0.0323,175.972,-5.123,4.0,1.0,6wkYQMrFfb0huLB5Qn19Iv,US,Person,1999,pop|electropop|dance-pop|2020s|american,2025-08-29,2025-08-29,deezer,2025.0,320.0,203
596,Beautiful Strangers,TOMORROW X TOGETHER,2,True,118969860,49055,669,0.0412,,1.0,True,3462560431.0,Beautiful Strangers,TOMORROW X TOGETHER,USA2P2529276,2025-07-21,138.0,False,-7.7,,484903.0,album,8.0,Republic Records - TXT,Asian Music,Asian Music,0.595,0.581,0.0686,0.0475,0.0,0.0666,0.0395,86.996,-4.522,2.0,1.0,6IYvOX6K6tbBmj00JRU5Rw,KR,Group,2019,k-pop|boy group|4th gen k-pop|boy band,2025-07-21,2025-07-21,deezer,2025.0,359.0,-73
597,bauch beine po,Shirin David,1,False,118878662,42630,681,0.0359,,1.0,True,2903961441.0,bauch beine po,Shirin David,DECE72401327,2024-07-25,134.0,True,-8.4,,629166.0,single,1.0,Juicy Money Records,Rap/Hip Hop,Rap/Hip Hop,0.954,0.746,0.886,0.0272,0.00227,0.0892,0.0995,123.969,-6.113,4.0,0.0,64f3yNXsi2Vk76odcHCOnw,DE,Person,1995,rap|german|hip hop|hamburg|deutschrap,2024-07-25,2024-07-25,deezer,2024.0,720.0,-84
598,Gauchinha,DJ Japa NK,1,False,118834813,452177,175,0.3805,,1.0,True,3703629172.0,Gauchinha,DJ Japa NK,BRKO12501723,2025-12-17,273.0,False,-9.3,,860929.0,album,12.0,2025 KondZilla Nova Era,,,0.934,0.476,0.573,0.295,0.0,0.0779,0.505,130.075,-7.046,1.0,0.0,7qqixxBvZIGSep53Eh2o0b,,Person,,,,2025-12-17,deezer,2025.0,210.0,423
599,TN,Morgan Wallen,1,False,118412486,206861,386,0.1747,,1.0,True,3366676941.0,TN,Morgan Wallen,USUG12501609,2025-05-16,185.0,False,-7.6,,413854.0,album,37.0,Big Loud Records / Mercury Records / Republic Records,Country,Country,0.617,0.666,0.487,0.581,3.19e-06,0.147,0.0426,156.489,-5.553,8.0,1.0,7lq4b3sYM9cYSnCMxCafKe,US,Person,1993,country|country pop|2020s|racist,2025-05-16,2025-05-16,deezer,2025.0,425.0,213
600,Mariposa Traicionera,Maná,1,False,118313289,75121,613,0.0635,,1.0,True,3887322.0,Mariposa Traicionera,Mana,MXF150200070,2007-06-28,264.0,False,-8.5,101.1,599798.0,album,12.0,WM Mexico,Pop,Pop,0.773,0.794,0.907,0.527,0.000339,0.113,0.0326,101.143,-4.954,5.0,0.0,76q0nfoj9joegcrMLzmoVn,MX,Group,1986,latin|rock|pop|pop rock|latin pop,2002-08-20,2002-08-20,musicbrainz,2002.0,8730.0,-13
601,Gen Z Luv,Central Cee,1,False,118061265,64398,634,0.0545,,1.0,True,3196387971.0,Gen Z Luv,Central Cee,USSM12405522,2025-01-24,153.0,True,-9.3,,540322.0,album,17.0,Columbia,Rap/Hip Hop,Rap/Hip Hop,0.593,0.809,0.693,0.172,0.0,0.354,0.254,150.216,-6.123,10.0,1.0,13hJUmR1UpCUzyHjotiImK,GB,Person,1998,hip hop|uk drill|grime|drill|trap,2024-07-25,2024-07-25,musicbrainz,2024.0,720.0,-33
602,Ants Marching,Dave Matthews Band,1,False,118022339,41422,683,0.0351,,1.0,True,13230747.0,Ants Marching,Dave Matthews Band,USRC10201352,2004-02-29,475.0,False,-8.5,108.5,42298.0,album,21.0,RCA Records Label,Rock,Rock,0.402,0.951,0.529,0.106,0.000754,0.926,0.0663,110.295,-4.669,2.0,1.0,3gOe3cB76r3WNYUBtO8YPU,US,Group,1991,rock|alternative rock|jazz rock|jam band|pop rock,1995-02-14,1995-02-14,musicbrainz,1995.0,11474.0,-81
603,Mon amour,Slimane,1,False,117956500,54797,657,0.0465,,1.0,True,2530801451.0,Mon amour,Slimane,FRDZ22300550,2023-11-08,180.0,False,-10.6,,844335.0,single,1.0,Universal Music Distributed Labels,Pop,Pop,0.523,0.36,0.167,0.144,0.0,0.0896,0.036,141.731,-8.018,11.0,0.0,5N7IYups0hGrlVcvj0bmHG,FR,Person,1989,eurovision 2024 artists|pop|french|singer-songwriter|chanson française,2023-11-08,2023-11-08,deezer,2023.0,980.0,-54
604,Do You Want To,Franz Ferdinand,1,False,117845303,33507,702,0.0284,,1.0,True,4315297.0,Do You Want To,Franz Ferdinand,GBCEL0500855,2005-10-03,215.0,False,-6.8,123.05,634104.0,album,13.0,Domino Recording Co,Pop,Pop,0.412,0.944,0.79,0.0724,0.000493,0.801,0.0448,123.091,-2.896,0.0,1.0,6WrnSlcN0dzTO80mVVbBto,GB,Group,2001,indie rock|post-punk revival|art rock|dance-punk|british,2005,2005-01-01,musicbrainz,2005.0,7865.0,-98
605,MONTAGEM COMA,ANDROMEDA,1,False,117687464,261382,317,0.2221,,1.0,True,3382332821.0,MONTAGEM COMA,ANDROMEDA,CA5KR2535389,2025-06-06,73.0,False,-6.7,,695211.0,ep,4.0,Elysian Records,Electro,Electro,,,,,,,,,,,,,SE,Group,1999,progressive metal,2025-06-06,2025-06-06,deezer,2025.0,404.0,288
606,Mundhinam,Harris Jayaraj,1,False,117633962,63528,637,0.054,,1.0,True,13252886.0,Mundhinam,Harris Jayaraj,INS170816333,2008-10-08,341.0,False,-10.7,,154735.0,album,7.0,Sony Music Entertainment India Pvt. Ltd.,Indian Music,Indian Music|Films/Games|Film Scores,0.474,0.548,0.676,0.237,0.0,0.0791,0.331,193.671,-8.614,11.0,1.0,1n5gnI3Wue9WBpYFOIQNh1,IN,Person,1975,film composer|filmi,,2008-10-08,deezer,2008.0,6489.0,-31
607,SOMETHING ABOUT YOU,PARTYNEXTDOOR,1,False,117465710,159551,457,0.1358,,1.0,True,3232025521.0,SOMETHING ABOUT YOU,PARTYNEXTDOOR,USLD91772021,2025-02-14,219.0,True,-9.9,,567978.0,album,21.0,OVO Sound,R&B,R&B,0.51,0.491,0.0792,0.24,2.73e-05,0.359,0.1,136.093,-8.869,7.0,0.0,1F6nHHDJyTHLgDDFj1ZZDt,CA,Person,1993,r&b|contemporary r&b|alternative r&b|trap soul|canadian,2025-02-14,2025-02-14,deezer,2025.0,516.0,150
608,PA QUE LO BAILES (BAILALO ROCKY),Lomiiel,1,False,117356888,126622,518,0.1079,,1.0,True,3248360441.0,PA QUE LO BAILES (BAILALO ROCKY),Lomiiel,QZQAY2596655,2025-02-28,125.0,False,-11.4,,648965.0,single,1.0,Open Shift Distribution,,,0.757,0.378,0.852,0.561,0.000449,0.453,0.402,186.003,-9.01,3.0,1.0,6LAE0cwzbk9Gr1uexKnA2B,DO,Person,,,2025-02-28,2025-02-28,deezer,2025.0,502.0,90
609,KEHLANI (REMIX) [feat. Kehlani],Jordan Adetunji,1,False,117295023,101598,564,0.0866,,1.0,True,2896894551.0,KEHLANI (REMIX) [feat. Kehlani],Jordan Adetunji,USAT22406357,2024-06-20,180.0,True,-6.2,,586341.0,single,1.0,300 Entertainment,Rap/Hip Hop,Rap/Hip Hop,0.408,0.699,0.219,0.0759,0.0,0.298,0.0559,159.687,-3.607,6.0,1.0,5Nt2FMqnKI2mlp7lztURNo,GB,Person,1999,,2024-05-22,2024-05-22,musicbrainz,2024.0,784.0,45
610,ZAZA,Oscar Maydon,1,False,117213217,116337,538,0.0993,,1.0,True,3392792961.0,ZAZA,Óscar Maydon,QZ9QQ2500286,2025-06-06,234.0,True,-8.0,,465123.0,album,12.0,Rancho Humilde/Sony Music Latin,,,,,,,,,,,,,,,MX,Person,1999,,2025-06-06,2025-06-06,deezer,2025.0,404.0,72
611,Beers And Sunshine,Darius Rucker,1,False,117209253,44452,678,0.0379,,1.0,True,1040026052.0,Beers And Sunshine,Darius Rucker,USUM72013302,2020-08-06,178.0,False,-8.9,,330370.0,single,1.0,Capitol Records Nashville,Country,Country,0.57,0.645,0.677,0.134,0.0,0.147,0.0304,81.084,-5.816,5.0,1.0,5aJueNDsBDMBweaZxvtzoz,US,Person,1966,rock|pop|contemporary country|country|country pop,2020-08-06,2020-08-06,deezer,2020.0,2169.0,-67
612,Vai Cair Água,Diego & Arnaldo,2,True,117117773,184953,417,0.1579,,0.94,True,3402971741.0,Vai Cair Água (Ao Vivo),Diego & Arnaldo,BKZP62500001,2025-06-20,150.0,False,-6.6,,837231.0,single,1.0,Som Livre,Brazilian Music,Brazilian Music,0.698,0.815,0.784,0.631,0.0,0.157,0.0516,132.12,-3.051,11.0,0.0,4x5aPBkI9q8bYkdgLdypO2,BR,Group,,,,2025-06-20,deezer,2025.0,390.0,195
613,I Am...I Said,Neil Diamond,1,False,116968818,53351,659,0.0456,,0.94,True,537961012.0,I Am...I Said (Single Version),Neil Diamond,USMC17146646,2018-08-08,212.0,False,-10.7,182.94,522281.0,album,42.0,Neil Diamond,Pop,Pop,0.262,0.361,0.459,0.087,1.79e-06,0.107,0.0278,90.804,-14.122,10.0,1.0,0XWEb8ebIDI00koZUhEShU,US,Person,1941,singer-songwriter|pop|soft rock|pop rock|rock,1971,1971-01-01,musicbrainz,1971.0,20284.0,-46
614,Palmar,Caloncho,1,False,116953841,18705,721,0.016,,1.0,True,111778268.0,Palmar,Caloncho,MXUM71501736,2015-11-06,191.0,False,-10.1,133.8,170258.0,ep,4.0,Universal Music Mexico,Rock,Rock|Latin Music,0.859,0.505,0.796,0.798,0.0671,0.27,0.0397,133.988,-8.766,7.0,1.0,1INtYY3PE2RP7NrhHOsBaz,MX,Person,,,2013-06-18,2013-06-18,musicbrainz,2013.0,4775.0,-107
615,Always Somewhere,Scorpions,1,False,116950431,179379,427,0.1534,,0.96,True,3988959411.0,Always Somewhere,LOVEDRIVE Scorpions Experience,QZWFS2615471,2026-04-30,303.0,False,-11.1,,226532.0,single,1.0,Fortunato Music Group,Rock,Rock,,,,,,,,,,,,,DE,Group,1965,hard rock|heavy metal|rock|german|classic rock,1978,1978-01-01,musicbrainz,1978.0,17727.0,188
616,The Chase,Hearts2Hearts,1,False,116870505,164748,444,0.141,,1.0,True,3234208281.0,The Chase,Hearts2Hearts,KRA302500047,2025-02-24,178.0,False,-7.2,,466784.0,single,2.0,SM Entertainment,Asian Music,Asian Music|Pop,0.711,0.734,0.143,0.161,0.0015,0.0843,0.0335,125.946,-4.743,2.0,1.0,68UrZQUuO3O6eUiD226xHg,KR,Group,2025,k-pop|girl group,2025-02-24,2025-02-24,deezer,2025.0,506.0,172
617,Sampai Menutup Mata,Mahalini,1,False,116830251,66324,628,0.0568,,1.0,True,2953071091.0,Sampai Menutup Mata,Mahalini,QZZNV2400133,2024-09-06,248.0,False,-7.9,,132709.0,single,2.0,Hits records,Asian Music,Asian Music|Pop,0.368,0.422,0.0828,0.866,5.28e-05,0.106,0.0366,117.173,-6.905,7.0,1.0,5bY4g7cLyasuuhthJ7Mdlh,ID,Person,2000,,2025-10-30,2024-09-06,deezer,2024.0,677.0,-11
618,Triple Lavada,Esau Ortiz,1,False,116743517,165313,442,0.1416,,1.0,True,3298488061.0,Triple Lavada,Esaú Ortiz,MXA4M2500036,2025-03-28,165.0,True,-8.2,,564582.0,single,1.0,ESAU ORTIZ AZUARA/Sony Music Latin,Rap/Hip Hop,Rap/Hip Hop,0.909,0.583,0.557,0.417,0.0,0.137,0.0847,100.012,-5.735,10.0,0.0,0ZDV3tNhU0FAhUwcKYlSTn,MX,Person,2001,regional mexicano|corrido tumbado,2025-03-28,2025-03-28,deezer,2025.0,474.0,176
619,Libu-Libong Buwan (Uuwian),Kyle Raphael,1,False,116709066,563642,126,0.4829,,1.0,True,3509794371.0,Libu-Libong Buwan (Uuwian),Kyle Raphael,PHV032513245,2025-08-22,178.0,False,-9.7,,241383.0,single,1.0,Viva Records,Pop,Pop,0.709,0.268,0.243,0.728,0.0,0.332,0.0299,120.036,-10.012,6.0,1.0,5r45gXar0mUS6ow4w7X0R7,PH,Person,,,2025-08-22,2025-08-22,deezer,2025.0,327.0,493
620,Borboletas,Victor & Leo,2,True,116586443,106022,556,0.0909,,1.0,True,13245343.0,Borboletas,Victor & Leo,BRSME0800586,2009-02-11,200.0,False,-9.5,137.8,713839.0,album,12.0,Sony BMG Music Entertainment,Brazilian Music,Brazilian Music,0.624,0.823,0.451,0.533,0.0,0.0864,0.0297,137.97,-6.036,11.0,0.0,1Go5sZ2OZeWNyskKsX2CFW,BR,Group,1992,sertanejo|sertanejo romântico,2008,2008-01-01,musicbrainz,2008.0,6770.0,64
621,Tus Mentiras (En Vivo),Moy Bobadilla,1,False,116490412,661275,96,0.5677,,1.0,True,3309760191.0,Tus Mentiras (En Vivo),Moy Bobadilla,USA2P2516308,2025-04-10,280.0,False,-10.1,,598222.0,album,10.0,Vida Recia & Music VIP Entertainment Presenta Moy Bobadilla,Latin Music,Latin Music,,,,,,,,,,,,,,Person,2001,regional mexicano|banda sinaloense,,2025-04-10,deezer,2025.0,461.0,525
622,Ignoraste Mis Lágrimas,Pancho Barraza,1,False,116403938,60771,642,0.0522,,1.0,True,861591842.0,Ignoraste Mis Lágrimas,Pancho Barraza,MXF399501572,2020-02-01,175.0,False,-12.1,,427413.0,album,20.0,Musart-Balboa,Latin Music,Latin Music,0.441,0.544,0.898,0.385,3.25e-06,0.162,0.0413,83.461,-7.818,2.0,1.0,12M4PzpcGsn49aJvxkaadh,MX,Person,1961,latin pop|mariachi|ranchera|regional mexicano|tropical house,1995-05-02,1995-05-02,musicbrainz,1995.0,11397.0,-20
623,ILY,Kapo,1,False,116394159,163609,447,0.1406,,1.0,True,3260565211.0,ILY,Kapo,QZDYA1800473,2025-03-06,218.0,False,-9.4,,533367.0,single,1.0,Sony Music Latin/La Industria,African Music,African Music|Rap/Hip Hop|Pop,0.63,0.66,0.313,0.136,6.61e-05,0.109,0.151,200.002,-4.785,0.0,1.0,5ru2w4Y7xP58IXE6m4orW0,,Group,,,2025-07-03,2025-03-06,deezer,2025.0,496.0,176
624,COSITA LINDA,ELENA ROSE,1,False,116179684,328917,251,0.2831,,1.0,True,3462155161.0,COSITA LINDA,ELENA ROSE,USWL12503665,2025-07-24,139.0,False,-7.9,,602992.0,single,1.0,WEA Latina,Electro,Electro|Latin Music,0.741,0.722,0.713,0.585,0.000102,0.0932,0.151,101.058,-4.166,7.0,0.0,6tNGSjIgbSp3B2LOWumkJ0,US,Person,,,2025-07-24,2025-07-24,deezer,2025.0,356.0,373
625,Something Inbetween,Olivia Dean,1,False,116142709,320817,255,0.2762,,1.0,True,3562948101.0,Something Inbetween,Olivia Dean,GBUM72503090,2025-09-26,152.0,False,-8.9,,701063.0,album,12.0,PLG - Capitol,Pop,Pop,0.542,0.513,0.323,0.892,8.32e-05,0.109,0.123,159.512,-7.891,0.0,1.0,28HadeGsalBfbVfMEkCcF7,GB,Person,1999,neo soul|pop soul|pop|female vocals|indie pop,2025-09-26,2025-09-26,deezer,2025.0,292.0,370
626,Silly Love Songs,Wings,1,False,116122243,49665,668,0.0428,,0.94,True,3856057001.0,Silly Love Songs (Demo),Wings,GBCCS2600001,2026-02-27,166.0,False,-16.5,,257419.0,album,12.0,Paul McCartney Catalog,Rock,Rock,,,,,,,,,,,,,GB,Group,1971,rock|soft rock|classic rock|pop rock|pop,1976-03-25,1976-03-25,musicbrainz,1976.0,18374.0,-42
627,peliculiando,Fuerza Regida,1,False,115977576,181587,424,0.1566,,1.0,True,3345439161.0,peliculiando,Fuerza Regida,QZ9QQ2500154,2025-05-02,208.0,True,-9.4,,452519.0,album,12.0,Rancho Humilde/Street Mob Records/Sony Music Latin,,,0.731,0.715,0.834,0.552,0.0,0.321,0.0861,134.91,-5.384,8.0,0.0,4st6K8nGBjANh0mKNvOpnt,MX,Group,2015,regional mexicano,2025-05-02,2025-05-02,deezer,2025.0,439.0,203
628,Der Kommissar,Falco,1,False,115755984,39971,687,0.0345,,1.0,True,759427242.0,Der Kommissar,Falco,ATB158200018,2019-09-27,232.0,False,-12.3,,410059.0,ep,4.0,Ariola,Pop,Pop,0.927,0.513,0.95,0.0365,1.74e-06,0.0299,0.0641,118.238,-12.887,9.0,0.0,6aPngH90CbvyYMcWrDzROF,AT,Person,1957,pop|austrian|80s|austropop|neue deutsche welle,1982-08,1982-08-01,musicbrainz,1982.0,16054.0,-59
629,"No, No, No",Thalia,1,False,115336829,67805,624,0.0588,,1.0,True,3254878.0,"No, No, No",Thalia,USEL10600012,2006-05-02,250.0,False,-9.9,124.9,428025.0,ep,4.0,Capitol Latin,Latin Music,Latin Music,0.533,0.673,0.696,0.48,0.0,0.345,0.144,125.082,-7.26,0.0,1.0,1qjpqPksHOOIKcwShB08oz,MX,Person,1971,latin pop|latin,2006-01-01,2006-01-01,musicbrainz,2006.0,7500.0,5
630,Sunshine,Lavern,1,False,115115230,40463,686,0.0351,,1.0,True,1588498862.0,Sunshine,Lavern,FRS182125281,2022-01-07,142.0,False,-9.8,,423216.0,single,1.0,Get The Sound,Electro,Electro,0.682,0.552,0.0946,0.814,0.444,0.194,0.0461,111.898,-12.351,2.0,1.0,66BDXKHZOvvz4CwZovEMwH,US,Person,1929,vocal jazz|r&b,2022-01-07,2022-01-07,deezer,2022.0,1650.0,-56
631,Kick It In The Sticks,Brantley Gilbert,1,False,115082242,30964,707,0.0269,,0.94,True,3391406361.0,Kick It In The Sticks (Original Version),Brantley Gilbert,USLXJ1006044,2025-06-06,223.0,False,-8.0,,97010.0,album,13.0,Valory,Country,Country,0.498,0.873,0.531,0.0214,0.0,0.619,0.0824,157.967,-5.086,8.0,0.0,51oKa4mN11ttCPJnWJSvol,US,Person,1985,country rock|contemporary country|rock|country|bro-country,2010-03-16,2010-03-16,musicbrainz,2010.0,5965.0,-76
632,Superman,Morgan Wallen,1,False,114893624,139961,490,0.1218,,1.0,True,3366676201.0,Superman,Morgan Wallen,USUG12501600,2025-05-16,188.0,False,-8.0,,380053.0,album,37.0,Big Loud Records / Mercury Records / Republic Records,Country,Country,0.584,0.732,0.57,0.577,0.0,0.346,0.0312,151.963,-4.566,0.0,0.0,3KC1yCIfkLrRaeeMUEKvg3,US,Person,1993,country|country pop|2020s|racist,2025-05-09,2025-05-09,musicbrainz,2025.0,432.0,142
633,GOOD CREDIT,Playboi Carti,1,False,114800499,78039,608,0.068,,1.0,True,3278625311.0,GOOD CREDIT,Playboi Carti,USUM72414857,2025-03-14,190.0,True,-9.9,,486744.0,album,30.0,AWGE/Interscope Records,Rap/Hip Hop,Rap/Hip Hop,0.744,0.679,0.397,0.0197,3.68e-06,0.856,0.219,145.041,-7.375,0.0,1.0,2n9fC0A4ptmWqYeMXEVaok,US,Person,1995,hip hop|trap|rap|southern hip hop|cloud rap,2025-03-14,2025-03-14,deezer,2025.0,488.0,25
634,Senta e Cala a Boca,Mc Jacaré,1,False,114505085,111856,546,0.0977,,1.0,True,3212653741.0,Senta e Cala a Boca,Mc Jacaré,BKC3C2500004,2025-02-04,147.0,False,0.0,,654383.0,single,1.0,Croco Hits,Soul & Funk,Soul & Funk,0.568,0.614,0.46,0.434,0.0,0.542,0.152,162.56,-1.888,4.0,0.0,2Kffo1xu5Df4OsEvRMOajt,BR,Person,,,,2025-02-04,deezer,2025.0,526.0,88
635,En Kadhal Solla,Yuvan Shankar Raja,1,False,114490316,87858,593,0.0767,,1.0,True,15024739.0,En Kadhal Solla,Yuvan Shankar Raja,INS171100454,2010-11-22,295.0,False,-10.7,,195428.0,ep,6.0,Think Music (India),Indian Music,Indian Music|Films/Games|Film Scores,0.874,0.412,0.56,0.035,0.00684,0.102,0.0313,105.019,-5.746,0.0,0.0,1vzxYeTJ9dTtyJXkNWVJDZ,IN,Person,1979,filmi|film composer,2008-11-22,2008-11-22,musicbrainz,2008.0,6444.0,42
636,Resumindo,Zé Neto & Cristiano,2,True,114478780,133555,500,0.1167,,0.94,True,3766489972.0,Resumindo (Ao Vivo),Zé Neto & Cristiano,BRRGE2500286,2026-01-22,145.0,False,-7.5,,696251.0,album,23.0,Som Livre,Brazilian Music,Brazilian Music,0.717,0.616,0.821,0.862,1.28e-06,0.362,0.0608,97.962,-6.395,4.0,1.0,5jjcA1DCc0ZdABxfL0iaoR,BR,Group,2011,sertanejo|sertanejo universitário,2025-05-22,2025-05-22,musicbrainz,2025.0,419.0,136
637,love race,mgk,1,False,114345542,19707,719,0.0172,,1.0,True,1351134082.0,love race,Machine Gun Kelly,USUM72106268,2021-04-29,188.0,False,-6.8,,450981.0,single,1.0,Bad Boy/Interscope Records,Alternative,Alternative,0.517,0.848,0.429,0.00581,0.0,0.214,0.0521,95.906,-4.054,10.0,1.0,1F9kEuwT29fgqlovIclu81,IT,Group,2000,hard rock,2021-04-29,2021-04-29,deezer,2021.0,1903.0,-82
638,People Watching,Sam Fender,1,False,114337230,172817,437,0.1511,,1.0,True,3087699371.0,People Watching,Sam Fender,GBUM72403268,2024-11-15,304.0,False,-7.7,,664319.0,single,1.0,Polydor Records,Alternative,Alternative,0.475,0.911,0.631,0.00894,0.000484,0.124,0.0656,161.011,-4.591,6.0,1.0,3U3WmUCGFjxXsV3aHqwQr8,GB,Person,1994,alternative rock|indie rock|rock|heartland rock,2024-11-15,2024-11-15,deezer,2024.0,607.0,201
639,Me llamo Raquel,Banda Machos,1,False,113920681,57976,647,0.0509,,1.0,True,3903270.0,Me llamo Raquel,Banda Machos,MXF160001150,2001-05-28,163.0,False,-12.0,183.8,383917.0,album,12.0,WEA Latina,Latin Music,Latin Music,0.618,0.744,0.958,0.166,0.0,0.234,0.0583,177.506,-5.426,0.0,1.0,6sr4ax5EHAsAxC4jjEaZJ0,MX,Orchestra,1990,regional mexicano|technobanda,2000-08-15,2000-08-15,musicbrainz,2000.0,9465.0,-8
640,"Total, ¿Qué Más Da?",Bronco,1,False,113702305,76097,611,0.0669,,0.72,False,,,,,,,,,,,,,,,,,,,,,,,,,,,,MX,Group,1979,,1991,1991-01-01,musicbrainz,1991.0,12979.0,29
641,Do It,Stray Kids,1,False,113486872,270051,305,0.238,,1.0,True,3664415392.0,Do It,Stray Kids,US5TA2500371,2025-11-21,159.0,False,-7.5,,786977.0,ep,5.0,Republic Records - Stray Kids,Asian Music,Asian Music,0.766,0.922,0.734,0.138,1.79e-06,0.0911,0.0611,105.012,-4.239,2.0,1.0,7dYqhbGqx99PT6IJe6agGZ,KR,Group,2017,k-pop|boy group|boy band|electropop|pop rap,2025-11-21,2025-11-21,deezer,2025.0,236.0,336
642,Soleil Bleu,Bleu Soleil,1,False,113463940,179978,425,0.1586,,1.0,True,3278913111.0,Soleil Bleu,Bleu Soleil,FR6F32500820,2025-04-11,246.0,False,-10.2,,993960.0,single,1.0,Wagram Music / Chapter Two Records,French Chanson,French Chanson,0.655,0.578,0.166,0.19,1.71e-05,0.17,0.0439,79.973,-7.172,4.0,0.0,7xWvRVssTTECvWCDNgCzSH,FR,Group,,electronic|pop|bass music|paris|electro dub,2025-04-11,2025-04-11,deezer,2025.0,460.0,217
643,Try That In A Small Town,Jason Aldean,1,False,113435555,54402,658,0.048,,1.0,True,3761255492.0,Try That In A Small Town,Jason Aldean,QMRSZ2300454,2023-11-03,180.0,True,-7.0,,403688.0,album,14.0,Broken Bow Records,Country,Country,0.457,0.861,0.376,0.0583,1.28e-05,0.106,0.0529,145.989,-3.771,0.0,0.0,5BqI4ugJL5WaPRQ6MlC8Ho,US,Person,1977,country|country rock|country pop|contemporary country|bro-country,2023-05-19,2023-05-19,musicbrainz,2023.0,1153.0,-15
644,Enquanto Houver Razões,Jorge & Mateus,2,True,113357418,117319,537,0.1035,,0.94,True,61025816.0,Enquanto Houver Razões (Ao Vivo),Jorge & Mateus,BR3PJ1200025,2012-10-15,191.0,False,-7.5,,607732.0,album,18.0,Som Livre,Brazilian Music,Brazilian Music|Latin Music,0.608,0.878,0.621,0.281,0.0,0.947,0.0714,139.83,-4.549,11.0,1.0,2oRZ5SfQQl34A1rq4yMQQ8,BR,Group,2005,country|sertanejo|sertanejo universitário,2012,2012-01-01,musicbrainz,2012.0,5309.0,107
645,"Monica (From ""Coolie"")",Anirudh Ravichander,1,False,113308503,149895,470,0.1323,,0.94,True,3454788141.0,"Monica (From ""Coolie"") (Tamil)",Anirudh Ravichander,QMDA62550185,2025-07-11,217.0,False,-8.2,,257286.0,single,1.0,Sun Pictures,,,0.82,0.765,0.608,0.0722,5.6e-06,0.0491,0.192,140.101,-4.949,1.0,0.0,7MrdHOL2aoWfT16CncgNei,IN,Person,1990,filmi|composer|film composer,2025-09-10,2025-07-11,deezer,2025.0,369.0,175
646,WALKING AWAY,Justin Bieber,1,False,113192086,298052,280,0.2633,,1.0,True,3454558741.0,WALKING AWAY,Justin Bieber,USUG12506179,2025-07-11,244.0,True,-7.9,,621413.0,album,21.0,"JRC Entertainment, LLC / ILH Production Co. LLC / Def Jam Recordings",Pop,Pop,0.336,0.675,0.755,0.314,0.0,0.0898,0.0565,175.427,-6.841,10.0,1.0,0HLpAMazDHQV9gDxMvTOJG,CA,Person,1994,pop|teen pop|2010s|dance-pop|2020s,2025-07-11,2025-07-11,deezer,2025.0,369.0,366
647,"Mayakkama Kalakkama (From ""Thiruchitrambalam"")",Anirudh Ravichander,1,False,113174046,13682,724,0.0121,,0.723,False,,,,,,,,,,,,,,,,,,,,,,,,,,,,IN,Person,1990,filmi|composer|film composer,,,,,,-77
648,Have You Ever Seen The Rain,Rod Stewart,1,False,113124191,48510,671,0.0429,,1.0,True,69959818.0,Have You Ever Seen The Rain,Rod Stewart,USJAY0600090,2006-10-09,192.0,False,-9.2,114.8,652826.0,album,13.0,J Records,Pop,Pop,0.615,0.808,0.762,0.0183,1.72e-05,0.0744,0.0285,114.995,-6.19,11.0,1.0,7f1X6tauagdeqpfNuNOYWr,GB,Person,1945,rock|blues rock|pop rock|pop|soft rock,2006-10-10,2006-10-09,deezer,2006.0,7219.0,-23
649,P.V.,Victor Mendivil,1,False,113034812,370727,218,0.328,,1.0,True,3456138961.0,P.V.,Victor Mendivil,US3DF2586854,2025-07-24,243.0,True,-10.4,,468642.0,album,18.0,Rico o Muerto by Baja Sound LLC,Latin Music,Latin Music,0.772,0.67,0.392,0.0906,2.42e-06,0.109,0.333,98.1,-8.992,10.0,0.0,24jE1QNIeA9HH3WOaGjE9s,,,,,2025-05-24,2025-05-24,musicbrainz,2025.0,417.0,431
650,Pa Ti,Neton Vega,1,False,112968031,184301,418,0.1631,,1.0,True,3214287531.0,Pa Ti,Neton Vega,US3DF2514823,2025-02-14,198.0,False,-9.6,,450038.0,album,21.0,Josa Records,Latin Music,Latin Music,0.711,0.613,0.319,0.456,0.00648,0.199,0.0307,112.986,-7.743,7.0,0.0,3DGcOWYWHODmgeY5nGnEJ0,MX,Person,2003,regional mexicano|corrido tumbado,2025-02-14,2025-02-14,deezer,2025.0,516.0,232
651,Save the Last Dance for Me,Ben E. King,1,False,112962786,30912,708,0.0274,,1.0,True,2149969477.0,Save The Last Dance For Me,Ben E. King,JPPO01152942,2023-02-22,213.0,False,-9.8,,15611.0,album,10.0,Universal Music LLC,Pop,Pop,0.779,0.543,0.468,0.48,0.000753,0.056,0.0331,124.013,-7.333,5.0,0.0,7qDx0wB4X5Zn0ZKdgwNW3p,US,Person,1938,soul|pop|funk|vocal jazz|jazz pop,1987,1987-01-01,musicbrainz,1987.0,14440.0,-57
652,Baila para Mi,Standly,1,False,112775778,62970,638,0.0558,,1.0,True,1869406997.0,Baila para Mi,Standly,QZNJZ2225192,2022-08-12,164.0,False,-14.8,,352984.0,single,1.0,Standly,Rap/Hip Hop,Rap/Hip Hop,0.833,0.503,0.818,0.225,0.000583,0.116,0.0851,98.037,-10.672,0.0,1.0,2KxfFzjyd5mpJu66s66w2S,,Person,2002,,,2022-08-12,deezer,2022.0,1433.0,14
653,MAMA.CITA (hasta la vista),Luísa Sonza,1,False,112540809,9432,730,0.0084,,1.0,True,2068307567.0,MAMA.CITA (hasta la vista),Luísa Sonza,BRSME2201878,2022-12-21,154.0,False,-8.6,,540382.0,single,1.0,Sony Music Entertainment,,,0.781,0.715,0.717,0.0322,0.0,0.0983,0.0915,129.043,-3.836,3.0,0.0,2m6ZDDrTvDQtKbwNFyI3r5,BR,Person,1998,pop|alternative pop,2022-12-21,2022-12-21,deezer,2022.0,1302.0,-77
654,Noise Rest,Jim Efforts,1,False,112538670,231774,354,0.206,,0.654,False,,,,,,,,,,,,,,,,,,,,,,,,,,,,,,,,,,,,,300
655,Beautiful As You,Thomas Rhett,1,False,112529549,92067,583,0.0818,,1.0,True,2780572851.0,Beautiful As You,Thomas Rhett,QZRD92405047,2024-05-10,163.0,False,-7.8,,396478.0,single,1.0,The Valory Music Co.,Country,Country,0.722,0.725,0.468,0.153,0.0,0.393,0.037,128.007,-4.41,9.0,1.0,28915WmXh9N88LLgbmmkYy,US,Person,1990,country|contemporary country|country pop,2024-05-10,2024-05-10,deezer,2024.0,796.0,72
656,It's Strange,Louis The Child,1,False,112360159,10841,728,0.0096,,1.0,True,110170472.0,It's Strange (feat. K.Flay),Louis The Child,TCACI1515173,2015-10-22,245.0,True,-10.0,86.0,380534.0,single,1.0,Next Wave Records,Electro,Electro|Techno/House|Dance,0.837,0.492,0.417,0.371,0.0397,0.102,0.354,85.951,-7.792,0.0,1.0,4zLgqLMaUfWmV50Ubn2lVv,US,Group,2012,edm|future bass|electronic|pop|dubstep,2015-10-22,2015-10-22,deezer,2015.0,3919.0,-72
657,bunda 🍑,Emilia,1,False,112317094,64938,631,0.0578,,1.0,True,3239684031.0,bunda ?,Emilia,USSD12500053,2025-02-20,224.0,True,-9.2,,499509.0,single,1.0,Sony Music Latin,Pop,Pop|Soul & Funk|Latin Music,0.558,0.584,0.824,0.269,0.0,0.322,0.0529,130.03,-5.454,9.0,0.0,3UEIObvIQMJzF09RWRcqcP,SE,Person,1978,pop,,2025-02-20,deezer,2025.0,510.0,26
658,La nena,Banda Pequeños Musical,1,False,112240419,109956,549,0.098,,0.96,True,6616005.0,La nena,Pequeños Musical,MXF169400014,2009-03-24,174.0,False,-12.2,157.2,415274.0,album,13.0,WM Mexico,Latin Music,Latin Music,0.71,0.831,0.961,0.199,0.0,0.0248,0.0608,157.369,-7.939,0.0,0.0,5OwFcVt4icprLmc5bO9ruK,,Group,,regional mexicano|technobanda,2009-03-24,2009-03-24,deezer,2009.0,6322.0,109
659,Perfecta,Banda Los Recoditos,1,False,112107135,25711,714,0.0229,,1.0,True,653784762.0,Perfecta,Banda Los Recoditos,QMDNX1910468,2019-03-29,209.0,False,-10.6,,391069.0,single,1.0,Banda Los Recoditos DD,Latin Music,Latin Music,0.656,0.492,0.966,0.591,1.89e-06,0.066,0.0342,144.986,-5.959,3.0,1.0,4YO9aERidTIRtBG225jr0l,MX,Orchestra,1989,regional mexicano|banda sinaloense,2019,2019-01-01,musicbrainz,2019.0,2752.0,-55
660,Mentirosa,Hugo & Guilherme,2,True,111307215,198590,400,0.1784,,0.94,True,3128797471.0,Mentirosa (Ao Vivo),Hugo & Guilherme,BKSGS2400031,2024-12-19,165.0,False,0.0,,757598.0,single,1.0,Som Livre,Brazilian Music,Brazilian Music,0.612,0.877,0.714,0.423,0.0,0.233,0.0381,139.983,-3.29,9.0,0.0,0KkSBxOwjan2cBgyYLd7Qq,BR,Group,,,,2024-12-19,deezer,2024.0,573.0,260
661,Angin Rindu,Rony Parulian,1,False,111276010,45700,676,0.0411,,1.0,True,2886766912.0,Angin Rindu,Rony Parulian,IDUM72400134,2024-07-18,258.0,False,-6.7,,105899.0,single,1.0,PT. Universal Music Indonesia,Pop,Pop,0.198,0.583,0.188,0.124,0.0,0.087,0.0353,158.956,-5.383,2.0,1.0,6JDLpBIjNMKCHRsw1ffsUy,ID,Person,2001,,2024-07-18,2024-07-18,deezer,2024.0,727.0,-15
662,CACHORRINHAS,Luísa Sonza,1,False,110956689,10942,727,0.0099,,1.0,True,1821817557.0,CACHORRINHAS,Luísa Sonza,BRSME2200833,2022-07-18,134.0,False,-7.2,,549661.0,single,1.0,Sony Music Entertainment,Pop,Pop,0.709,0.696,0.484,0.16,0.0,0.248,0.275,98.119,-4.837,8.0,0.0,7KWKWJnbGJ3Soag6Oopion,BR,Person,1998,pop|alternative pop,2022-07-18,2022-07-18,deezer,2022.0,1458.0,-65
663,Alégale Al Umpire,Grupo Firme,1,False,110882935,240816,341,0.2172,,1.0,True,3331009081.0,Alégale Al Umpire,Grupo Firme,USA2P2519102,2025-05-08,208.0,False,-9.7,,569746.0,album,14.0,Music VIP Entertainment Presenta Grupo Firme,Latin Music,Latin Music,,,,,,,,,,,,,MX,Group,2014,banda sinaloense|sierreño|regional mexicano|sierreño-banda,2025-05-10,2025-05-08,deezer,2025.0,433.0,322
664,Tonight,PinkPantheress,1,False,110790470,203361,393,0.1836,,1.0,True,3344984921.0,Tonight,PinkPantheress,GBAYE2500032,2025-05-09,174.0,False,-7.6,,644040.0,album,9.0,Warner Records,Pop,Pop,0.726,0.919,0.84,0.0128,0.00143,0.25,0.0894,141.419,-4.441,10.0,0.0,5QCfOMH5K7bS4dH7H7PNeI,GB,Person,2001,uk garage|drum and bass|pop|jungle|alternative pop,2025-04-04,2025-04-04,musicbrainz,2025.0,467.0,271
665,Pass The Nirvana,Pierce The Veil,1,False,110321263,65543,630,0.0594,,1.0,True,2135303807.0,Pass The Nirvana,Pierce The Veil,US5262224867,2023-02-10,197.0,True,-7.1,,485692.0,album,12.0,Fearless Records,Rock,Rock,0.551,0.896,0.645,0.00101,0.0009,0.165,0.0857,143.082,-4.442,2.0,1.0,2BM3Y2LpQ5MpomYzAMNgq2,US,Group,2006,post-hardcore|easycore|rock|melodic hardcore|millennial,2022-09-01,2022-09-01,musicbrainz,2022.0,1413.0,35
666,Tiene,Tobal Mj,1,False,110075540,88005,592,0.0799,,1.0,True,3242155501.0,Tiene,Tobal Mj,CLA1D2500002,2025-02-27,225.0,False,-8.4,,318196.0,single,1.0,Tobal Mj,Rap/Hip Hop,Rap/Hip Hop,0.734,0.611,0.392,0.123,0.000398,0.186,0.0439,98.009,-7.034,0.0,1.0,1KfiYYMCZkP7no8DdkXFDl,CL,Person,,,,2025-02-27,deezer,2025.0,503.0,74
667,Hampstead,Ariana Grande,1,False,109542216,200773,397,0.1833,,1.0,True,3294515111.0,Hampstead,Ariana Grande,USUM72501921,2025-03-28,216.0,False,-10.3,,263855.0,album,19.0,Republic Records,Pop,Pop,0.617,0.273,0.145,0.886,0.0,0.147,0.0257,96.432,-7.732,0.0,1.0,3gY5RBC4rui2FGQNxZPZaE,US,Person,1993,pop|r&b|dance-pop|contemporary r&b|dance,2025-03-27,2025-03-27,musicbrainz,2025.0,475.0,270
668,Ends of the Earth,Ty Myers,1,False,109399717,127575,513,0.1166,,1.0,True,3048625941.0,Ends of the Earth,Ty Myers,USQX92404450,2024-10-18,269.0,False,-9.8,,424649.0,single,1.0,RECORDS Nashville / Columbia / Outlier Recordings,Country,Country,0.648,0.295,0.237,0.261,2.46e-05,0.1,0.0286,129.941,-7.743,9.0,1.0,4Zgw0xTP8TzHXtcm3hWO5l,US,Person,2007,country|americana,2024-10-18,2024-10-18,deezer,2024.0,635.0,155
669,Pusherman,Curtis Mayfield,1,False,109350427,37100,693,0.0339,,1.0,True,741548.0,Pusherman,Curtis Mayfield,USRH10282848,2004-07-27,300.0,True,-14.0,126.4,530859.0,album,11.0,Rhino,R&B,R&B,0.851,0.669,0.911,0.239,0.0852,0.108,0.0379,126.624,-9.562,10.0,1.0,7zrPswSV1yxrill5OyCuaU,US,Person,1942,soul|funk|r&b|chicago soul|psychedelic soul,1972-07,1972-07-01,musicbrainz,1972.0,19737.0,-24
670,Drinkin' Alone,Ty Myers,1,False,109325805,130928,507,0.1198,,1.0,True,2845648472.0,Drinkin' Alone,Ty Myers,USQX92402775,2023-05-12,254.0,False,-9.7,,323135.0,single,1.0,RECORDS Nashville / Columbia,Country,Country,0.446,0.403,0.0779,0.878,0.00306,0.119,0.0296,131.908,-9.393,7.0,1.0,3Ni91Z7QsnmgEUwgdaVZV0,US,Person,2007,country|americana,2024-10-18,2023-05-12,deezer,2023.0,1160.0,163
671,GIMME A HUG,Drake,1,False,109245903,83860,597,0.0768,,1.0,True,3232025591.0,GIMME A HUG,Drake,USLD91772028,2025-02-14,193.0,True,-9.4,,585498.0,album,21.0,OVO Sound,R&B,R&B,0.457,0.671,0.245,0.0643,0.0,0.0772,0.0979,142.95,-5.53,1.0,1.0,5Nz7hI3cCOHmMR4vSLJ1An,CA,Person,1986,hip hop|r&b|pop rap|contemporary r&b|alternative r&b,2025-02-14,2025-02-14,deezer,2025.0,516.0,74
672,malibU,rusowsky,1,False,109207635,215705,374,0.1975,,1.0,True,3348923451.0,malibU,rusowsky,USWB12501234,2025-05-23,215.0,False,-10.5,,707955.0,album,13.0,Rusia-IDK/Warner Records,Latin Music,Latin Music,,,,,,,,,,,,,ES,Person,1999,,2025-05-23,2025-05-23,deezer,2025.0,418.0,298
673,Tonto corazón,Los Acosta,1,False,109021094,108394,553,0.0994,,1.0,True,68095523.0,Tonto corazón,Los Acosta,MXF160100160,2013-06-21,206.0,False,-10.9,103.6,321703.0,album,24.0,WM Mexico,Latin Music,Latin Music,0.595,0.945,0.619,0.00916,6.84e-05,0.205,0.0284,103.759,-1.675,2.0,1.0,7mnmdB1K25tnHCbSFZUe2E,MX,Group,1979,cumbia mexicana|cumbia,1990,1990-01-01,musicbrainz,1990.0,13344.0,120
674,Damocles,Sleep Token,1,False,108875425,132114,504,0.1213,,1.0,True,3330724001.0,Damocles,Sleep Token,USRC12500020,2025-05-09,264.0,False,-9.2,,581271.0,album,10.0,Sleep Token/RCA Records,Alternative,Alternative|Rock|Metal,0.536,0.594,0.266,0.0296,1.19e-06,0.104,0.0319,156.082,-6.722,6.0,1.0,1ulH5PIntNj0ro2K69W4Fx,GB,Group,2016,progressive metal|alternative metal|alternative pop|djent|progressive rock,2025-04-25,2025-04-25,musicbrainz,2025.0,446.0,170
675,CN TOWER,PARTYNEXTDOOR,1,False,108536398,103098,560,0.095,,1.0,True,3232025501.0,CN TOWER,PARTYNEXTDOOR,USLD91772019,2025-02-14,242.0,True,-7.9,,541269.0,album,21.0,OVO Sound,R&B,R&B,0.672,0.412,0.217,0.318,0.0,0.131,0.194,126.921,-7.057,3.0,0.0,4u43I0LP2Xf85OAS85eG0R,CA,Person,1993,r&b|contemporary r&b|alternative r&b|trap soul|canadian,2025-02-14,2025-02-14,deezer,2025.0,516.0,115
676,NO ERA AMOR,DJ Asul,1,False,108409708,222802,366,0.2055,,1.0,True,3747816432.0,NO ERA AMOR,DJ Asul,CA5KR2533353,2025-05-13,83.0,False,-5.1,,398178.0,ep,6.0,INTERTONE,Electro,Electro,0.586,0.918,0.785,0.0336,0.0651,0.232,0.029,130.007,-0.858,1.0,1.0,63eP0T5gXN0xqp5xMrWhhs,SE,Person,,electronic|phonk|brazilian phonk,2025-05-13,2025-05-13,deezer,2025.0,428.0,310
677,FXCK UP THE WORLD,LISA,1,False,108181506,66363,627,0.0613,,1.0,True,3251065581.0,FXCK UP THE WORLD (feat. Future),LISA,USRC12500277,2025-02-28,181.0,True,-9.1,,596917.0,album,15.0,Lloud Co./RCA Records,Asian Music,Asian Music|Pop,0.687,0.663,0.25,0.00598,3.53e-06,0.215,0.0468,146.02,-5.707,2.0,1.0,4rBRRLgdB9DYJhqA9uVcWt,JP,Person,1987,anime|j-pop|j-rock|pop rock,2025-02-28,2025-02-28,deezer,2025.0,502.0,50
678,Amen,Shaboozey,1,False,108071469,179718,426,0.1663,,1.0,True,3339513921.0,Amen,Shaboozey,USUYG1717095,2025-04-24,197.0,False,-7.3,,681044.0,single,1.0,American Dogwood / EMPIRE,Country,Country,0.512,0.859,0.374,0.0361,0.0,0.255,0.0323,170.111,-4.364,7.0,1.0,2iSfSJrho5XkU2NmAnZ9ZV,US,Person,1995,country|hip hop|country pop|stomp and holler,2025,2025-01-01,musicbrainz,2025.0,560.0,252
679,Bad State of Mind,Treaty Oak Revival,1,False,107612336,316308,262,0.2939,,1.0,True,3219747081.0,Bad State of Mind,Treaty Oak Revival,QZDA62588926,2025-02-14,261.0,True,-7.9,,435130.0,single,1.0,Treaty Oak Revival,Country,Country,0.463,0.972,0.393,5.29e-05,0.00899,0.151,0.0945,173.004,-3.917,9.0,0.0,6WYheuwyFXkYkNDQUZm8NE,US,Group,,,2025-02-14,2025-02-14,deezer,2025.0,516.0,417
680,Aquamarine,Addison Rae,1,False,107337373,102169,562,0.0952,,1.0,True,3397850511.0,Aquamarine,Addison Rae,USSM12406242,2025-06-06,163.0,False,-9.1,,625895.0,album,12.0,Columbia,Pop,Pop,0.568,0.827,0.685,0.0765,0.0243,0.096,0.0326,112.035,-8.266,7.0,0.0,3TPKsQTu9jZyzQJiax5rLA,US,Person,2000,pop|dance-pop|teen pop|2020s|trip hop,2024-10-25,2024-10-25,musicbrainz,2024.0,628.0,118
681,Kali Kali Zulfon Ke,Madhur Sharma,1,False,107320116,38476,689,0.0359,,1.0,True,3067190211.0,Kali Kali Zulfon Ke,Madhur Sharma,FRX202114363,2024-10-30,350.0,False,-9.9,,33231.0,single,1.0,Universal Music India Pvt Ltd.,Indian Music,Indian Music,0.439,0.504,0.396,0.708,0.0,0.138,0.0516,153.924,-6.74,7.0,1.0,2kT3iaXNyWpLzIx1DmUsDF,,,,,,2024-10-30,deezer,2024.0,623.0,-8
682,Stupid Cupid,Connie Francis,1,False,107298967,29209,709,0.0272,,1.0,True,4302809.0,Stupid Cupid,Connie Francis,USPR35812018,2000-06-27,133.0,False,-11.9,136.4,496791.0,album,18.0,Spectrum,Pop,Pop,0.596,0.82,0.966,0.78,1.85e-06,0.047,0.0372,135.874,-4.172,3.0,1.0,5G2FFxPjdhSkkNWWjKkxZv,US,Person,1937,pop|american|vocal jazz|traditional pop|brill building,1982,1982-01-01,musicbrainz,1982.0,16266.0,-27
683,You Make Me Feel (Mighty Real),Sylvester,1,False,107186898,39948,688,0.0373,,1.0,True,13151378.0,You Make Me Feel (Mighty Real),Sylvester,GBQRF1037263,2011-07-31,213.0,False,-10.7,128.0,78879.0,album,16.0,Vanilla OMP,Pop,Pop|Disco,0.661,0.93,0.886,0.00898,0.0455,0.0757,0.0289,128.18,-6.635,10.0,1.0,67p4AmymfM5MdF66n4ZGIL,US,Person,1947,soul|disco|funk|hi-nrg|us,1990,1990-01-01,musicbrainz,1990.0,13344.0,-5
684,Heart Of A Woman,Summer Walker,1,False,107165321,93871,580,0.0876,,1.0,True,3050948141.0,Heart Of A Woman,Summer Walker,USUM72412378,2024-10-25,171.0,True,-11.4,,608124.0,single,3.0,LVRN/Interscope Records,R&B,R&B,0.717,0.412,0.556,0.549,0.0,0.146,0.123,129.869,-8.284,9.0,0.0,2jow3uCDOFhZL0ZsAz7zsB,US,Person,1996,soul|r&b|hip hop|neo soul|contemporary r&b,2024-10-25,2024-10-25,deezer,2024.0,628.0,104
685,Wake Up,Fetty Wap,1,False,106956978,9830,729,0.0092,,1.0,True,122996102.0,Wake Up,Fetty Wap,QMCE31600567,2016-04-22,224.0,False,-10.1,179.76,197035.0,single,1.0,300 Entertainment/RGF Productions,Rap/Hip Hop,Rap/Hip Hop,0.654,0.682,0.519,0.215,0.0,0.23,0.141,179.956,-6.089,5.0,1.0,4rvbxROs16M6xM5h3lNKQv,US,Person,1990,hip hop|pop rap|trap|contemporary r&b|2010s,2016-04-22,2016-04-22,deezer,2016.0,3736.0,-44
686,Headphones On,Addison Rae,1,False,106633394,119672,532,0.1122,,1.0,True,3326208711.0,Headphones On,Addison Rae,USSM12501184,2025-04-18,240.0,False,-8.2,,771030.0,single,1.0,Columbia,Pop,Pop,0.605,0.819,0.854,0.0236,0.0166,0.149,0.04,94.01,-7.041,6.0,0.0,3H6xZgwRZx8McVUJzmMxWe,US,Person,2000,pop|dance-pop|teen pop|2020s|trip hop,2025-04-18,2025-04-18,deezer,2025.0,453.0,154
687,Ishqa Ve,Zeeshan Ali,1,False,106450961,365504,221,0.3434,,1.0,True,3495725511.0,Ishqa Ve,Zeeshan Ali,FRX872514264,2025-08-20,207.0,False,-8.1,,225191.0,single,1.0,Openmic Studios,Asian Music,Asian Music,,,,,,,,,,,,,PK,Person,,,2025-08-20,2025-08-20,deezer,2025.0,329.0,466
688,Una Noche Sin Pensar,Sebastian Yatra,1,False,106271351,20675,717,0.0195,,1.0,True,2144414637.0,Una Noche Sin Pensar,Sebastián Yatra,USUM72300897,2023-02-17,161.0,False,-6.7,,448006.0,single,1.0,UMLE - Latino,Pop,Pop|Latin Music,0.676,0.858,0.67,0.0354,0.0,0.211,0.0467,139.998,-2.636,0.0,1.0,2oW52tBeJNSv93Ct5AJb8q,CO,Person,1994,latin pop|latin|reggaeton|pop|colombian,2023-02-17,2023-02-17,deezer,2023.0,1244.0,-29
689,Pal Pal,Afusic,1,False,106242585,214784,376,0.2022,,1.0,True,3232033101.0,Pal Pal,Afusic,AEUM72500015,2025-02-17,147.0,False,-11.6,,437531.0,single,1.0,Afusic,Pop,Pop,0.752,0.596,0.249,0.67,0.00166,0.106,0.0505,105.088,-9.177,5.0,0.0,4LMlVCXHJtCE9abhmn0mYo,IN,Person,,,2025-02-17,2025-02-17,deezer,2025.0,513.0,313
690,X TI,Kapo,1,False,106224438,189080,411,0.178,,1.0,True,3427618611.0,X TI,Kapo,QZDYA1800535,2025-07-03,215.0,True,-8.2,,595057.0,album,15.0,Sony Music Latin/La Industria,African Music,African Music|Rap/Hip Hop|Pop,0.695,0.799,0.737,0.244,4.24e-05,0.0703,0.222,189.951,-2.907,6.0,0.0,4TFjpINnVhINpTdrtNQIvx,,Group,,,2025-07-03,2025-07-03,deezer,2025.0,377.0,279
691,"Matargashti (From ""Tamasha"")",Mohit Chauhan,1,False,106196299,89043,588,0.0838,,1.0,True,3271891061.0,"Matargashti (From ""Tamasha"")",Mohit Chauhan,INS181501794,2025-03-10,328.0,False,-9.4,,97226.0,album,25.0,Super Cassettes Industries Private Limited,Indian Music,Indian Music,0.792,0.63,0.659,0.102,0.0,0.0758,0.0682,100.022,-6.741,0.0,1.0,5GeBgck1MU2tlIkMpsn8uT,IN,Person,1966,indian pop,2015-10-16,2015-10-16,musicbrainz,2015.0,3925.0,103
692,putielegante,Peso Pluma,1,False,105963312,291402,287,0.275,,1.0,True,3729422292.0,putielegante,Peso Pluma,QMFMG2586971,2025-12-25,160.0,True,-7.7,,518164.0,album,15.0,Double P Records,,,0.776,0.881,0.812,0.571,0.00117,0.124,0.0857,138.094,-5.29,4.0,0.0,3Vd3esnuOFB6ohs7LzajCf,MX,Person,1999,regional mexicano|corrido tumbado,2026-02-26,2025-12-25,deezer,2025.0,202.0,405
693,Adiós Amor,Conjunto Primavera,1,False,105417719,129452,509,0.1228,,1.0,True,1758862617.0,Adiós Amor,Conjunto Primavera,USFI20302627,2005-05-31,197.0,False,-6.4,,430495.0,album,12.0,UMLE - Fonovisa,Latin Music,Latin Music,0.637,0.794,0.495,0.129,0.0,0.0696,0.0269,116.104,-1.683,2.0,0.0,3kF19JYd8cesPCvFjSzVxL,MX,Group,1978,norteño|regional mexicano|norteño-sax,2003-08-19,2003-08-19,musicbrainz,2003.0,8366.0,184
694,Le temps de l'amour,Françoise Hardy,1,False,105398517,41029,685,0.0389,,1.0,True,1384472042.0,Le temps de l'amour,Françoise Hardy,FRZ052100153,2021-06-01,191.0,False,-9.6,,739661.0,single,1.0,Columbia,French Chanson,French Chanson|Pop,0.602,0.73,0.521,0.155,0.0,0.294,0.0411,119.062,-7.268,8.0,0.0,5shtZ4h7uNYO1KrBjVcDml,FR,Person,1944,yé-yé|pop|french|baroque pop|chanson française,1962-11-30,1962-11-30,musicbrainz,1962.0,23238.0,9
695,Con Toda La Fe,LOS DOS DE TAMAULIPAS,1,False,105327625,209311,381,0.1987,,1.0,True,3038370381.0,Con Toda La Fe,LOS DOS DE TAMAULIPAS,DGA0P2448849,2024-10-18,144.0,False,-7.9,,411472.0,single,1.0,Afinarte Music,Latin Music,Latin Music,,,,,,,,,,,,,US,Group,,,2025-07-02,2024-10-18,deezer,2024.0,635.0,314
696,ROSE,HANA,1,False,105098761,187018,412,0.1779,,1.0,True,3284976721.0,ROSE,HANA,JPU902500941,2025-04-02,165.0,False,-7.7,,290800.0,single,1.0,Sony Music Labels Inc.,Asian Music,Asian Music,0.748,0.86,0.361,0.0613,0.0,0.095,0.0667,125.024,-3.929,0.0,1.0,3920QegiL2PHmaYYBVwexC,CZ,Person,1946,pop,2025-04-02,2025-04-02,deezer,2025.0,469.0,284
697,Survive,Lewis Capaldi,1,False,104982812,126324,519,0.1203,,1.0,True,3423848071.0,Survive,Lewis Capaldi,DEUM72504276,2025-06-27,225.0,False,-6.5,,762014.0,single,1.0,Vertigo Berlin,Alternative,Alternative,0.589,0.632,0.265,0.0457,0.0,0.0428,0.0316,98.991,-3.892,7.0,1.0,5oQ4EZPvV16BY6oHVBb3rc,GB,Person,1996,pop|singer-songwriter|scottish|blue-eyed soul|2020s,2025-06-27,2025-06-27,deezer,2025.0,383.0,178
698,La culebra,Banda Machos,1,False,104959446,56914,653,0.0542,,1.0,True,6615827.0,La culebra,Banda Machos,MXF160600270,2009-03-24,188.0,False,-12.2,140.2,408443.0,album,13.0,WM Mexico,Latin Music,Latin Music,0.866,0.891,0.96,0.591,2.63e-06,0.0491,0.0849,140.395,-7.382,7.0,1.0,6bJlR3XVNgAOIkKdiKkZz4,MX,Orchestra,1990,regional mexicano|technobanda,1992,1992-01-01,musicbrainz,1992.0,12614.0,45
699,Roundtable Rival,Lindsey Stirling,1,False,104866928,28027,710,0.0267,,1.0,True,4208450672.0,Roundtable Rival,Lindsey Stirling,QMF921450110,2014-05-05,203.0,False,-7.7,,644507.0,album,12.0,Lindseystomp Records,Electro,Electro|Rock,0.498,0.877,0.619,0.00266,0.25,0.411,0.0597,128.069,-3.84,2.0,0.0,7fLOFRCRe1c4kyoLJkNW1w,US,Person,1986,classical crossover|violin|dubstep|classical|american,2014-04-29,2014-04-29,musicbrainz,2014.0,4460.0,-11
700,ダーリン,Mrs. GREEN APPLE,1,False,104520461,166286,441,0.1591,,0.673,False,,,,,,,,,,,,,,,,,,,,,,,,,,,,JP,Group,2013,j-rock|j-pop|pop rock|emi|mrs. green apple,2025-01-19,2025-01-19,musicbrainz,2025.0,542.0,259
701,CRUSH,Playboi Carti,1,False,104502245,57296,651,0.0548,,1.0,True,3278625181.0,CRUSH,Playboi Carti,USUM72414869,2025-03-14,173.0,True,-10.0,,523062.0,album,30.0,AWGE/Interscope Records,Rap/Hip Hop,Rap/Hip Hop,0.432,0.62,0.255,0.202,5.12e-05,0.173,0.0486,139.936,-7.392,7.0,1.0,3VdooJLOy4tLxKpnn46SMP,US,Person,1995,hip hop|trap|rap|southern hip hop|cloud rap,2025-03-14,2025-03-14,deezer,2025.0,488.0,50
702,Chevaliers De Sangreal,Hans Zimmer,1,False,104261625,36314,696,0.0348,,0.94,True,2511688.0,Chevaliers De Sangreal (From The Da Vinci Code Original Motion Picture Soundtrack),Hans Zimmer,USUM70602461,2006-06-22,247.0,False,-13.6,162.1,607002.0,album,14.0,Decca Soundtracks,Films/Games,Films/Games|Film Scores,0.0978,0.223,0.04,0.53,0.965,0.107,0.0344,88.799,-15.884,7.0,0.0,5vpFVpFShjv7fjnc0Vk04t,US,Person,1957,soundtrack|orchestral|modern classical|film composer|cinematic classical,2006-05-09,2006-05-09,musicbrainz,2006.0,7372.0,6
703,MF Gabhru!,Karan Aujla,1,False,104172642,159555,456,0.1532,,1.0,True,3481407371.0,MF Gabhru!,Karan Aujla,CAW112500971,2025-08-01,200.0,True,-7.2,,241735.0,single,1.0,WM Canada,Rap/Hip Hop,Rap/Hip Hop|Rock,0.667,0.911,0.39,0.000836,0.0,0.145,0.0464,95.986,-3.844,11.0,1.0,1jjmRJyc4A8bzH9PlLQdG3,IN,Person,1997,karanaujal,2025-08-22,2025-08-01,deezer,2025.0,348.0,247
704,Face 2 Face,Juice WRLD,1,False,103967179,24590,716,0.0237,,1.0,True,2071895007.0,Face 2 Face,Juice WRLD,USUG12209223,2022-12-15,124.0,False,-8.9,,385262.0,single,1.0,Grade A Productions/Interscope Records,Rap/Hip Hop,Rap/Hip Hop,0.7,0.738,0.433,0.0616,0.0,0.101,0.0313,155.985,-4.47,9.0,1.0,6L4XGeAdRRC32vVJpp8MdM,US,Person,1998,hip hop|emo rap|rap|trap|alternative hip hop,2022-12-15,2022-12-15,deezer,2022.0,1308.0,-12
705,Energía Bacana,Sebastian Yatra,1,False,103844317,33119,704,0.0319,,1.0,True,2444474075.0,Energía Bacana,Sebastián Yatra,USUM72310741,2023-09-15,147.0,False,-7.8,,447269.0,single,1.0,UMLE - Latino,Pop,Pop|Latin Music,0.756,0.739,0.627,0.144,0.0,0.108,0.0508,92.061,-4.378,0.0,1.0,66BJ0C0v3xjYM9GVB6RGxB,CO,Person,1994,latin pop|latin|reggaeton|pop|colombian,2023-09-15,2023-09-15,deezer,2023.0,1034.0,1
706,I'll Take Care of You,"Tyler, The Creator",2,True,103657182,149369,471,0.1441,,1.0,True,3470153011.0,I'll Take Care of You (feat. Yebba),"Tyler, The Creator",USQX92503277,2025-07-21,200.0,True,-8.1,,650345.0,album,10.0,Columbia,Rap/Hip Hop,Rap/Hip Hop,0.712,0.831,0.359,0.565,0.000336,0.109,0.0528,133.794,-4.113,11.0,0.0,4waPZF96vX1Oz5pzH6dB0h,US,Person,1991,hip hop|hardcore hip hop|horrorcore|west coast hip hop|rock,2025-07-21,2025-07-21,deezer,2025.0,359.0,235
707,familie,Mrs. GREEN APPLE,1,False,103558232,48742,670,0.0471,,1.0,True,2929760281.0,familie,Mrs. GREEN APPLE,JPPO02403372,2024-08-08,222.0,False,-6.9,,109651.0,single,1.0,Universal Music LLC,Rock,Rock,0.67,0.827,0.761,0.0516,0.0,0.0357,0.0797,95.472,-4.481,9.0,1.0,4PCQHOJFMV9BWq46UMVf2l,JP,Group,2013,j-rock|j-pop|pop rock|emi|mrs. green apple,2024-08-09,2024-08-08,deezer,2024.0,706.0,37
708,Enough (Miami),Cardi B,1,False,103434782,75254,612,0.0728,,1.0,True,2700509182.0,Enough (Miami),Cardi B,USAT22401679,2024-03-15,158.0,True,-8.1,,435835.0,single,1.0,Atlantic Records,Rap/Hip Hop,Rap/Hip Hop,0.926,0.791,0.473,0.00255,0.0,0.0772,0.273,139.166,-4.553,5.0,1.0,3QZO50euoMql4fSehzRJ3b,US,Person,1992,hip hop|pop|east coast hip hop|alternative pop|hardcore hip hop,2024-03-15,2024-03-15,deezer,2024.0,852.0,96
709,LA REINA,Lola Indigo,1,False,103120483,33447,703,0.0324,,1.0,True,2835962342.0,LA REINA,Lola Indigo,ESUM72400932,2024-06-13,153.0,False,-8.1,,567925.0,single,1.0,Universal Music Spain S.L.,Pop,Pop|Latin Music,0.721,0.731,0.711,0.0146,0.0,0.356,0.0909,128.062,-4.273,11.0,0.0,06JM1fuKPQOrSL6s9mzDvV,ES,Person,1992,latin pop|reggaeton|electropop|dance-pop|funk carioca,2024-06-13,2024-06-13,deezer,2024.0,762.0,6
710,Body Splash,Felipe Araújo,1,False,102994750,36798,694,0.0357,,0.94,True,3069018071.0,Body Splash (Ao Vivo),Felipe Araújo,BRUM72402243,2024-11-08,155.0,False,-6.8,,808738.0,album,8.0,Universal Music Ltda.,Brazilian Music,Brazilian Music,0.602,0.793,0.708,0.723,0.0,0.598,0.0418,116.665,-3.757,1.0,1.0,48Q4K2A5mWTH3j130Jpfme,BR,Person,1995,sertanejo|sertanejo universitário,2024-11-06,2024-11-06,musicbrainz,2024.0,616.0,16
711,Eu Quero Só Você,Jorge & Mateus,2,True,102950678,64073,635,0.0622,,0.94,True,61025821.0,Eu Quero Só Você (Ao Vivo),Jorge & Mateus,BR3PJ1200030,2012-10-15,191.0,False,-6.5,,620558.0,album,18.0,Som Livre,Brazilian Music,Brazilian Music|Latin Music,0.547,0.869,0.351,0.567,0.0,0.962,0.0457,94.492,-4.79,0.0,1.0,7blWdaLlmXMEh4ej2IPP8N,BR,Group,2005,country|sertanejo|sertanejo universitário,2010,2010-01-01,musicbrainz,2010.0,6039.0,76
712,Calma,Jorge & Mateus,2,True,102891385,176384,431,0.1714,,1.0,True,88645053.0,Calma,Jorge & Mateus,BRUXD1400193,2014-10-21,187.0,False,-7.7,130.8,620128.0,single,1.0,Som Livre,Brazilian Music,Brazilian Music,0.692,0.728,0.594,0.579,0.0,0.245,0.0516,130.843,-6.122,1.0,1.0,08S87JhTuW05ewSCeIwvwy,BR,Group,2005,country|sertanejo|sertanejo universitário,2014-10-21,2014-10-21,deezer,2014.0,4285.0,281
713,Don’t Worry I’ll Make You Worry,Sabrina Carpenter,1,False,102585383,138826,492,0.1353,,1.0,True,3529873571.0,Don’t Worry I’ll Make You Worry,Sabrina Carpenter,USUM72504448,2025-08-29,222.0,True,-8.5,,568998.0,album,12.0,Island Records,Pop,Pop,0.455,0.437,0.278,0.458,0.0,0.151,0.0259,89.973,-6.961,1.0,1.0,21IVPfi81m6ywNgOvqTj1i,US,Person,1999,pop|electropop|dance-pop|2020s|american,2025-08-29,2025-08-29,deezer,2025.0,320.0,221
714,"If You Want To Sing Out, Sing Out",Yusuf / Cat Stevens,1,False,102344035,19956,718,0.0195,,1.0,True,1705424157.0,"If You Want To Sing Out, Sing Out",Yusuf / Cat Stevens,GBAAN8400009,2022-04-08,168.0,False,-15.2,,455224.0,album,27.0,UMC (Universal Music Catalogue),Pop,Pop,0.687,0.284,0.851,0.791,0.0145,0.158,0.0355,132.242,-13.452,0.0,1.0,340t55txxJWQmTFK7wARZh,,,,,,2022-04-08,deezer,2022.0,1559.0,-4
715,ZEN,JENNIE,1,False,102184490,131568,506,0.1288,,1.0,True,3262816661.0,ZEN,JENNIE,USQX92500267,2025-03-07,201.0,True,-8.4,,649667.0,album,15.0,OA Entertainment/Columbia,Asian Music,Asian Music|Pop,0.68,0.749,0.182,0.0163,0.00273,0.243,0.0547,107.948,-7.842,6.0,0.0,0BpDXGD919oMdvaNjgVCM3,KR,Person,1996,k-pop|pop|hip hop|rock|dance,2025-01-25,2025-01-25,musicbrainz,2025.0,536.0,209
716,Life Is Simple (Move Your Body) [Feat Salomé Das],Maesic,1,False,102173224,232944,351,0.228,,1.0,True,3249093041.0,Life Is Simple (Move Your Body),Maesic,QZUCN2202170,2025-03-07,172.0,False,-9.9,,816078.0,single,1.0,Helix Records,Dance,Dance,0.755,0.707,0.69,0.445,0.228,0.149,0.104,120.982,-9.766,3.0,0.0,6sgYrldk8IdtSERq4eGZj1,US,Person,,,2025-03-07,2025-03-07,deezer,2025.0,495.0,365
717,Bluest Flame,Selena Gomez,1,False,102168737,81431,602,0.0797,,1.0,True,3285871901.0,Bluest Flame,Selena Gomez,USUG12408963,2025-03-21,162.0,False,-9.9,,638732.0,album,14.0,SMG Music LLC & Friends Keep Secrets under exclusive license to Interscope Records,Pop,Pop,0.819,0.612,0.463,0.0109,0.0267,0.109,0.0909,135.617,-7.305,7.0,0.0,6vuVCtwukUA57ioTnKKeuL,US,Person,1992,pop|dance-pop|electropop|teen pop|rock,2025-03-19,2025-03-19,musicbrainz,2025.0,483.0,115
718,Someone That Loves You,HONNE,1,False,101984959,12941,725,0.0127,,1.0,True,121804864.0,Someone That Loves You,HONNE,GBAHS1600143,2016-04-08,244.0,False,-7.3,104.93,414563.0,single,1.0,Atlantic Records UK,Alternative,Alternative,0.531,0.728,0.418,0.0416,7.19e-06,0.135,0.063,104.978,-4.985,6.0,0.0,1yraET52i6ZkrvvrmKNyn6,GB,Group,2014,,2016,2016-01-01,musicbrainz,2016.0,3848.0,-7
719,Calmed By Rest,Jim Efforts,1,False,101945055,123376,522,0.121,,0.0,False,,,,,,,,,,,,,,,,,,,,,,,,,,,,,,,,,,,,,197
720,Reliquia,ROSALÍA,1,False,101904014,151794,466,0.149,,1.0,True,3640140902.0,Reliquia,ROSALÍA,USSM12504030,2025-11-07,229.0,False,-11.0,,695059.0,album,15.0,Columbia,Alternative,Alternative,0.502,0.424,0.576,0.871,0.00137,0.154,0.162,104.017,-8.463,0.0,1.0,4ORvXsPK9AJmDzm36BYcdy,ES,Person,1992,flamenco|reggaeton|spanish|female vocals|latin pop,2025-11-04,2025-11-04,musicbrainz,2025.0,253.0,254
721,クスシキ,Mrs. GREEN APPLE,1,False,101705760,101560,565,0.0999,,0.65,False,,,,,,,,,,,,,,,,,,,,,,,,,,,,JP,Group,2013,j-rock|j-pop|pop rock|emi|mrs. green apple,2025-04-05,2025-04-05,musicbrainz,2025.0,466.0,156
722,Namumula,Maki,1,False,101410876,52576,663,0.0518,,1.0,True,2958376911.0,Namumula,Maki,PHS032402779,2024-08-30,174.0,True,-10.5,,160551.0,single,1.0,Tarsier Records,Alternative,Alternative|Indie Pop,0.568,0.611,0.478,0.0239,0.0,0.159,0.0392,75.979,-8.202,0.0,1.0,5OAGg2B2BjxzpiEcuzaCkZ,JP,Character,,,2024-08-30,2024-08-30,deezer,2024.0,684.0,59
723,bckpckbyz,Peso Pluma,1,False,100921984,252063,329,0.2498,,1.0,True,3729422402.0,bckpckbyz,Peso Pluma,QMFMG2587014,2025-12-25,223.0,True,-8.0,,446201.0,album,15.0,Double P Records,,,0.699,0.743,0.797,0.616,0.000444,0.205,0.0428,90.016,-6.339,5.0,0.0,1x5h3eMg6pmC7P9EVF18Pc,MX,Person,1999,regional mexicano|corrido tumbado,2026-02-26,2025-12-25,deezer,2025.0,202.0,394
724,Sei tocar violão,Clayton & Romário,2,True,100833736,32979,705,0.0327,,0.94,True,2992024051.0,Sei Tocar Violão (Ao Vivo),Clayton & Romário,BCYWS2400021,2024-09-26,164.0,False,-7.4,,632777.0,single,3.0,WM Brazil,Brazilian Music,Brazilian Music,0.642,0.773,0.608,0.64,0.0,0.448,0.0407,108.035,-4.014,0.0,0.0,2KdyhL41F9solmRiyLQ3yl,,Group,,,2025-02-06,2024-09-26,deezer,2024.0,657.0,19
725,Bintang 5,Tenxi,1,False,100811879,138534,493,0.1374,,1.0,True,3506623421.0,Bintang 5,TENXI,QMDA72560810,2025-08-29,246.0,False,-10.3,,174342.0,album,13.0,AntiNRML,Rap/Hip Hop,Rap/Hip Hop,0.613,0.461,0.485,0.518,0.00218,0.214,0.0454,137.98,-5.656,8.0,1.0,0HoWTALX2BktSIrSmflWSP,ID,Person,2000,hip hop,2025-08-29,2025-08-29,deezer,2025.0,320.0,232
726,Bete Balanço,Barão Vermelho,1,False,100802110,50986,666,0.0506,,1.0,True,11085356.0,Bete Balanço,Barão Vermelho,BRRGE8400009,1984-01-01,213.0,False,-13.5,117.1,735359.0,album,11.0,Som Livre,Brazilian Music,Brazilian Music|Latin Music,0.782,0.705,0.902,0.416,0.00179,0.0743,0.038,116.967,-9.16,11.0,0.0,0SrDqCmn2ClzEzNkAZYc2Y,BR,Group,1981,,1984,1984-01-01,deezer,1984.0,15536.0,60
727,Dance With My Father,Luther Vandross,1,False,100667340,37443,691,0.0372,,1.0,True,15397232.0,Dance With My Father,Luther Vandross,USJAY0300056,2003-06-10,266.0,False,-14.5,162.13,489521.0,album,14.0,J Records,R&B,R&B,0.739,0.341,0.231,0.525,1.1e-06,0.072,0.0378,80.958,-9.971,10.0,1.0,7snmvZMLdGGk3l9PcvoYSM,US,Person,1951,soul|r&b|quiet storm|queer|pop,2002,2002-01-01,musicbrainz,2002.0,8961.0,36
728,Piel Morena,Thalia,1,False,100633015,41238,684,0.041,,1.0,True,3255362.0,Piel Morena,Thalia,MXF060100285,2004-02-10,282.0,False,-9.7,180.5,469235.0,album,16.0,Capitol Latin,Latin Music,Latin Music,0.738,0.866,0.898,0.312,0.0,0.0332,0.126,180.784,-4.257,2.0,0.0,2SskegvRkUbZA6HgOxpkdf,MX,Person,1971,latin pop|latin,1995,1995-01-01,musicbrainz,1995.0,11518.0,44
729,Clave Privada,Banda El Recodo,1,False,100615715,141056,488,0.1402,,0.96,True,564956292.0,Clave Privada,Banda El Recodo De Cruz Lizárraga,TCADQ1892383,2018-10-12,175.0,False,-9.9,196.88,196559.0,album,12.0,Banda El Recodo2 DD,Latin Music,Latin Music,0.827,0.498,0.968,0.499,0.0,0.0757,0.0391,98.512,-5.831,8.0,1.0,58M23yvItJBuCsxdT3MYXO,MX,Orchestra,1938,regional mexicano|banda sinaloense|latin|banda,1996-02-27,1996-02-27,musicbrainz,1996.0,11096.0,241
730,with the IE (way up),JENNIE,1,False,100284982,103544,559,0.1032,,1.0,True,3262816621.0,with the IE (way up),JENNIE,USQX92500263,2025-03-07,163.0,True,-6.8,,610046.0,album,15.0,OA Entertainment/Columbia,Asian Music,Asian Music|Pop,0.691,0.811,0.79,0.0604,3.45e-05,0.0451,0.198,90.115,-1.281,1.0,1.0,1i6BItuKCtaHiigEKQovXb,KR,Person,1996,k-pop|pop|hip hop|rock|dance,2025-03-07,2025-03-07,deezer,2025.0,495.0,171
